country,diet_type,electricity_kwh_month,heating_fuel,num_household_members,waste_recycling_pct,vehicle_type,daily_commute_km,annual_flights_short,annual_flights_long,public_transport_hrs_week,cycling_walking_pct,carbon_emissions_tonnes
USA,Heavy Meat,404,Natural Gas,1,78,None,18.4,1,2,1.0,13,10.415
Germany,Omnivore,437,Natural Gas,2,1,Diesel,30.8,1,1,4.7,12,7.94
India,Omnivore,163,Natural Gas,5,35,Petrol,21.7,2,0,17.5,29,3.472
Russia,Vegetarian,164,Wood,2,0,Petrol,15.6,1,0,21.7,11,3.477
India,Heavy Meat,481,Natural Gas,2,63,Petrol,39.8,2,0,2.0,41,9.323
Mexico,Omnivore,352,Electric,4,23,Diesel,14.8,1,0,0.2,0,3.672
Germany,Heavy Meat,218,Natural Gas,1,2,Petrol,3.5,5,2,11.3,10,11.132
China,Omnivore,341,Electric,3,46,Petrol,2.6,2,1,2.3,24,4.384
China,Omnivore,309,Natural Gas,2,29,None,5.5,1,1,5.6,9,7.692
Canada,Omnivore,565,Natural Gas,4,74,Petrol,4.1,0,1,0.1,0,4.534
Japan,Pescatarian,173,Natural Gas,2,78,Petrol,51.7,3,1,1.4,30,8.116
USA,Omnivore,380,Oil,3,47,Petrol,3.5,2,0,5.4,62,4.992
Japan,Pescatarian,167,Oil,3,59,None,21.4,1,0,1.5,42,3.647
Japan,Omnivore,943,Natural Gas,4,42,Petrol,0.5,1,3,0.1,22,8.153
South Korea,Heavy Meat,229,Wood,2,59,Petrol,16.3,3,2,3.7,32,7.187
Australia,Omnivore,128,Wood,5,16,None,14.3,5,0,2.4,28,2.227
India,Omnivore,95,Natural Gas,1,48,None,8.9,0,1,1.2,10,5.914
India,Omnivore,759,Heat Pump,3,55,Petrol,31.7,1,0,0.1,9,8.921
India,Pescatarian,344,Oil,2,0,None,26.8,3,0,7.1,33,5.786
UK,Vegetarian,24,Electric,2,14,Hybrid,20.2,0,0,4.9,48,2.389
Japan,Pescatarian,324,Electric,5,24,Hybrid,9.8,4,2,0.4,30,4.097
India,Omnivore,211,Oil,3,61,None,26.6,2,3,2.3,11,6.633
Russia,Heavy Meat,601,Natural Gas,5,29,Diesel,35.0,2,0,11.8,19,5.317
South Korea,Heavy Meat,694,Natural Gas,2,66,Hybrid,27.9,2,1,4.0,44,8.675
USA,Vegetarian,361,Natural Gas,1,25,EV,1.5,2,0,21.6,0,5.995
Norway,Heavy Meat,196,Electric,3,34,None,2.4,1,1,0.6,31,3.311
South Africa,Omnivore,276,Wood,2,50,None,0.2,1,3,4.0,25,8.328
Brazil,Omnivore,762,Heat Pump,1,20,Petrol,60.1,3,0,3.1,45,8.35
India,Heavy Meat,87,Oil,2,49,None,34.6,6,0,2.4,30,4.068
USA,Heavy Meat,337,Electric,2,46,Petrol,40.0,7,1,15.4,0,8.45
Australia,Omnivore,183,Electric,4,32,Diesel,38.2,3,0,0.1,37,4.384
Canada,Pescatarian,487,Electric,5,0,Petrol,14.4,5,2,3.1,24,4.428
China,Omnivore,274,Natural Gas,2,38,Petrol,20.5,1,1,5.5,16,8.103
India,Pescatarian,185,Natural Gas,3,26,Petrol,9.1,2,2,10.3,42,5.157
South Africa,Pescatarian,217,Electric,2,9,Diesel,27.5,0,0,6.2,25,5.559
Germany,Vegetarian,594,Natural Gas,2,0,Petrol,7.8,1,0,11.1,58,5.643
Nigeria,Omnivore,305,Oil,3,18,Petrol,6.7,2,0,21.5,0,3.871
India,Pescatarian,204,Natural Gas,2,27,None,1.7,3,0,17.4,29,4.297
China,Pescatarian,381,Electric,2,45,EV,4.1,2,0,0.6,0,4.868
France,Pescatarian,959,Natural Gas,1,0,Petrol,92.0,2,2,3.2,0,15.099
Russia,Heavy Meat,320,Natural Gas,4,42,Hybrid,36.9,1,0,0.9,32,4.894
Japan,Omnivore,448,Wood,3,31,Diesel,12.4,2,0,11.5,41,3.602
Mexico,Omnivore,120,Oil,3,68,Diesel,44.9,1,0,1.4,55,4.143
Indonesia,Omnivore,537,Natural Gas,4,28,EV,20.5,2,0,1.0,28,5.006
USA,Omnivore,321,Natural Gas,5,100,None,16.7,3,1,2.8,28,3.889
Russia,Omnivore,879,Natural Gas,2,53,None,0.1,1,2,2.1,18,10.113
China,Omnivore,257,Electric,5,33,Diesel,17.4,1,1,16.2,19,3.51
India,Heavy Meat,890,Oil,2,41,None,4.6,1,1,0.3,19,12.074
Germany,Omnivore,528,Natural Gas,5,0,None,9.3,2,0,0.8,43,3.95
India,Pescatarian,418,Natural Gas,4,11,Petrol,21.2,1,0,6.4,29,4.892
USA,Omnivore,203,Natural Gas,1,16,Petrol,0.5,1,0,11.2,14,6.664
China,Omnivore,113,Electric,3,55,Diesel,7.0,2,1,11.2,18,4.492
India,Omnivore,762,Natural Gas,4,56,None,14.9,1,0,12.3,28,6.035
China,Omnivore,480,Natural Gas,1,51,None,41.4,3,1,2.4,12,12.13
India,Omnivore,322,Natural Gas,2,21,Diesel,25.4,2,3,0.2,37,9.424
India,Omnivore,103,Natural Gas,1,64,EV,13.7,2,3,4.5,10,9.509
Russia,Vegetarian,282,Electric,5,55,EV,32.9,3,1,22.0,33,3.015
China,Omnivore,156,Heat Pump,5,66,Diesel,39.6,3,1,0.6,29,3.885
USA,Omnivore,265,Oil,2,29,Hybrid,43.4,2,1,10.4,39,7.742
Sweden,Heavy Meat,523,Electric,3,22,None,82.8,2,1,0.6,0,3.487
China,Pescatarian,288,Oil,2,45,None,30.9,0,0,10.6,24,6.874
Brazil,Pescatarian,319,Electric,2,52,Petrol,5.0,2,0,17.4,53,2.482
Australia,Pescatarian,216,Electric,3,55,Hybrid,1.9,2,4,4.0,21,6.358
USA,Omnivore,288,Natural Gas,4,84,Petrol,38.1,3,0,5.7,0,4.92
Indonesia,Omnivore,460,Oil,4,50,Hybrid,22.8,2,2,8.7,17,6.027
South Africa,Pescatarian,362,Natural Gas,2,50,Hybrid,79.5,2,1,0.6,29,10.394
South Korea,Omnivore,396,Heat Pump,4,44,Petrol,7.2,1,1,4.8,13,3.957
South Africa,Vegan,604,Electric,2,38,None,11.1,1,2,0.4,47,9.494
China,Heavy Meat,260,Electric,3,11,Diesel,6.4,3,0,0.2,0,4.703
Indonesia,Omnivore,349,Wood,4,51,Hybrid,2.8,0,3,0.6,32,5.478
USA,Pescatarian,193,Natural Gas,4,39,Petrol,12.1,0,0,2.5,74,2.985
China,Omnivore,354,Electric,1,51,Petrol,86.3,1,1,4.1,7,14.021
USA,Vegan,266,Electric,4,21,None,4.5,1,2,13.8,26,3.225
Canada,Heavy Meat,452,Wood,1,55,None,15.9,3,1,0.3,11,6.76
Indonesia,Pescatarian,380,Electric,3,25,EV,5.2,3,1,0.2,19,4.652
Indonesia,Omnivore,225,Natural Gas,6,79,Petrol,40.4,3,2,1.6,41,4.921
China,Omnivore,558,Oil,5,59,Petrol,5.4,3,0,10.2,40,4.892
USA,Omnivore,241,Natural Gas,4,12,Petrol,29.7,0,1,1.3,0,5.037
Norway,Omnivore,404,Natural Gas,2,5,Petrol,26.7,4,1,0.6,23,7.828
Germany,Heavy Meat,420,Electric,1,37,Petrol,86.3,1,3,3.6,66,16.718
India,Vegan,497,Oil,6,14,Petrol,22.3,2,3,3.4,44,6.123
France,Vegan,324,Natural Gas,4,51,Diesel,21.1,0,2,18.9,45,3.974
Nigeria,Omnivore,388,Natural Gas,4,48,None,28.7,3,1,2.0,0,3.568
Australia,Omnivore,113,Natural Gas,1,32,Hybrid,22.1,2,1,3.3,0,7.084
France,Omnivore,560,Oil,6,54,Petrol,4.4,0,2,13.1,9,3.799
UK,Omnivore,166,Electric,2,12,Hybrid,25.2,1,0,1.0,5,3.884
Germany,Omnivore,318,Heat Pump,3,16,None,16.0,0,2,8.6,19,4.651
China,Omnivore,506,Natural Gas,2,32,EV,6.4,3,1,4.4,35,8.602
Indonesia,Pescatarian,523,Natural Gas,2,80,Hybrid,13.7,1,1,2.8,44,7.627
Italy,Vegetarian,342,Natural Gas,1,26,Petrol,44.9,1,0,2.2,25,8.239
India,Heavy Meat,330,Oil,3,1,Petrol,8.1,5,0,4.1,5,5.81
Germany,Vegetarian,608,Oil,4,32,None,5.3,1,3,3.7,10,6.321
South Africa,Vegetarian,377,Natural Gas,2,54,Petrol,8.9,0,2,2.5,68,8.34
Germany,Heavy Meat,333,Natural Gas,5,39,Petrol,34.0,5,0,2.6,35,4.423
USA,Heavy Meat,493,Wood,5,51,Diesel,18.6,1,1,0.8,12,4.069
India,Vegetarian,302,Electric,2,53,Diesel,11.6,0,1,4.8,5,5.747
India,Omnivore,199,Natural Gas,4,38,None,5.5,1,0,0.5,17,2.967
Germany,Heavy Meat,365,Electric,3,69,Diesel,2.8,2,0,2.7,35,3.791
Nigeria,Vegan,213,Natural Gas,4,0,Petrol,15.3,1,0,18.6,5,2.281
Germany,Omnivore,145,Oil,3,38,Diesel,10.0,5,1,1.5,23,5.916
Japan,Omnivore,337,Natural Gas,3,59,Petrol,26.7,2,0,6.3,8,5.752
China,Omnivore,410,Natural Gas,1,68,Hybrid,28.9,1,0,17.2,44,10.421
Brazil,Omnivore,246,Oil,3,33,Diesel,0.9,4,1,8.4,7,3.671
USA,Heavy Meat,211,Electric,3,7,None,5.5,0,0,10.9,0,3.242
Norway,Heavy Meat,441,Wood,4,19,EV,21.4,1,2,0.9,32,3.615
Norway,Pescatarian,526,Electric,3,40,Diesel,7.1,5,1,1.4,20,3.565
Sweden,Pescatarian,630,Natural Gas,2,49,EV,16.2,0,1,6.8,0,5.145
India,Omnivore,185,Wood,3,0,Diesel,10.6,1,1,7.9,28,4.296
UK,Omnivore,313,Electric,3,22,Hybrid,32.7,2,0,0.3,47,3.407
Canada,Omnivore,40,Natural Gas,3,60,Petrol,5.0,5,2,2.6,17,6.749
France,Omnivore,224,Natural Gas,1,12,None,6.4,3,0,10.3,17,6.032
Sweden,Omnivore,153,Oil,3,38,Diesel,26.2,1,1,7.0,32,6.587
India,Vegetarian,167,Heat Pump,2,17,Petrol,28.5,2,1,0.3,0,6.021
USA,Heavy Meat,303,Natural Gas,3,52,Petrol,26.2,3,1,17.9,0,6.734
India,Pescatarian,194,Electric,3,19,Petrol,39.3,1,1,0.4,3,4.605
India,Heavy Meat,365,Electric,4,62,Diesel,1.3,3,1,1.5,15,4.829
South Africa,Omnivore,345,Wood,2,33,Diesel,84.0,1,0,3.1,26,9.43
UK,Vegetarian,482,Oil,6,52,Petrol,14.8,2,2,12.3,0,4.446
Australia,Omnivore,440,Natural Gas,6,29,Petrol,4.5,2,0,2.9,10,3.574
Mexico,Heavy Meat,380,Heat Pump,4,40,Hybrid,3.6,2,0,4.1,60,3.473
Mexico,Vegetarian,186,Wood,3,54,EV,7.5,3,1,2.0,35,3.005
Norway,Vegetarian,214,Electric,4,29,Hybrid,19.4,4,0,5.6,48,1.986
India,Pescatarian,235,Natural Gas,3,53,Hybrid,14.4,1,0,1.8,35,3.694
Indonesia,Omnivore,401,Heat Pump,4,67,Hybrid,2.4,3,0,18.8,21,3.695
India,Omnivore,260,Natural Gas,5,50,EV,32.7,0,2,8.8,38,4.207
India,Omnivore,174,Natural Gas,3,42,Petrol,18.2,1,1,11.7,33,5.091
Brazil,Heavy Meat,420,Electric,6,23,None,14.7,0,2,0.5,30,3.138
Norway,Heavy Meat,405,Natural Gas,3,100,EV,18.4,4,1,3.6,20,5.168
UK,Omnivore,312,Electric,3,53,Petrol,5.9,2,0,1.6,0,3.014
Brazil,Omnivore,306,Natural Gas,2,3,Petrol,2.3,3,0,13.4,9,3.146
Brazil,Vegetarian,309,Electric,4,0,None,2.8,1,0,2.6,30,1.507
Brazil,Omnivore,225,Natural Gas,3,43,Hybrid,2.4,2,0,2.7,22,2.337
India,Omnivore,319,Natural Gas,3,51,Petrol,20.2,4,1,3.8,0,6.119
UK,Omnivore,83,Oil,4,58,Hybrid,11.2,2,1,8.0,30,4.268
Russia,Omnivore,432,Electric,4,0,Hybrid,9.4,1,0,11.0,5,3.107
India,Omnivore,125,Electric,2,70,Hybrid,18.6,1,1,5.8,24,4.586
India,Omnivore,277,Natural Gas,2,50,Petrol,0.5,2,1,15.6,38,5.993
Brazil,Heavy Meat,277,Natural Gas,3,51,Petrol,16.1,4,0,1.1,21,3.342
China,Heavy Meat,82,Natural Gas,3,58,Hybrid,13.4,4,1,2.5,24,5.906
Germany,Pescatarian,335,Natural Gas,4,84,Petrol,31.6,3,2,10.0,0,6.25
China,Pescatarian,211,Electric,3,74,None,79.0,5,0,9.6,48,3.387
Mexico,Vegetarian,273,Electric,5,65,Petrol,13.0,3,0,2.2,12,2.73
China,Heavy Meat,464,Natural Gas,4,52,None,27.0,1,2,9.4,9,6.851
UK,Vegetarian,106,Natural Gas,1,0,None,59.0,0,2,0.4,54,7.538
Canada,Vegetarian,269,Natural Gas,2,22,None,53.0,2,1,5.1,26,5.771
USA,Omnivore,31,Electric,1,44,Hybrid,5.5,5,1,3.4,11,6.474
Brazil,Vegetarian,184,Electric,1,68,Petrol,24.6,0,1,1.4,7,5.764
India,Omnivore,419,Oil,5,27,Diesel,48.1,2,1,2.5,53,6.294
India,Pescatarian,467,Oil,6,70,EV,7.1,0,2,2.2,25,4.863
USA,Omnivore,216,Natural Gas,4,9,Diesel,34.5,2,1,1.2,44,5.666
China,Vegetarian,535,Electric,2,60,EV,4.4,2,0,0.6,0,5.054
Poland,Vegan,116,Natural Gas,3,11,Diesel,10.4,2,1,3.7,1,5.42
Nigeria,Omnivore,365,Natural Gas,4,40,None,2.6,1,0,7.4,0,3.051
USA,Vegan,472,Wood,1,6,None,30.6,3,0,1.3,22,4.585
South Africa,Omnivore,296,Natural Gas,2,45,Petrol,4.4,1,2,8.3,0,9.137
Australia,Omnivore,402,Electric,5,34,EV,1.3,1,1,0.7,25,4.109
China,Omnivore,219,Wood,3,45,Diesel,11.3,0,0,2.9,33,3.408
China,Heavy Meat,300,Electric,3,48,Petrol,19.5,3,4,0.9,61,8.449
China,Omnivore,169,Oil,3,51,Petrol,0.2,2,1,1.9,34,6.62
India,Omnivore,290,Natural Gas,2,27,Diesel,50.4,1,1,2.5,29,8.3
South Korea,Omnivore,516,Electric,2,25,Hybrid,5.5,2,1,0.2,16,6.359
South Korea,Omnivore,712,Oil,2,0,Diesel,44.9,4,1,4.5,13,10.538
Indonesia,Pescatarian,295,Wood,4,57,Petrol,23.7,2,2,2.8,38,4.614
India,Heavy Meat,194,Natural Gas,1,14,EV,68.1,2,1,1.8,48,8.376
Norway,Pescatarian,430,Heat Pump,4,33,Diesel,17.9,1,1,0.9,33,3.309
South Korea,Vegan,404,Oil,4,2,Petrol,14.4,4,1,12.7,46,5.411
Indonesia,Omnivore,218,Natural Gas,6,53,None,24.2,4,0,7.7,10,3.044
India,Heavy Meat,284,Oil,4,51,Diesel,68.2,0,1,9.9,34,6.281
France,Omnivore,225,Wood,4,18,EV,5.8,4,1,4.0,4,2.706
USA,Omnivore,522,Natural Gas,4,18,Petrol,11.3,2,0,14.5,52,4.869
Japan,Pescatarian,593,Natural Gas,2,27,Diesel,78.6,0,1,17.6,20,10.108
South Africa,Omnivore,91,Natural Gas,2,16,Diesel,6.3,3,0,0.4,23,5.176
India,Omnivore,587,Natural Gas,6,71,Petrol,22.5,2,0,4.6,20,5.06
France,Omnivore,179,Electric,2,82,Diesel,63.2,2,2,0.0,7,7.611
South Africa,Heavy Meat,109,Oil,1,29,Hybrid,19.0,2,0,1.1,32,8.99
India,Pescatarian,198,Natural Gas,3,18,EV,18.7,1,5,1.1,53,7.968
South Africa,Omnivore,265,Electric,3,24,Petrol,9.2,4,0,6.1,0,4.25
Japan,Heavy Meat,225,Natural Gas,3,0,Petrol,13.5,1,1,5.3,11,5.491
India,Vegetarian,384,Wood,4,14,Petrol,6.8,1,1,2.2,45,4.414
Nigeria,Omnivore,150,Heat Pump,5,5,Petrol,10.0,2,3,6.9,66,4.169
India,Omnivore,386,Natural Gas,2,17,Petrol,25.4,2,0,0.1,10,6.855
India,Pescatarian,844,Natural Gas,2,50,Petrol,5.0,4,1,6.1,25,10.805
USA,Heavy Meat,385,Electric,1,95,Petrol,3.1,2,1,3.5,19,7.983
Sweden,Vegetarian,905,Oil,2,12,Petrol,25.7,5,1,1.0,8,8.308
USA,Heavy Meat,286,Wood,2,41,Diesel,68.9,0,1,2.4,19,8.192
Italy,Omnivore,157,Natural Gas,1,22,Diesel,12.5,3,0,5.4,20,7.003
Sweden,Omnivore,194,Electric,4,42,EV,32.5,1,1,6.8,16,2.81
Mexico,Omnivore,324,Oil,5,47,Hybrid,20.0,1,1,1.1,3,3.391
China,Omnivore,295,Natural Gas,4,62,Diesel,34.5,3,0,14.0,0,5.988
China,Pescatarian,163,Natural Gas,4,57,None,30.1,2,1,2.8,31,4.091
India,Omnivore,410,Natural Gas,5,32,None,34.9,2,0,0.5,40,4.073
Indonesia,Heavy Meat,163,Natural Gas,4,33,Hybrid,7.5,2,2,0.2,32,4.979
France,Omnivore,333,Heat Pump,4,66,Diesel,24.6,1,3,3.8,37,5.127
Brazil,Vegetarian,706,Natural Gas,5,27,Petrol,13.9,3,0,5.1,0,2.254
Canada,Omnivore,464,Natural Gas,4,51,Hybrid,24.1,5,0,4.3,32,4.594
France,Omnivore,227,Electric,1,36,Hybrid,42.6,2,2,6.7,42,8.75
Italy,Vegan,333,Electric,4,60,Petrol,8.2,0,4,2.4,21,4.448
China,Vegetarian,255,Oil,6,33,Diesel,6.5,2,0,0.7,9,3.545
Australia,Vegetarian,394,Natural Gas,5,26,Petrol,1.7,2,1,4.3,1,3.84
Brazil,Omnivore,181,Natural Gas,4,39,Petrol,10.8,3,2,3.9,19,4.25
China,Omnivore,285,Wood,2,82,None,10.4,2,0,1.1,63,4.632
UK,Omnivore,340,Oil,1,2,Hybrid,4.1,1,0,8.7,32,7.247
South Korea,Omnivore,242,Natural Gas,1,15,Hybrid,37.3,2,0,1.2,17,8.501
China,Vegan,341,Oil,2,49,Diesel,8.7,0,1,0.2,6,7.497
China,Heavy Meat,66,Natural Gas,3,0,Diesel,18.2,4,0,1.1,27,4.971
Brazil,Heavy Meat,378,Natural Gas,3,100,Diesel,36.5,1,0,1.4,29,3.42
China,Pescatarian,523,Oil,1,27,EV,5.4,4,0,8.8,55,12.268
China,Omnivore,377,Electric,4,44,Petrol,37.7,4,1,6.3,42,6.257
Italy,Omnivore,210,Natural Gas,2,34,None,54.8,1,1,0.5,31,4.921
India,Heavy Meat,306,Electric,4,0,EV,28.0,4,0,1.2,6,4.819
USA,Heavy Meat,503,Natural Gas,2,12,Petrol,11.2,1,1,1.7,0,7.602
Brazil,Omnivore,456,Oil,4,42,None,34.4,3,0,0.1,34,2.416
India,Omnivore,162,Natural Gas,1,37,Hybrid,26.9,0,1,0.5,30,7.392
China,Heavy Meat,87,Natural Gas,4,18,Diesel,5.1,2,0,8.7,23,4.643
USA,Omnivore,212,Natural Gas,3,65,Diesel,36.8,1,2,3.1,33,6.588
India,Heavy Meat,347,Electric,3,88,Petrol,21.4,3,0,0.6,37,5.648
Japan,Vegetarian,416,Wood,4,0,Hybrid,9.4,1,0,2.7,48,3.202
India,Omnivore,239,Natural Gas,3,31,Petrol,42.3,1,1,15.9,32,6.199
Russia,Heavy Meat,557,Oil,3,75,Hybrid,11.2,2,2,2.8,39,8.367
China,Heavy Meat,820,Electric,2,0,Petrol,6.3,0,2,6.5,51,9.551
Sweden,Heavy Meat,551,Heat Pump,1,28,Hybrid,21.5,1,1,4.9,10,6.275
Germany,Omnivore,245,Oil,5,31,Petrol,10.0,0,0,5.4,2,3.477
China,Vegan,239,Heat Pump,3,27,Petrol,0.8,2,1,7.7,23,3.273
France,Omnivore,299,Oil,2,51,None,9.4,1,0,8.9,13,4.54
China,Heavy Meat,82,Natural Gas,2,24,EV,1.1,2,0,3.8,30,5.381
Sweden,Omnivore,267,Natural Gas,3,35,Hybrid,1.2,0,0,6.0,35,3.463
China,Heavy Meat,248,Electric,2,55,Hybrid,35.0,3,1,5.6,17,6.792
Italy,Pescatarian,396,Wood,2,67,Diesel,19.3,2,2,13.6,43,6.381
France,Omnivore,407,Wood,1,21,Petrol,77.4,3,1,5.7,0,11.835
China,Omnivore,419,Electric,4,14,Petrol,1.2,0,2,6.6,19,4.449
Russia,Omnivore,247,Natural Gas,1,39,Hybrid,11.1,1,0,5.5,28,8.523
France,Omnivore,104,Electric,1,66,EV,6.9,5,1,0.0,7,6.055
Japan,Omnivore,258,Natural Gas,4,41,Hybrid,8.4,0,0,8.9,29,3.636
India,Omnivore,450,Natural Gas,4,58,Diesel,5.9,0,2,4.2,7,6.036
Germany,Omnivore,113,Natural Gas,2,77,Petrol,3.9,5,1,1.8,58,5.602
Australia,Omnivore,348,Electric,4,16,EV,28.0,4,0,1.7,66,3.548
Poland,Pescatarian,285,Electric,1,15,Petrol,2.2,2,2,3.4,3,9.899
China,Omnivore,610,Electric,3,54,Petrol,24.2,3,0,0.3,40,6.356
USA,Omnivore,570,Electric,5,25,Petrol,2.6,3,0,3.5,34,3.021
Italy,Omnivore,149,Wood,3,0,Diesel,21.6,2,4,3.2,54,7.51
USA,Omnivore,252,Oil,2,15,Petrol,16.1,3,1,0.4,42,7.506
USA,Omnivore,282,Electric,1,38,None,28.1,2,1,8.8,10,7.27
South Korea,Vegetarian,387,Electric,3,19,Hybrid,55.0,4,1,8.4,11,5.351
USA,Omnivore,216,Heat Pump,2,36,Petrol,11.7,0,2,2.2,30,6.239
Norway,Omnivore,370,Heat Pump,3,73,Hybrid,5.0,2,0,4.6,27,2.762
China,Omnivore,276,Natural Gas,2,19,Diesel,1.1,2,0,9.1,25,6.086
India,Vegetarian,637,Electric,6,87,Petrol,2.1,0,0,3.9,16,4.017
South Korea,Heavy Meat,229,Natural Gas,1,34,Diesel,5.6,4,0,4.0,48,8.462
USA,Omnivore,241,Natural Gas,1,38,None,18.3,2,0,0.5,34,6.508
Australia,Omnivore,436,Natural Gas,2,38,EV,97.9,3,0,2.6,13,6.803
South Africa,Omnivore,518,Wood,1,47,Hybrid,3.0,2,2,5.6,4,13.301
India,Heavy Meat,556,Electric,2,10,Hybrid,17.1,1,1,1.2,49,8.998
France,Omnivore,397,Oil,3,84,Diesel,2.9,1,1,1.7,24,4.438
China,Omnivore,303,Natural Gas,3,30,Petrol,19.7,2,1,0.1,29,7.306
Mexico,Omnivore,250,Heat Pump,3,72,Petrol,6.3,1,0,4.0,0,3.646
Brazil,Vegetarian,119,Electric,4,42,Petrol,21.0,3,0,10.9,71,1.734
Japan,Omnivore,168,Natural Gas,2,65,None,5.9,1,1,5.6,40,5.202
Nigeria,Omnivore,131,Electric,5,29,Petrol,30.5,4,2,1.2,0,4.564
USA,Omnivore,183,Natural Gas,2,59,EV,48.0,4,1,2.1,24,5.916
India,Pescatarian,472,Natural Gas,5,25,None,28.9,1,2,3.5,28,5.994
India,Omnivore,354,Heat Pump,2,47,Hybrid,27.9,4,2,1.5,23,8.845
India,Omnivore,516,Natural Gas,4,37,Diesel,4.2,3,3,9.1,49,7.922
USA,Heavy Meat,214,Wood,1,48,None,22.7,2,1,7.5,4,6.807
India,Omnivore,284,Natural Gas,3,45,Diesel,42.4,2,1,0.4,44,7.004
USA,Omnivore,207,Electric,3,54,Diesel,5.9,2,2,12.7,15,4.844
China,Omnivore,196,Natural Gas,4,53,None,11.3,0,1,2.3,54,4.928
India,Vegan,277,Natural Gas,3,28,Hybrid,14.2,2,1,22.5,31,4.487
South Africa,Pescatarian,329,Natural Gas,4,40,Petrol,0.1,1,1,8.8,9,4.943
India,Pescatarian,97,Natural Gas,5,51,None,13.6,1,1,1.8,4,2.162
India,Omnivore,344,Natural Gas,5,17,Petrol,34.4,1,1,9.8,30,5.156
India,Omnivore,268,Natural Gas,2,45,Diesel,15.7,1,0,1.9,53,5.39
South Africa,Omnivore,319,Natural Gas,3,10,Petrol,6.4,3,0,2.5,17,5.971
Italy,Omnivore,202,Natural Gas,1,69,None,49.9,3,0,1.9,0,6.624
India,Omnivore,230,Natural Gas,2,69,Petrol,20.6,3,0,3.2,14,5.802
India,Heavy Meat,540,Oil,2,12,Petrol,18.8,1,0,0.8,14,8.435
Russia,Vegan,158,Heat Pump,2,38,None,4.6,4,0,0.9,20,2.651
USA,Omnivore,355,Electric,5,36,Petrol,5.9,1,2,2.1,23,4.236
UK,Omnivore,315,Wood,2,61,Diesel,37.7,4,2,0.3,58,7.158
UK,Omnivore,546,Oil,3,4,Petrol,6.9,2,3,3.2,26,7.962
Canada,Omnivore,161,Natural Gas,1,36,None,5.6,3,1,6.6,0,9.31
Japan,Vegetarian,476,Natural Gas,3,26,None,8.3,1,2,2.8,35,5.758
Germany,Omnivore,213,Natural Gas,3,24,None,22.0,5,0,6.5,17,3.931
Germany,Omnivore,150,Electric,6,48,EV,51.2,2,1,4.6,88,2.327
USA,Omnivore,386,Natural Gas,3,26,Hybrid,11.5,2,2,2.0,0,6.311
Russia,Vegan,623,Natural Gas,6,49,Diesel,19.0,1,0,0.4,10,3.524
Germany,Omnivore,311,Natural Gas,1,23,None,2.5,0,0,9.3,14,5.93
India,Omnivore,634,Natural Gas,1,86,Diesel,2.1,6,1,3.3,8,14.049
China,Heavy Meat,289,Electric,3,22,Petrol,8.4,3,0,16.6,52,4.005
India,Omnivore,312,Electric,4,57,Diesel,42.4,3,0,1.1,28,5.12
Australia,Omnivore,389,Natural Gas,3,22,Petrol,7.9,1,1,0.7,37,5.395
USA,Omnivore,543,Natural Gas,3,34,None,9.8,1,3,2.3,22,7.431
USA,Omnivore,394,Natural Gas,2,25,Petrol,7.3,5,0,10.2,11,5.889
South Africa,Omnivore,156,Natural Gas,1,92,Petrol,12.9,1,0,0.3,44,7.823
India,Omnivore,178,Electric,3,84,Petrol,23.5,1,0,19.3,26,3.178
Mexico,Omnivore,549,Electric,3,49,Diesel,68.0,1,1,0.4,0,7.806
Indonesia,Pescatarian,328,Heat Pump,3,71,Petrol,12.7,2,0,1.8,21,4.602
China,Pescatarian,369,Heat Pump,3,35,Petrol,44.4,3,0,6.4,8,5.164
India,Vegan,225,Electric,3,48,Petrol,30.6,0,2,3.8,0,5.329
Mexico,Heavy Meat,495,Heat Pump,3,0,Diesel,6.5,2,0,1.6,27,4.458
India,Pescatarian,375,Natural Gas,1,0,Petrol,68.0,4,2,0.9,25,16.533
India,Omnivore,679,Heat Pump,2,27,Diesel,15.2,1,2,4.6,29,10.659
Australia,Omnivore,537,Natural Gas,2,24,Diesel,30.4,3,1,1.3,0,9.168
India,Omnivore,393,Wood,1,66,Hybrid,25.3,1,1,10.1,28,10.71
South Korea,Omnivore,250,Electric,4,63,Petrol,1.0,2,1,1.1,6,3.052
France,Heavy Meat,73,Oil,4,20,Hybrid,1.3,2,1,9.3,29,3.777
India,Heavy Meat,262,Natural Gas,2,60,Petrol,6.8,1,0,6.1,68,5.121
USA,Heavy Meat,141,Wood,2,35,Petrol,14.1,5,0,6.0,15,4.725
China,Omnivore,277,Natural Gas,4,28,EV,23.6,3,1,7.0,0,4.997
UK,Omnivore,377,Wood,3,48,Petrol,5.3,2,1,1.5,70,3.598
Russia,Heavy Meat,277,Natural Gas,4,54,Petrol,20.7,4,0,5.1,38,5.213
China,Omnivore,186,Oil,4,0,Petrol,21.0,3,0,0.3,65,5.624
China,Omnivore,235,Electric,4,24,EV,6.4,3,0,13.3,31,3.406
Italy,Heavy Meat,378,Wood,3,18,Hybrid,80.9,2,0,8.8,31,4.963
India,Omnivore,677,Heat Pump,3,46,Petrol,71.9,2,2,1.6,0,11.19
Japan,Vegan,239,Wood,5,0,Petrol,22.2,2,2,4.0,0,3.789
USA,Omnivore,513,Oil,3,27,Petrol,1.2,2,0,4.3,15,5.052
USA,Omnivore,473,Natural Gas,4,69,EV,22.5,1,0,0.7,61,4.098
South Korea,Omnivore,362,Natural Gas,4,86,EV,24.3,1,2,5.1,49,5.197
India,Omnivore,281,Oil,2,39,None,4.8,1,2,5.2,0,6.937
Australia,Omnivore,228,Natural Gas,3,45,Petrol,7.0,2,1,11.3,24,4.855
Mexico,Pescatarian,193,Electric,5,10,Petrol,7.2,0,0,0.6,46,2.395
India,Vegetarian,242,Natural Gas,1,27,Hybrid,15.4,3,0,3.0,46,6.568
Poland,Heavy Meat,463,Oil,4,12,EV,2.3,4,0,1.9,40,6.849
China,Vegetarian,392,Heat Pump,3,16,EV,0.6,2,1,5.3,42,4.682
India,Vegan,109,Natural Gas,4,61,None,49.5,2,2,1.8,0,3.196
Norway,Omnivore,223,Natural Gas,6,10,Petrol,85.6,2,0,0.6,61,5.548
UK,Heavy Meat,314,Oil,4,28,Hybrid,1.5,3,1,8.0,3,5.072
USA,Omnivore,329,Electric,1,31,Petrol,26.6,2,3,7.2,34,12.274
UK,Omnivore,248,Electric,4,81,Petrol,33.5,1,0,4.9,16,3.216
China,Heavy Meat,518,Electric,3,53,Diesel,108.7,2,2,6.3,0,10.417
China,Omnivore,911,Heat Pump,2,41,Hybrid,15.7,0,0,0.5,37,7.072
Nigeria,Pescatarian,748,Electric,5,23,Diesel,1.8,3,0,16.9,58,4.027
China,Omnivore,159,Oil,3,10,None,9.9,2,0,1.7,9,5.138
India,Heavy Meat,225,Natural Gas,2,32,Petrol,31.2,1,1,2.3,30,7.548
USA,Heavy Meat,391,Oil,3,52,Petrol,32.7,3,0,3.9,35,7.003
India,Heavy Meat,470,Natural Gas,1,58,Hybrid,34.6,0,1,3.5,27,12.283
Germany,Omnivore,224,Natural Gas,3,43,Hybrid,3.4,2,1,8.1,22,3.762
South Africa,Vegetarian,313,Electric,1,67,None,2.1,0,0,10.4,19,6.395
India,Omnivore,203,Oil,2,8,EV,41.4,0,2,2.8,38,6.721
South Africa,Vegetarian,182,Wood,5,56,Diesel,10.0,3,2,2.0,25,4.821
China,Omnivore,248,Natural Gas,1,17,Diesel,7.3,0,0,3.9,14,8.174
USA,Heavy Meat,421,Natural Gas,2,79,Petrol,24.7,0,0,7.5,19,6.688
China,Omnivore,86,Wood,2,31,EV,7.7,1,0,3.4,42,3.321
Germany,Omnivore,263,Oil,6,61,Petrol,2.4,0,3,1.8,1,4.611
USA,Omnivore,191,Natural Gas,1,35,None,20.3,2,0,10.4,7,6.266
Germany,Omnivore,373,Heat Pump,3,24,Petrol,4.1,0,2,9.0,26,4.681
China,Omnivore,184,Electric,3,26,None,14.3,2,0,1.9,28,2.869
India,Heavy Meat,364,Wood,4,21,Petrol,23.9,4,0,9.2,16,5.104
Russia,Omnivore,615,Heat Pump,2,14,Petrol,13.7,0,0,2.2,0,5.158
India,Omnivore,395,Natural Gas,4,17,Diesel,2.2,1,2,4.3,37,5.856
India,Omnivore,445,Electric,4,81,EV,18.7,1,1,3.1,31,4.943
India,Omnivore,164,Electric,4,28,Petrol,38.1,2,2,1.8,35,5.241
Russia,Vegetarian,537,Electric,4,21,None,4.3,4,2,17.0,0,4.371
USA,Heavy Meat,270,Wood,5,23,EV,7.5,3,0,2.9,20,2.239
Germany,Heavy Meat,129,Electric,4,16,None,25.7,2,1,3.9,5,3.129
China,Heavy Meat,260,Electric,1,57,Petrol,27.3,1,1,1.4,87,10.17
Norway,Omnivore,539,Natural Gas,6,79,Petrol,14.6,0,3,3.1,39,4.943
India,Omnivore,358,Electric,3,0,Petrol,14.0,5,0,6.8,45,5.716
Germany,Vegan,454,Electric,3,80,Petrol,16.6,0,0,6.9,32,2.938
China,Omnivore,94,Oil,5,48,Petrol,43.9,1,2,2.2,19,6.566
China,Omnivore,484,Heat Pump,4,47,Diesel,1.2,1,0,14.7,25,3.298
Brazil,Omnivore,451,Wood,3,48,Hybrid,2.4,0,1,0.1,54,3.282
South Korea,Omnivore,812,Electric,4,55,Petrol,19.1,1,0,1.5,19,4.858
China,Heavy Meat,313,Electric,1,65,Hybrid,69.4,3,1,4.5,35,12.136
India,Pescatarian,245,Heat Pump,2,81,Hybrid,7.1,1,1,2.3,13,5.049
India,Omnivore,397,Natural Gas,4,43,None,23.0,0,3,1.3,26,6.493
Italy,Pescatarian,419,Natural Gas,4,29,None,16.2,2,0,1.4,46,3.401
UK,Omnivore,346,Wood,6,39,Petrol,16.4,1,0,2.0,0,3.088
India,Omnivore,404,Natural Gas,1,20,Petrol,17.2,1,1,2.4,2,11.675
India,Vegetarian,81,Natural Gas,4,34,Diesel,16.8,3,1,3.2,32,3.185
China,Omnivore,573,Oil,2,31,None,17.4,2,1,0.6,14,9.988
Russia,Omnivore,157,Oil,2,18,Diesel,13.9,1,0,3.3,37,7.307
India,Heavy Meat,320,Electric,4,13,Hybrid,14.9,3,0,3.0,19,4.653
UK,Heavy Meat,405,Electric,5,47,None,1.9,2,0,2.7,38,2.284
India,Omnivore,151,Electric,2,51,EV,8.1,1,0,2.1,30,3.44
India,Vegetarian,420,Electric,2,72,Hybrid,5.3,3,0,2.2,76,5.411
Sweden,Pescatarian,305,Wood,3,60,Diesel,33.1,2,0,1.8,49,3.567
Russia,Omnivore,268,Heat Pump,1,59,None,38.9,1,0,1.3,5,4.955
India,Heavy Meat,193,Electric,1,23,None,32.9,1,1,0.9,19,7.926
India,Pescatarian,307,Natural Gas,1,67,Diesel,104.3,1,1,1.7,29,13.865
India,Vegan,383,Wood,3,20,Petrol,6.7,5,0,10.2,15,4.296
USA,Omnivore,363,Electric,6,36,Diesel,14.0,5,2,2.5,15,4.218
China,Heavy Meat,83,Natural Gas,3,35,Diesel,32.2,2,0,7.4,0,5.768
India,Pescatarian,574,Wood,4,100,None,67.5,2,0,5.6,0,5.067
India,Omnivore,270,Heat Pump,2,73,Petrol,68.9,2,0,12.0,0,7.903
USA,Omnivore,135,Natural Gas,5,42,Petrol,7.9,3,0,12.0,27,2.521
USA,Pescatarian,343,Heat Pump,3,45,Petrol,38.7,1,0,7.3,10,4.509
China,Omnivore,190,Heat Pump,5,25,Petrol,14.3,4,2,1.9,1,3.955
China,Vegan,233,Natural Gas,1,57,None,13.2,2,0,1.7,12,6.963
Russia,Omnivore,152,Heat Pump,1,47,Hybrid,0.8,3,0,0.5,0,4.395
South Korea,Omnivore,263,Oil,3,63,None,22.4,0,1,0.7,13,5.115
India,Omnivore,250,Electric,1,27,Diesel,22.6,5,0,0.7,46,8.601
Japan,Omnivore,479,Electric,1,70,Diesel,27.6,2,0,3.8,0,8.383
USA,Omnivore,442,Natural Gas,5,20,Petrol,52.8,3,1,1.0,9,6.098
USA,Omnivore,400,Natural Gas,2,23,None,6.6,1,1,0.4,9,6.681
France,Heavy Meat,192,Oil,3,25,None,9.7,1,0,4.4,24,3.425
Poland,Omnivore,757,Electric,4,27,Hybrid,3.3,3,0,3.3,51,5.608
Russia,Omnivore,485,Natural Gas,4,49,None,57.4,3,1,3.4,19,5.318
USA,Omnivore,239,Natural Gas,3,47,Hybrid,16.3,3,1,0.1,0,5.594
China,Vegetarian,598,Heat Pump,4,31,Hybrid,36.1,0,0,11.0,7,4.057
China,Vegetarian,369,Natural Gas,5,80,None,10.5,1,2,5.9,12,5.298
India,Omnivore,317,Electric,3,35,Petrol,58.1,1,1,3.3,18,7.529
Brazil,Omnivore,358,Heat Pump,1,21,None,25.5,2,2,16.4,42,7.05
Norway,Omnivore,384,Natural Gas,3,24,Hybrid,24.0,1,1,1.5,56,5.362
Mexico,Omnivore,108,Natural Gas,3,40,Petrol,10.5,3,1,3.5,0,4.361
UK,Omnivore,738,Wood,3,48,None,58.9,1,1,13.6,15,4.065
USA,Omnivore,194,Electric,2,41,Petrol,18.9,5,0,1.8,0,4.902
India,Omnivore,397,Electric,2,98,None,21.7,3,1,0.2,13,7.233
India,Heavy Meat,358,Heat Pump,2,32,Hybrid,1.0,0,1,1.5,37,6.883
India,Heavy Meat,161,Natural Gas,2,0,Petrol,66.4,1,0,10.4,20,7.353
South Africa,Omnivore,252,Natural Gas,1,8,Diesel,15.7,4,0,3.4,35,10.132
USA,Omnivore,142,Electric,2,64,Petrol,68.1,2,0,22.7,11,6.592
USA,Heavy Meat,247,Electric,3,30,Petrol,4.8,2,0,9.9,28,3.527
USA,Pescatarian,413,Natural Gas,4,56,Diesel,23.7,2,1,6.1,26,4.961
India,Omnivore,366,Natural Gas,4,47,EV,12.1,3,1,1.0,20,5.08
Japan,Vegetarian,408,Natural Gas,1,0,Hybrid,1.9,1,2,2.0,38,9.998
Japan,Vegan,104,Electric,2,47,Petrol,1.4,3,0,5.5,38,2.003
USA,Omnivore,682,Electric,3,16,Petrol,25.0,2,0,3.2,13,5.164
China,Omnivore,255,Natural Gas,3,25,Petrol,45.4,1,0,0.7,13,6.585
India,Omnivore,326,Oil,3,59,Petrol,15.4,1,3,2.6,0,7.342
UK,Omnivore,183,Natural Gas,2,67,Hybrid,19.0,2,1,2.5,17,6.402
India,Heavy Meat,287,Natural Gas,1,35,Diesel,22.7,4,0,2.1,0,9.873
India,Vegetarian,326,Natural Gas,4,71,Petrol,2.8,3,4,0.6,28,6.928
China,Pescatarian,359,Natural Gas,2,100,EV,8.8,3,0,0.4,30,6.308
Germany,Heavy Meat,235,Oil,2,0,Petrol,1.3,2,0,7.6,0,5.875
Canada,Heavy Meat,219,Oil,3,19,Petrol,14.2,4,1,11.2,67,7.355
India,Omnivore,71,Natural Gas,3,51,EV,22.3,1,0,3.8,29,2.288
South Africa,Omnivore,654,Natural Gas,4,53,Petrol,92.6,1,1,5.5,31,10.632
Mexico,Omnivore,141,Natural Gas,3,12,Petrol,3.9,2,0,1.9,12,3.204
France,Pescatarian,265,Electric,4,36,None,27.8,2,2,2.0,44,3.228
India,Omnivore,317,Electric,2,52,Diesel,4.5,2,0,0.4,7,5.551
South Africa,Omnivore,419,Electric,3,42,EV,13.9,1,1,10.2,16,6.455
France,Heavy Meat,199,Electric,3,41,Hybrid,13.2,0,2,1.8,39,4.36
Brazil,Heavy Meat,383,Electric,4,8,None,27.8,2,0,4.0,7,2.338
Poland,Vegan,607,Natural Gas,3,46,Hybrid,53.4,0,2,0.5,24,9.059
Germany,Omnivore,274,Natural Gas,4,45,None,4.7,1,1,6.7,10,3.88
Brazil,Pescatarian,89,Natural Gas,4,52,Petrol,11.1,2,2,4.8,7,3.496
Canada,Omnivore,190,Natural Gas,2,47,Diesel,24.7,1,0,0.1,14,6.327
Mexico,Omnivore,214,Natural Gas,5,0,None,0.5,2,0,5.3,22,2.127
India,Vegetarian,179,Natural Gas,1,47,None,5.9,0,0,0.3,13,4.291
China,Omnivore,173,Heat Pump,5,0,Diesel,10.6,4,1,1.1,42,3.121
Indonesia,Pescatarian,236,Electric,4,64,Hybrid,11.6,0,1,4.8,18,3.464
India,Vegan,536,Oil,4,38,Diesel,10.6,1,0,0.3,0,4.172
Italy,Pescatarian,479,Natural Gas,1,97,Hybrid,9.8,1,0,3.1,62,6.768
India,Heavy Meat,313,Natural Gas,2,12,Diesel,32.4,3,1,10.8,18,8.018
China,Heavy Meat,357,Heat Pump,1,28,Diesel,42.5,2,0,1.4,50,9.246
India,Omnivore,352,Oil,2,56,None,29.6,2,1,1.5,16,6.739
France,Omnivore,159,Natural Gas,3,14,Hybrid,26.1,3,1,11.2,18,5.51
Poland,Pescatarian,351,Wood,2,37,Hybrid,0.6,1,0,11.3,3,4.057
Russia,Omnivore,302,Oil,2,56,Petrol,11.5,5,0,1.6,4,7.648
China,Pescatarian,243,Heat Pump,1,63,Petrol,51.2,3,1,9.1,47,10.87
China,Omnivore,188,Electric,3,63,Diesel,36.9,2,0,8.7,22,4.563
Sweden,Omnivore,114,Natural Gas,1,37,Petrol,38.6,3,0,6.1,26,9.623
Canada,Vegan,276,Natural Gas,1,64,Diesel,8.2,1,1,1.5,37,7.022
USA,Omnivore,258,Electric,4,62,Petrol,18.8,2,0,0.8,35,3.172
Australia,Omnivore,265,Oil,1,92,None,15.2,1,0,2.9,0,6.761
Italy,Omnivore,348,Wood,3,39,EV,29.4,3,0,1.6,0,2.825
India,Omnivore,435,Electric,1,7,Petrol,2.7,4,1,5.7,43,11.216
South Korea,Omnivore,205,Natural Gas,4,7,None,0.4,2,0,3.8,54,3.508
USA,Omnivore,180,Heat Pump,1,24,Diesel,9.0,0,1,1.1,0,6.408
UK,Omnivore,381,Natural Gas,2,29,None,14.7,2,0,1.2,13,4.225
Australia,Omnivore,164,Natural Gas,2,56,Diesel,21.8,1,0,1.8,22,4.59
Nigeria,Vegan,243,Natural Gas,3,0,Petrol,26.4,2,1,4.0,37,4.002
France,Omnivore,245,Electric,4,18,Diesel,24.3,2,2,2.7,28,4.786
China,Omnivore,144,Oil,5,8,None,5.8,3,0,7.1,60,4.779
Australia,Omnivore,111,Natural Gas,3,82,Diesel,11.0,1,0,18.7,27,3.025
France,Heavy Meat,435,Natural Gas,1,52,Hybrid,1.5,2,1,0.1,25,7.94
China,Omnivore,386,Natural Gas,2,27,Diesel,14.2,1,0,4.6,4,6.884
Indonesia,Omnivore,185,Electric,1,15,Diesel,1.3,1,2,6.8,38,8.892
USA,Omnivore,373,Heat Pump,3,76,None,16.2,1,3,3.2,21,6.014
India,Heavy Meat,370,Natural Gas,2,46,Petrol,3.5,1,0,3.0,0,6.583
USA,Omnivore,309,Natural Gas,2,0,EV,17.4,1,0,4.3,0,5.141
India,Omnivore,284,Natural Gas,3,0,Petrol,18.6,0,3,4.5,47,7.384
South Korea,Omnivore,314,Electric,2,57,Petrol,5.5,2,1,3.0,32,5.803
Nigeria,Vegetarian,112,Natural Gas,1,51,Petrol,2.5,2,0,4.4,17,3.577
Japan,Omnivore,181,Electric,2,23,Hybrid,16.7,1,2,5.9,38,6.13
India,Omnivore,370,Heat Pump,5,36,Petrol,32.5,2,1,0.1,10,5.007
USA,Pescatarian,356,Oil,4,57,None,0.1,4,0,3.6,11,3.83
Norway,Vegetarian,417,Heat Pump,6,38,Hybrid,3.7,1,0,1.6,40,1.177
China,Pescatarian,543,Natural Gas,2,63,None,51.4,3,0,2.8,16,7.404
USA,Omnivore,490,Natural Gas,3,75,EV,15.6,1,1,10.5,59,5.605
Sweden,Omnivore,347,Natural Gas,2,0,Petrol,49.2,0,1,2.6,15,8.34
Brazil,Omnivore,238,Oil,5,49,Diesel,15.6,3,0,2.5,4,2.044
Indonesia,Vegetarian,170,Natural Gas,2,52,EV,43.3,1,1,7.2,66,4.328
Poland,Vegan,437,Electric,3,35,Petrol,14.7,4,1,5.8,39,5.177
Indonesia,Omnivore,256,Heat Pump,1,30,Petrol,3.5,2,1,4.6,38,7.888
China,Omnivore,155,Electric,2,57,None,32.2,4,0,1.5,0,4.643
USA,Vegetarian,174,Electric,2,57,Hybrid,9.3,2,0,10.6,0,2.531
India,Omnivore,716,Natural Gas,2,85,None,58.8,1,0,0.3,7,8.283
Canada,Omnivore,225,Natural Gas,3,51,Petrol,1.8,1,0,5.4,73,4.261
South Korea,Omnivore,165,Natural Gas,2,40,EV,14.0,0,2,5.5,0,6.709
Poland,Omnivore,266,Wood,3,67,Petrol,9.8,3,0,1.7,8,4.226
China,Omnivore,194,Heat Pump,2,82,Diesel,11.3,0,1,0.8,55,4.867
China,Omnivore,182,Heat Pump,5,21,Petrol,13.5,0,1,11.4,2,3.335
Sweden,Vegetarian,227,Natural Gas,2,49,Diesel,59.0,0,1,7.4,0,7.273
Indonesia,Omnivore,235,Electric,3,83,Petrol,22.1,1,0,6.3,24,3.484
India,Omnivore,133,Electric,4,36,None,23.2,3,0,1.1,0,3.017
USA,Omnivore,247,Electric,2,0,Petrol,98.7,0,0,10.5,42,8.624
China,Omnivore,132,Natural Gas,3,42,None,0.9,3,2,10.4,61,6.576
USA,Vegan,383,Electric,1,35,Petrol,4.8,0,1,3.5,64,5.99
Brazil,Vegan,335,Electric,3,7,None,2.9,1,1,0.5,51,1.87
China,Omnivore,119,Natural Gas,2,54,EV,24.0,1,0,8.9,44,5.439
India,Vegetarian,358,Electric,1,35,None,30.3,4,2,7.5,35,10.47
India,Omnivore,359,Wood,3,64,Petrol,19.1,1,1,0.9,76,5.581
India,Omnivore,219,Electric,1,33,Petrol,12.4,3,3,4.3,42,12.259
India,Omnivore,216,Natural Gas,3,48,None,6.1,2,1,4.5,46,4.662
India,Vegetarian,615,Natural Gas,1,80,Petrol,25.5,3,1,0.1,0,13.2
South Korea,Heavy Meat,583,Natural Gas,2,32,Petrol,14.5,2,2,6.5,0,10.068
USA,Omnivore,167,Electric,3,18,Petrol,1.1,1,0,8.4,0,2.745
China,Heavy Meat,250,Natural Gas,3,67,Petrol,116.1,2,0,9.0,0,10.33
India,Heavy Meat,240,Natural Gas,1,32,Petrol,10.1,4,0,1.9,0,8.461
Indonesia,Pescatarian,308,Natural Gas,5,50,Diesel,14.0,1,1,0.7,35,3.907
USA,Omnivore,372,Oil,4,59,Petrol,8.2,2,0,0.7,43,4.39
China,Omnivore,284,Natural Gas,3,43,None,6.8,0,1,4.3,62,5.611
Canada,Vegetarian,487,Natural Gas,4,58,None,15.0,2,1,21.3,6,4.106
Japan,Heavy Meat,472,Heat Pump,3,79,None,5.6,2,1,5.4,40,4.856
Brazil,Omnivore,79,Heat Pump,3,25,Diesel,10.5,2,1,3.4,56,3.338
Russia,Omnivore,285,Electric,5,71,Diesel,64.4,2,0,1.7,37,4.386
India,Vegetarian,230,Natural Gas,2,47,Petrol,11.2,1,2,6.5,52,6.573
India,Omnivore,359,Oil,3,37,Hybrid,12.9,1,1,7.8,37,6.008
South Korea,Vegetarian,320,Natural Gas,2,61,None,2.7,0,1,1.5,26,5.384
USA,Omnivore,260,Natural Gas,5,82,Diesel,0.4,0,1,2.0,18,3.77
Canada,Omnivore,490,Electric,3,24,Petrol,20.1,1,1,1.4,5,4.672
India,Omnivore,211,Oil,3,13,Petrol,6.8,2,0,6.4,5,3.59
Germany,Vegan,167,Electric,5,28,None,26.4,3,1,3.9,29,2.453
Mexico,Heavy Meat,307,Heat Pump,1,39,None,14.1,1,0,6.6,0,5.774
China,Omnivore,163,Natural Gas,3,76,EV,4.7,3,2,2.1,0,6.717
Nigeria,Omnivore,462,Natural Gas,2,45,Petrol,12.4,4,3,9.7,26,9.02
Indonesia,Pescatarian,187,Oil,4,45,Hybrid,14.7,2,0,3.5,20,3.298
Sweden,Omnivore,315,Natural Gas,1,60,Diesel,41.8,1,0,4.3,3,9.425
Indonesia,Heavy Meat,66,Electric,3,59,Diesel,0.2,0,1,0.1,6,2.951
France,Omnivore,480,Electric,2,4,Diesel,3.4,2,1,4.6,28,4.435
Germany,Heavy Meat,101,Electric,3,59,Diesel,35.3,2,0,1.8,15,4.338
China,Vegan,171,Natural Gas,1,24,Diesel,0.9,3,0,4.9,0,6.975
Indonesia,Omnivore,240,Wood,4,72,Petrol,26.6,6,1,10.8,2,5.004
India,Vegetarian,399,Electric,4,46,Petrol,4.1,0,0,3.5,41,3.55
India,Omnivore,239,Electric,3,83,Hybrid,52.9,2,1,0.9,27,6.207
India,Omnivore,837,Natural Gas,3,45,Diesel,7.8,3,1,0.5,60,9.63
USA,Omnivore,235,Oil,1,8,Petrol,8.6,2,0,0.2,32,8.318
India,Heavy Meat,287,Electric,3,88,Hybrid,35.8,0,1,2.4,25,5.969
Mexico,Omnivore,116,Electric,1,1,EV,27.2,0,0,1.6,2,3.755
India,Heavy Meat,317,Natural Gas,3,69,Diesel,2.7,2,0,3.4,13,4.289
USA,Vegan,194,Natural Gas,1,69,None,13.6,2,0,11.7,38,5.02
Russia,Omnivore,435,Electric,1,76,Diesel,8.0,2,0,0.9,11,6.384
Japan,Omnivore,344,Heat Pump,1,30,Diesel,13.9,1,0,5.6,24,6.511
France,Pescatarian,587,Natural Gas,2,42,Hybrid,58.0,1,2,1.5,0,7.651
Nigeria,Omnivore,168,Natural Gas,2,75,None,1.4,2,0,1.9,0,3.402
UK,Omnivore,540,Natural Gas,4,38,Diesel,37.5,2,1,8.3,34,5.278
Canada,Heavy Meat,407,Natural Gas,1,0,Hybrid,4.2,2,1,1.2,11,9.779
Canada,Omnivore,219,Oil,4,27,Petrol,2.7,1,1,6.9,35,5.631
India,Omnivore,454,Natural Gas,1,51,Petrol,23.3,2,1,0.6,42,12.773
China,Omnivore,286,Heat Pump,2,58,Petrol,70.7,3,2,7.3,27,9.552
USA,Omnivore,222,Electric,6,80,Diesel,10.0,4,0,3.5,0,2.376
China,Omnivore,295,Heat Pump,3,57,EV,4.5,0,1,7.8,22,4.23
Italy,Omnivore,562,Wood,2,59,Diesel,9.1,3,0,3.4,57,4.468
Germany,Omnivore,578,Electric,5,32,EV,33.3,4,0,9.4,33,3.652
Germany,Omnivore,309,Electric,1,24,Hybrid,8.1,1,2,5.9,14,8.382
Germany,Omnivore,368,Natural Gas,2,6,EV,16.2,2,1,5.6,27,6.36
China,Omnivore,229,Oil,4,45,Petrol,25.3,2,0,2.3,28,5.51
Russia,Omnivore,403,Electric,3,33,None,2.6,1,0,1.6,30,3.672
Brazil,Omnivore,275,Wood,5,18,None,2.2,1,0,0.6,65,1.521
Indonesia,Omnivore,165,Natural Gas,3,18,Diesel,14.4,2,0,2.1,42,3.895
Japan,Pescatarian,594,Electric,3,87,Hybrid,25.1,0,1,0.3,23,5.018
China,Omnivore,125,Natural Gas,5,72,None,16.3,1,0,8.5,0,3.187
UK,Heavy Meat,132,Natural Gas,2,27,Hybrid,12.9,1,2,10.9,31,6.962
USA,Omnivore,240,Natural Gas,1,33,None,0.2,1,3,0.0,30,11.377
USA,Heavy Meat,381,Heat Pump,1,0,Petrol,16.3,2,0,7.1,43,7.381
USA,Omnivore,43,Electric,2,10,Petrol,0.8,1,0,5.3,47,3.09
Germany,Heavy Meat,125,Natural Gas,2,64,Diesel,1.2,4,0,4.7,12,5.4
South Africa,Pescatarian,215,Wood,4,28,Diesel,17.8,2,3,6.1,10,5.639
Germany,Omnivore,220,Oil,3,21,Petrol,3.8,0,1,7.0,31,5.152
India,Heavy Meat,520,Oil,6,39,Petrol,19.6,1,0,0.6,42,5.35
France,Vegan,433,Electric,4,38,EV,14.6,3,0,0.3,17,1.972
China,Pescatarian,752,Natural Gas,5,64,Petrol,10.8,2,1,3.6,10,6.072
India,Omnivore,698,Oil,3,12,Diesel,9.4,4,0,5.0,19,7.928
Russia,Omnivore,196,Electric,2,55,Petrol,7.8,1,1,0.1,29,4.948
USA,Vegetarian,446,Electric,2,43,Diesel,1.9,3,0,3.9,43,4.2
China,Omnivore,76,Electric,4,43,Hybrid,29.7,2,1,3.2,2,3.525
South Korea,Pescatarian,406,Electric,3,36,None,1.8,5,1,1.9,0,4.38
USA,Heavy Meat,812,Natural Gas,3,30,Diesel,9.4,2,0,2.8,29,5.992
India,Omnivore,266,Wood,2,90,Petrol,37.4,2,1,6.4,21,7.578
Mexico,Omnivore,338,Natural Gas,4,85,Petrol,16.1,2,0,1.4,0,3.356
UK,Heavy Meat,400,Oil,2,81,EV,5.8,2,0,4.2,33,5.281
Mexico,Omnivore,431,Electric,3,39,Hybrid,2.3,2,1,0.5,42,4.844
Mexico,Heavy Meat,509,Electric,3,29,Diesel,47.0,3,0,3.6,36,6.426
Nigeria,Omnivore,395,Natural Gas,1,29,None,40.5,5,1,5.2,0,9.121
India,Omnivore,236,Natural Gas,2,28,Hybrid,18.8,1,1,1.7,14,6.183
USA,Omnivore,260,Natural Gas,4,6,None,7.8,1,1,0.4,16,4.768
Mexico,Omnivore,294,Natural Gas,4,0,EV,38.3,3,1,25.4,21,4.417
China,Omnivore,296,Electric,6,30,None,3.5,2,1,4.2,31,3.399
India,Omnivore,98,Electric,2,26,Petrol,23.7,2,1,13.8,0,5.948
China,Vegan,219,Natural Gas,3,30,Hybrid,7.1,0,0,0.1,7,4.307
Sweden,Omnivore,435,Natural Gas,1,0,Hybrid,7.9,3,1,6.1,64,9.467
Indonesia,Omnivore,577,Natural Gas,5,28,Petrol,27.6,2,1,2.0,27,5.68
UK,Vegetarian,575,Heat Pump,3,57,None,40.1,1,0,2.6,61,2.893
South Africa,Omnivore,269,Oil,5,33,Diesel,52.8,3,0,11.8,18,6.208
Italy,Omnivore,564,Natural Gas,5,100,None,3.0,3,2,4.7,23,4.366
China,Pescatarian,405,Natural Gas,3,46,None,27.6,3,0,2.5,40,5.531
Indonesia,Vegetarian,227,Electric,5,13,None,21.2,2,1,6.8,13,2.562
USA,Heavy Meat,606,Natural Gas,3,31,None,12.9,2,5,9.3,0,10.169
Russia,Omnivore,62,Electric,1,81,None,11.8,1,0,1.4,13,4.338
Mexico,Pescatarian,216,Oil,5,27,Hybrid,4.2,2,0,6.6,0,2.064
UK,Vegetarian,206,Natural Gas,6,58,Petrol,42.9,4,0,2.9,28,3.18
Brazil,Omnivore,188,Natural Gas,5,48,EV,71.9,0,0,1.1,2,1.954
Germany,Heavy Meat,179,Electric,2,79,Hybrid,9.1,4,1,1.3,15,5.175
Nigeria,Pescatarian,48,Wood,5,75,Diesel,0.3,3,0,5.2,36,1.355
USA,Omnivore,276,Natural Gas,4,26,Hybrid,17.7,2,1,2.8,12,4.401
India,Omnivore,429,Heat Pump,3,56,None,24.5,1,0,0.0,6,5.238
Nigeria,Omnivore,258,Natural Gas,3,45,Petrol,28.8,0,0,9.1,7,3.562
Nigeria,Omnivore,533,Wood,4,57,Hybrid,44.1,2,1,15.5,32,4.994
Germany,Vegan,113,Natural Gas,2,43,Diesel,67.9,4,1,1.7,43,7.585
Russia,Vegetarian,60,Oil,2,40,Hybrid,24.7,0,3,0.6,7,9.082
South Korea,Vegan,318,Natural Gas,3,80,Hybrid,6.6,2,1,13.5,11,4.225
USA,Omnivore,701,Natural Gas,4,43,Petrol,38.7,0,1,4.7,16,6.313
China,Omnivore,553,Electric,3,50,Diesel,10.7,2,1,11.0,24,5.733
Brazil,Omnivore,412,Natural Gas,4,79,Petrol,36.0,4,0,7.5,0,3.408
Mexico,Pescatarian,592,Natural Gas,2,68,Hybrid,1.2,3,1,0.4,57,6.207
France,Heavy Meat,333,Natural Gas,5,0,Petrol,3.2,2,0,14.6,40,2.562
South Africa,Omnivore,303,Electric,4,43,Hybrid,42.2,1,0,0.2,47,4.928
Brazil,Heavy Meat,494,Heat Pump,4,38,Petrol,16.6,1,1,0.3,27,3.662
Indonesia,Omnivore,324,Heat Pump,2,0,None,51.6,5,1,3.1,2,6.692
UK,Heavy Meat,443,Electric,2,56,None,29.9,4,1,2.4,1,5.408
India,Vegetarian,497,Natural Gas,3,54,None,3.7,2,2,0.5,22,6.7
Germany,Omnivore,361,Natural Gas,2,34,Diesel,10.5,1,2,2.4,54,7.748
USA,Heavy Meat,99,Heat Pump,4,92,Petrol,8.1,2,3,10.4,11,5.209
South Africa,Vegetarian,319,Oil,3,76,Petrol,0.6,4,1,6.9,14,6.026
Japan,Vegan,428,Electric,5,52,EV,6.8,2,0,1.9,30,2.512
Italy,Omnivore,240,Wood,5,90,Petrol,18.8,2,0,14.3,35,2.244
Australia,Omnivore,461,Natural Gas,3,27,Petrol,4.7,1,3,14.1,67,8.051
Italy,Omnivore,446,Oil,2,71,Petrol,4.6,1,0,9.0,57,5.366
South Korea,Pescatarian,77,Electric,4,22,Petrol,9.7,1,1,9.1,39,2.838
Japan,Omnivore,113,Natural Gas,3,45,Diesel,11.0,3,2,4.9,27,5.871
Germany,Heavy Meat,129,Natural Gas,2,38,Diesel,4.1,2,0,9.6,26,5.295
Mexico,Heavy Meat,364,Heat Pump,1,60,Petrol,6.4,2,2,1.1,19,9.986
India,Vegetarian,327,Natural Gas,1,13,Hybrid,33.9,2,1,10.6,5,9.495
Canada,Omnivore,84,Electric,4,12,Hybrid,4.8,1,1,0.1,22,3.15
India,Vegetarian,192,Electric,6,15,Diesel,58.8,2,0,14.5,69,3.336
India,Heavy Meat,91,Wood,1,48,Petrol,16.7,1,1,2.5,36,7.391
Indonesia,Omnivore,152,Heat Pump,1,46,Diesel,0.1,2,0,0.6,20,5.089
France,Omnivore,329,Oil,2,60,Diesel,79.7,3,1,12.5,6,9.688
UK,Pescatarian,245,Electric,4,80,Petrol,13.1,0,2,0.1,42,3.932
Brazil,Omnivore,162,Oil,4,52,Petrol,12.1,4,1,2.5,0,3.318
India,Vegetarian,167,Natural Gas,5,73,Diesel,24.4,2,1,0.5,12,2.995
Brazil,Heavy Meat,276,Wood,3,59,None,30.8,2,0,3.3,24,2.379
Indonesia,Pescatarian,285,Natural Gas,2,0,None,40.7,1,1,5.6,11,5.09
Indonesia,Vegetarian,408,Heat Pump,3,17,Hybrid,25.9,3,1,0.9,36,5.108
USA,Omnivore,159,Heat Pump,2,74,Diesel,15.8,0,0,1.6,16,3.538
USA,Omnivore,422,Wood,2,8,Petrol,18.2,4,0,6.2,0,5.667
India,Pescatarian,440,Electric,4,86,None,1.7,1,0,9.5,35,3.991
Brazil,Omnivore,456,Natural Gas,4,0,Diesel,14.2,3,2,4.7,3,4.649
Norway,Vegetarian,324,Electric,2,35,None,6.1,0,1,7.0,46,3.031
India,Omnivore,102,Natural Gas,3,46,None,2.3,3,1,0.2,36,4.053
UK,Heavy Meat,489,Natural Gas,5,41,Petrol,4.8,5,1,0.9,53,4.457
Mexico,Pescatarian,237,Heat Pump,1,23,Petrol,50.0,1,0,0.3,46,7.273
USA,Heavy Meat,264,Oil,5,14,Hybrid,19.5,4,1,0.5,0,4.595
India,Heavy Meat,102,Electric,1,53,None,9.3,4,1,4.3,27,7.392
India,Omnivore,454,Natural Gas,5,63,Diesel,4.9,1,1,14.7,0,4.588
Canada,Omnivore,284,Natural Gas,3,19,Diesel,52.4,1,0,3.4,0,5.957
India,Omnivore,191,Heat Pump,2,66,Petrol,23.4,1,0,0.4,30,4.674
China,Vegetarian,442,Electric,3,0,Petrol,27.3,0,0,6.2,54,4.44
UK,Omnivore,165,Electric,3,14,Petrol,11.5,3,0,0.2,45,3.06
Germany,Heavy Meat,248,Natural Gas,2,74,None,48.1,2,1,2.8,25,5.568
India,Vegan,422,Natural Gas,1,21,None,7.3,0,2,1.8,10,10.601
Canada,Omnivore,375,Wood,3,88,None,0.1,2,1,3.2,5,3.356
India,Omnivore,165,Heat Pump,6,48,Petrol,0.6,0,2,0.9,13,3.349
France,Pescatarian,108,Natural Gas,5,20,EV,34.1,1,1,0.2,63,3.377
Nigeria,Heavy Meat,262,Natural Gas,3,35,Petrol,0.2,4,2,18.2,27,5.754
Mexico,Omnivore,245,Natural Gas,3,69,EV,48.3,0,3,0.4,13,5.668
Brazil,Heavy Meat,268,Natural Gas,3,31,Hybrid,38.8,1,0,0.0,51,3.152
China,Omnivore,347,Natural Gas,4,0,Petrol,1.4,2,0,18.4,24,4.639
Canada,Omnivore,650,Electric,3,7,None,49.3,6,0,19.4,33,3.932
India,Vegan,237,Natural Gas,4,20,Petrol,9.8,2,0,3.3,27,3.07
Russia,Heavy Meat,235,Natural Gas,3,62,None,22.7,5,0,4.0,35,5.572
India,Omnivore,274,Natural Gas,2,78,Petrol,39.4,3,0,0.0,0,6.601
USA,Omnivore,305,Natural Gas,4,49,Petrol,21.2,0,0,7.4,21,4.206
USA,Heavy Meat,301,Heat Pump,6,58,None,4.7,1,1,0.4,18,3.273
Indonesia,Heavy Meat,90,Natural Gas,4,0,Petrol,14.0,3,1,9.5,66,3.588
Brazil,Omnivore,337,Electric,4,34,None,33.1,1,0,5.3,8,2.085
Germany,Heavy Meat,439,Natural Gas,3,86,None,11.2,3,1,0.8,44,5.445
Indonesia,Pescatarian,377,Natural Gas,4,86,Petrol,4.7,0,0,4.9,48,4.0
Germany,Omnivore,513,Natural Gas,4,10,Petrol,41.3,3,2,9.4,33,6.86
USA,Pescatarian,478,Oil,2,38,None,31.1,2,2,12.8,8,7.917
Brazil,Omnivore,721,Natural Gas,1,70,Hybrid,2.2,4,1,0.1,10,6.457
UK,Vegetarian,113,Electric,2,12,Diesel,19.8,1,0,4.8,18,3.183
France,Omnivore,391,Wood,1,35,Hybrid,13.3,0,0,11.1,26,3.433
India,Omnivore,533,Electric,3,89,Petrol,56.7,2,1,1.7,0,8.368
Sweden,Vegetarian,504,Natural Gas,1,44,Diesel,5.3,5,1,0.5,42,8.508
India,Pescatarian,260,Oil,3,24,Hybrid,6.3,2,0,3.2,20,3.788
Italy,Vegetarian,415,Wood,5,68,EV,15.3,3,1,20.0,38,3.129
India,Omnivore,224,Natural Gas,2,16,None,1.6,3,1,5.6,30,5.789
Italy,Pescatarian,56,Natural Gas,4,20,Petrol,0.2,3,0,11.1,44,3.472
India,Omnivore,259,Electric,2,58,Petrol,14.1,2,1,2.2,29,6.785
China,Omnivore,150,Natural Gas,6,51,Petrol,17.7,2,0,12.2,23,3.898
Italy,Heavy Meat,142,Natural Gas,1,40,EV,3.3,2,1,8.4,0,8.094
India,Pescatarian,223,Wood,2,50,Petrol,33.3,1,1,2.1,0,6.412
Brazil,Pescatarian,315,Natural Gas,2,0,Petrol,48.6,1,1,11.6,0,6.144
Germany,Omnivore,96,Natural Gas,4,54,Petrol,23.0,5,0,3.8,23,4.275
Germany,Omnivore,182,Heat Pump,1,60,Petrol,71.5,1,0,4.3,31,8.867
Italy,Omnivore,528,Electric,4,36,Hybrid,6.2,2,2,15.5,50,3.946
China,Pescatarian,263,Electric,5,28,Petrol,14.2,5,1,0.8,18,3.985
USA,Omnivore,115,Oil,6,21,Petrol,4.9,1,1,5.7,44,3.184
Australia,Omnivore,143,Natural Gas,2,29,Petrol,26.9,1,0,1.3,35,5.152
China,Omnivore,389,Natural Gas,6,53,EV,36.7,1,0,5.3,66,3.99
Japan,Heavy Meat,288,Wood,2,76,Diesel,12.6,3,2,0.1,26,7.024
India,Omnivore,298,Natural Gas,4,36,Petrol,17.4,2,0,0.4,18,4.437
China,Omnivore,277,Electric,4,63,Diesel,2.9,2,1,5.1,32,4.038
Nigeria,Pescatarian,467,Heat Pump,2,58,Petrol,17.4,0,2,0.6,42,6.537
India,Omnivore,484,Natural Gas,4,44,None,4.9,1,4,2.5,30,7.557
India,Omnivore,273,Electric,3,35,Diesel,9.8,6,0,1.5,0,5.011
Japan,Vegetarian,255,Natural Gas,3,56,None,4.5,1,0,12.3,33,3.804
UK,Vegan,376,Electric,4,57,None,10.6,5,0,0.9,6,2.353
Russia,Omnivore,166,Natural Gas,3,15,EV,0.2,2,1,5.3,9,4.816
Poland,Omnivore,198,Natural Gas,1,44,Petrol,8.2,3,0,6.5,7,9.254
China,Omnivore,578,Electric,2,22,Hybrid,26.5,4,2,3.3,60,9.607
Canada,Vegetarian,184,Natural Gas,4,0,Petrol,3.7,2,0,0.4,15,3.585
India,Omnivore,474,Heat Pump,5,51,None,35.3,2,0,5.0,29,3.965
UK,Pescatarian,194,Heat Pump,4,62,Diesel,4.1,2,1,2.3,60,3.047
USA,Heavy Meat,369,Natural Gas,2,9,Hybrid,28.7,3,0,6.3,62,6.266
USA,Omnivore,360,Natural Gas,5,37,Hybrid,45.5,1,1,0.2,56,4.65
USA,Omnivore,347,Oil,6,54,None,13.1,3,1,8.5,22,3.827
China,Omnivore,406,Natural Gas,3,33,Petrol,2.1,4,1,4.7,22,6.73
USA,Pescatarian,253,Electric,2,55,Diesel,4.3,2,1,3.0,29,4.684
Mexico,Vegetarian,280,Natural Gas,3,41,Petrol,4.7,3,0,16.1,46,2.288
Germany,Omnivore,376,Natural Gas,3,71,None,9.3,0,1,4.9,44,4.83
China,Omnivore,714,Electric,3,8,None,30.6,2,1,0.6,3,6.755
Mexico,Vegan,290,Natural Gas,1,76,None,30.9,4,1,2.5,62,6.009
Germany,Heavy Meat,316,Electric,5,0,Diesel,14.7,4,0,5.4,5,3.452
India,Pescatarian,644,Natural Gas,4,17,Diesel,4.9,1,0,9.5,2,5.172
USA,Omnivore,441,Wood,2,29,EV,19.6,1,2,20.2,0,6.391
India,Pescatarian,317,Natural Gas,3,57,None,0.1,1,2,0.6,19,5.855
Australia,Heavy Meat,270,Natural Gas,6,46,Hybrid,26.9,2,2,18.9,0,4.925
South Korea,Omnivore,330,Natural Gas,1,26,Petrol,7.3,2,0,5.6,14,7.126
Japan,Heavy Meat,606,Electric,6,33,Hybrid,3.9,4,2,4.4,48,4.767
Sweden,Omnivore,435,Heat Pump,2,80,Hybrid,49.2,3,2,8.5,54,6.662
South Korea,Omnivore,367,Electric,4,45,Hybrid,10.3,1,0,0.6,23,2.94
China,Omnivore,81,Oil,4,7,None,69.8,1,1,2.9,56,5.432
USA,Omnivore,394,Natural Gas,3,11,Petrol,0.5,1,1,5.5,33,4.823
USA,Omnivore,187,Natural Gas,4,3,None,18.9,3,0,2.2,21,3.331
Russia,Vegetarian,820,Natural Gas,2,63,Petrol,10.1,1,1,2.8,46,7.98
China,Omnivore,227,Electric,1,77,Petrol,2.4,1,1,13.7,16,7.616
India,Omnivore,508,Electric,2,44,Petrol,0.1,3,3,9.7,5,10.519
China,Heavy Meat,287,Oil,4,27,Diesel,11.1,4,0,6.3,18,5.919
India,Omnivore,374,Oil,6,44,None,5.4,0,0,6.1,43,3.541
USA,Pescatarian,219,Electric,2,100,Petrol,4.8,1,0,0.2,36,2.977
China,Omnivore,398,Natural Gas,4,81,None,39.6,1,0,4.6,5,5.023
Germany,Omnivore,497,Natural Gas,3,33,Petrol,16.3,3,0,3.8,27,4.944
India,Omnivore,180,Electric,2,72,Diesel,36.1,5,0,3.1,34,5.669
Germany,Vegetarian,279,Electric,4,4,Petrol,16.9,2,1,2.0,27,2.951
Indonesia,Omnivore,401,Natural Gas,2,50,None,0.9,2,0,3.9,18,5.135
Germany,Heavy Meat,396,Natural Gas,4,30,Petrol,118.9,2,0,2.2,0,7.665
Brazil,Pescatarian,351,Wood,2,49,Petrol,19.3,5,0,0.9,15,4.346
USA,Omnivore,144,Natural Gas,1,50,Petrol,5.3,1,0,4.0,12,6.237
India,Heavy Meat,144,Natural Gas,2,75,Hybrid,42.9,2,0,0.2,8,5.236
South Korea,Heavy Meat,388,Wood,4,28,Petrol,29.8,1,0,13.7,28,3.593
USA,Heavy Meat,503,Electric,2,23,EV,48.8,3,2,7.7,42,7.775
India,Omnivore,225,Oil,3,12,Diesel,37.1,1,0,4.5,9,4.621
UK,Vegan,337,Wood,4,24,Petrol,19.2,0,2,5.7,17,3.211
Indonesia,Pescatarian,237,Natural Gas,5,0,Petrol,9.3,2,0,0.3,53,2.94
USA,Omnivore,409,Oil,1,39,Diesel,12.6,2,0,1.4,47,9.163
Poland,Omnivore,183,Electric,2,42,Petrol,12.3,1,2,3.2,20,6.882
Australia,Omnivore,500,Natural Gas,3,44,None,4.9,2,1,3.6,21,5.822
Brazil,Omnivore,124,Electric,6,0,None,3.1,0,2,7.6,21,2.031
South Korea,Omnivore,402,Natural Gas,5,22,Petrol,0.2,1,0,12.7,22,3.68
USA,Omnivore,274,Natural Gas,1,4,Diesel,23.0,1,2,0.7,58,11.317
India,Omnivore,88,Electric,3,35,Diesel,13.8,0,2,0.6,33,4.389
Japan,Heavy Meat,247,Oil,3,80,Diesel,20.7,4,1,3.0,66,6.949
Italy,Omnivore,138,Oil,2,28,Hybrid,23.3,3,2,0.1,19,7.633
Italy,Omnivore,444,Natural Gas,5,33,None,37.1,2,2,7.9,13,4.504
Nigeria,Pescatarian,197,Natural Gas,2,45,Petrol,58.4,3,0,4.1,17,6.59
India,Omnivore,265,Electric,4,34,Petrol,1.8,2,0,14.7,14,3.607
China,Omnivore,332,Oil,2,37,None,35.2,2,0,5.3,10,7.688
China,Heavy Meat,509,Natural Gas,2,62,Petrol,5.3,1,0,8.6,22,7.434
India,Omnivore,285,Electric,4,76,Petrol,16.8,6,3,2.2,5,6.515
China,Omnivore,325,Natural Gas,2,31,Hybrid,28.7,7,2,0.7,0,10.28
China,Vegetarian,173,Natural Gas,2,26,Diesel,21.2,0,0,1.4,23,5.813
Brazil,Pescatarian,187,Electric,2,39,Petrol,23.3,5,1,3.6,9,4.9
USA,Vegetarian,235,Natural Gas,1,86,Hybrid,84.0,0,0,10.2,0,8.484
China,Omnivore,411,Oil,4,31,Petrol,19.2,2,2,0.3,0,7.978
Australia,Heavy Meat,32,Natural Gas,2,8,None,22.2,0,0,5.7,37,3.259
China,Heavy Meat,672,Natural Gas,6,52,Petrol,5.9,4,1,9.7,36,5.839
India,Omnivore,283,Wood,4,64,None,11.8,1,0,0.8,0,3.377
India,Vegan,346,Wood,1,69,None,19.2,1,1,9.9,15,7.247
India,Pescatarian,326,Electric,3,36,None,121.5,5,0,5.2,0,4.218
France,Heavy Meat,123,Oil,5,42,EV,4.3,2,0,0.6,15,3.24
China,Heavy Meat,206,Natural Gas,3,31,Petrol,9.0,4,1,0.5,21,7.374
Sweden,Heavy Meat,574,Heat Pump,4,0,None,5.9,2,1,16.8,31,2.945
China,Omnivore,362,Oil,1,5,Petrol,2.1,3,1,1.7,38,12.386
India,Vegan,354,Natural Gas,2,14,Petrol,4.3,1,1,5.6,0,5.962
Poland,Omnivore,242,Oil,6,70,Diesel,12.8,5,1,2.1,49,5.951
India,Omnivore,134,Heat Pump,2,46,Petrol,12.1,2,2,2.7,34,6.903
Italy,Omnivore,344,Natural Gas,2,55,EV,7.0,2,0,8.8,0,4.767
Germany,Omnivore,151,Heat Pump,1,6,Hybrid,9.3,3,1,5.3,0,6.037
UK,Omnivore,154,Oil,3,11,Petrol,24.4,2,1,1.7,22,5.767
Japan,Heavy Meat,146,Wood,5,31,Hybrid,39.4,0,0,0.5,17,2.841
UK,Omnivore,426,Natural Gas,4,30,Petrol,22.4,4,0,1.5,19,4.211
Indonesia,Omnivore,87,Heat Pump,2,84,Hybrid,10.9,0,1,0.5,40,4.34
France,Omnivore,337,Wood,3,50,Diesel,40.0,1,0,15.9,37,3.457
USA,Vegetarian,281,Heat Pump,3,0,Diesel,14.8,2,0,0.5,31,2.789
China,Heavy Meat,279,Natural Gas,4,44,None,38.1,2,0,7.0,50,4.69
Norway,Heavy Meat,327,Natural Gas,3,37,None,12.8,2,1,11.4,25,4.665
USA,Pescatarian,151,Natural Gas,3,26,EV,16.8,4,1,9.8,10,4.826
Nigeria,Vegan,415,Natural Gas,3,59,EV,3.4,1,0,3.2,6,2.891
China,Pescatarian,191,Oil,3,21,EV,25.4,0,0,10.5,26,5.159
France,Heavy Meat,261,Natural Gas,2,63,Petrol,2.8,0,0,1.8,26,4.196
Italy,Omnivore,83,Natural Gas,5,28,None,0.9,1,0,2.3,22,2.121
China,Omnivore,270,Natural Gas,5,18,None,60.8,3,2,16.4,33,5.652
Canada,Omnivore,434,Wood,4,41,Petrol,0.7,3,3,2.3,26,5.506
Germany,Heavy Meat,199,Electric,1,37,Petrol,19.0,4,0,4.7,52,7.369
Brazil,Heavy Meat,717,Natural Gas,4,51,EV,0.8,1,2,9.8,20,4.147
Canada,Omnivore,136,Electric,1,71,None,8.6,3,2,3.2,23,7.873
USA,Pescatarian,346,Heat Pump,4,26,Petrol,0.8,2,2,11.0,18,4.419
Germany,Heavy Meat,252,Natural Gas,3,40,Petrol,36.1,1,2,0.4,9,7.621
Nigeria,Omnivore,205,Heat Pump,1,0,Diesel,0.7,4,2,1.3,1,8.618
UK,Omnivore,280,Heat Pump,5,54,Petrol,13.7,2,1,3.7,55,3.094
India,Omnivore,381,Natural Gas,3,30,Petrol,6.7,2,1,5.3,10,5.887
Nigeria,Heavy Meat,213,Electric,4,2,Petrol,25.6,0,1,3.0,30,4.343
USA,Pescatarian,301,Natural Gas,2,57,None,14.8,1,1,3.1,53,5.356
USA,Heavy Meat,350,Oil,6,9,None,16.2,6,0,0.5,43,3.705
Indonesia,Omnivore,332,Natural Gas,4,97,Hybrid,23.9,2,0,7.5,45,3.923
USA,Omnivore,279,Natural Gas,2,64,Hybrid,2.6,2,1,1.0,12,5.489
Australia,Omnivore,602,Electric,4,44,Petrol,42.6,3,1,6.0,50,7.012
Australia,Omnivore,364,Electric,1,52,Diesel,3.2,3,1,7.8,36,8.837
USA,Heavy Meat,233,Natural Gas,4,40,Petrol,8.5,4,2,1.8,18,5.371
China,Omnivore,815,Electric,3,72,Diesel,6.3,0,0,0.3,0,5.829
Germany,Vegetarian,217,Natural Gas,2,13,Petrol,49.4,6,0,5.6,17,7.029
India,Heavy Meat,242,Electric,4,62,Diesel,2.4,2,0,23.8,10,3.34
Germany,Omnivore,586,Electric,4,31,Petrol,16.9,1,0,13.0,13,3.166
Italy,Pescatarian,280,Wood,4,67,Petrol,0.3,6,2,0.5,23,4.336
USA,Omnivore,157,Natural Gas,2,56,Diesel,26.2,3,0,4.1,41,5.501
Australia,Heavy Meat,278,Natural Gas,3,0,Diesel,11.8,1,1,0.0,2,5.145
USA,Vegetarian,705,Wood,3,41,Diesel,33.3,2,0,7.1,14,4.609
China,Omnivore,364,Oil,2,3,None,18.0,4,1,3.5,41,9.896
Poland,Omnivore,164,Oil,1,45,Hybrid,10.7,0,0,1.1,0,9.27
South Africa,Omnivore,251,Oil,1,41,None,4.5,2,1,0.4,18,11.446
India,Omnivore,142,Electric,1,43,Petrol,1.6,2,1,0.2,22,6.834
Germany,Omnivore,112,Oil,2,78,EV,14.4,5,1,0.7,4,6.251
Germany,Omnivore,216,Oil,4,34,Diesel,28.6,1,0,2.1,23,4.168
UK,Omnivore,151,Natural Gas,3,45,EV,44.0,3,2,2.4,17,5.943
USA,Omnivore,121,Natural Gas,3,39,Diesel,4.6,2,0,23.3,51,3.48
UK,Omnivore,416,Heat Pump,3,68,Petrol,10.2,2,0,5.7,24,2.704
South Africa,Omnivore,196,Electric,2,19,Petrol,3.8,5,0,5.8,40,5.107
India,Omnivore,481,Natural Gas,3,7,None,0.8,4,1,3.8,52,7.074
France,Vegetarian,79,Wood,4,20,Petrol,44.2,2,1,2.9,21,3.653
India,Omnivore,306,Heat Pump,5,31,Petrol,19.1,0,2,2.1,21,4.803
Japan,Omnivore,174,Natural Gas,4,33,Petrol,18.1,1,1,2.6,20,5.324
China,Omnivore,199,Electric,5,38,None,1.5,2,3,1.2,35,4.964
Mexico,Vegetarian,561,Electric,3,88,Petrol,6.4,3,0,21.0,17,4.158
India,Omnivore,432,Heat Pump,4,25,Diesel,24.0,4,3,3.5,2,8.011
Brazil,Omnivore,201,Electric,3,0,Petrol,3.5,0,0,4.4,13,2.203
India,Omnivore,331,Natural Gas,2,37,Diesel,1.6,0,0,7.5,19,5.181
Australia,Omnivore,118,Heat Pump,1,41,Petrol,5.6,1,2,3.9,32,8.572
USA,Pescatarian,51,Oil,1,32,Petrol,47.8,2,1,9.9,20,10.763
USA,Heavy Meat,480,Natural Gas,3,28,None,12.5,0,1,4.3,18,5.505
Italy,Omnivore,397,Natural Gas,4,39,Petrol,32.1,1,1,7.1,37,5.204
Nigeria,Pescatarian,385,Wood,3,68,Diesel,20.2,1,1,0.4,51,4.464
USA,Omnivore,647,Heat Pump,5,13,None,50.6,3,3,8.9,46,5.776
China,Omnivore,268,Natural Gas,6,45,Diesel,5.2,2,3,25.1,7,5.826
India,Pescatarian,425,Oil,4,20,Petrol,44.6,1,1,18.7,11,6.488
Russia,Omnivore,331,Natural Gas,2,87,Diesel,1.6,2,0,6.4,17,6.216
France,Pescatarian,781,Natural Gas,4,35,Hybrid,52.3,1,1,0.7,22,4.45
USA,Pescatarian,587,Natural Gas,4,65,None,25.5,3,0,9.3,28,4.222
China,Omnivore,463,Wood,2,38,None,50.6,2,1,4.9,29,6.188
China,Heavy Meat,442,Natural Gas,2,17,EV,16.3,4,0,3.3,0,7.683
Australia,Pescatarian,348,Electric,1,44,None,6.7,4,0,8.0,26,6.551
Brazil,Omnivore,233,Electric,2,0,Hybrid,5.4,2,1,0.1,35,4.587
India,Heavy Meat,124,Electric,5,17,Hybrid,27.0,1,2,3.6,29,4.17
Germany,Heavy Meat,359,Electric,4,9,EV,33.8,1,0,5.8,0,3.081
France,Omnivore,522,Natural Gas,1,29,None,64.7,4,1,3.3,13,7.635
Nigeria,Heavy Meat,253,Natural Gas,2,83,Diesel,18.8,0,1,9.4,3,5.655
Sweden,Omnivore,603,Oil,5,100,Petrol,6.1,3,1,1.8,41,4.994
Japan,Pescatarian,84,Natural Gas,2,37,None,50.2,4,1,1.6,26,4.834
China,Pescatarian,486,Wood,2,36,Petrol,17.1,5,0,4.0,18,6.083
China,Omnivore,501,Oil,1,80,Petrol,2.8,2,0,17.0,50,12.034
China,Pescatarian,410,Electric,3,66,EV,6.3,2,1,47.5,0,4.299
Poland,Heavy Meat,253,Electric,5,83,None,2.3,3,0,0.1,7,3.187
Poland,Omnivore,134,Natural Gas,5,52,Petrol,3.1,0,0,7.4,34,3.72
China,Omnivore,174,Natural Gas,2,23,Diesel,9.5,3,1,4.8,18,7.26
Norway,Heavy Meat,397,Natural Gas,3,33,None,0.2,0,3,0.6,36,6.87
India,Omnivore,264,Natural Gas,2,69,EV,19.5,2,0,0.1,26,4.783
USA,Vegan,126,Electric,1,22,EV,10.3,0,1,12.8,50,4.323
Canada,Omnivore,204,Oil,4,34,Diesel,9.0,2,0,2.6,38,4.769
Japan,Omnivore,330,Electric,1,72,Petrol,9.7,3,0,0.1,21,6.72
France,Vegetarian,209,Natural Gas,3,63,Petrol,9.3,0,0,11.4,67,2.775
India,Heavy Meat,408,Oil,2,80,Diesel,5.8,1,2,1.1,1,8.502
China,Omnivore,354,Natural Gas,1,0,Hybrid,12.0,1,0,8.6,24,9.833
India,Vegetarian,362,Oil,2,69,None,1.3,1,2,0.4,44,6.727
France,Omnivore,159,Oil,2,13,None,16.7,6,0,0.2,22,5.695
Nigeria,Vegetarian,402,Natural Gas,4,21,None,12.3,0,1,21.1,5,2.863
France,Vegetarian,386,Heat Pump,5,7,Petrol,21.1,3,0,0.4,1,1.513
China,Omnivore,298,Oil,2,58,Petrol,13.9,3,2,0.4,25,10.051
China,Pescatarian,194,Natural Gas,5,31,Petrol,54.1,2,1,1.5,16,6.276
Nigeria,Heavy Meat,340,Natural Gas,3,40,Petrol,9.2,0,0,11.0,24,3.822
India,Omnivore,241,Natural Gas,5,0,Hybrid,3.1,2,1,7.4,15,3.409
India,Heavy Meat,150,Electric,3,42,EV,17.1,2,1,2.4,11,4.512
India,Heavy Meat,349,Oil,5,71,Petrol,3.5,5,1,6.8,22,5.559
USA,Heavy Meat,412,Heat Pump,1,81,EV,47.1,0,0,3.2,36,5.969
India,Omnivore,116,Natural Gas,2,45,None,31.4,4,0,8.3,0,4.489
South Africa,Omnivore,301,Electric,2,34,EV,15.9,3,0,11.3,45,6.115
Russia,Pescatarian,129,Oil,4,97,EV,36.8,3,0,2.3,34,4.307
Australia,Vegetarian,283,Natural Gas,1,52,None,41.7,2,0,7.5,0,5.764
China,Pescatarian,193,Oil,4,65,Hybrid,58.4,2,0,10.6,29,5.71
USA,Omnivore,359,Electric,1,31,EV,8.0,2,0,2.5,25,5.693
Italy,Heavy Meat,148,Heat Pump,2,14,None,22.8,1,1,11.0,9,4.503
USA,Omnivore,260,Heat Pump,1,37,Diesel,20.5,1,1,11.2,0,7.601
India,Omnivore,383,Natural Gas,5,41,Hybrid,7.1,2,0,1.5,33,3.907
Brazil,Omnivore,127,Electric,4,47,Diesel,21.0,0,4,4.3,24,5.981
India,Heavy Meat,106,Electric,2,50,Petrol,48.1,3,3,6.2,8,9.57
Nigeria,Omnivore,219,Natural Gas,6,36,Hybrid,8.3,1,1,2.0,31,2.518
Canada,Heavy Meat,350,Wood,2,44,Petrol,58.1,1,0,8.6,0,5.882
Canada,Omnivore,469,Heat Pump,3,40,Hybrid,7.2,1,0,2.5,59,2.988
India,Omnivore,495,Natural Gas,2,30,Petrol,25.4,4,2,5.7,29,10.384
South Africa,Heavy Meat,114,Oil,2,44,Petrol,20.2,3,0,5.2,0,6.558
Norway,Heavy Meat,210,Natural Gas,2,40,Hybrid,10.7,2,1,1.7,42,6.577
USA,Omnivore,164,Natural Gas,2,40,Diesel,26.1,2,4,1.1,0,10.385
Russia,Omnivore,420,Natural Gas,2,0,Petrol,26.3,3,0,0.1,41,7.513
India,Omnivore,320,Heat Pump,3,0,None,9.0,2,0,2.5,45,3.975
USA,Vegetarian,430,Oil,3,19,Petrol,3.4,3,1,3.6,21,5.469
India,Omnivore,350,Natural Gas,2,63,Petrol,10.7,3,2,2.8,0,8.726
Mexico,Pescatarian,274,Electric,5,68,EV,30.2,3,1,5.5,0,2.824
Canada,Omnivore,185,Natural Gas,3,92,Petrol,25.1,2,2,5.7,0,6.348
China,Pescatarian,112,Natural Gas,5,46,None,10.5,1,0,7.7,29,3.481
China,Omnivore,431,Wood,2,14,Petrol,13.1,1,0,2.1,39,4.995
USA,Heavy Meat,383,Natural Gas,2,72,Diesel,31.2,0,0,2.4,0,6.57
Germany,Heavy Meat,307,Natural Gas,2,0,Petrol,11.3,1,0,10.9,6,5.984
Brazil,Omnivore,165,Natural Gas,3,10,Petrol,42.4,2,2,12.9,12,5.634
India,Omnivore,347,Electric,3,16,Hybrid,2.3,4,0,5.4,65,4.466
Brazil,Heavy Meat,595,Electric,4,91,Diesel,96.3,0,1,0.9,37,5.377
South Korea,Heavy Meat,241,Electric,3,51,Petrol,28.8,5,1,2.0,48,5.638
Italy,Omnivore,339,Natural Gas,3,50,Hybrid,34.1,2,0,0.2,62,4.124
Sweden,Omnivore,117,Oil,1,51,Hybrid,29.8,4,1,33.0,2,11.654
USA,Omnivore,124,Natural Gas,3,14,Petrol,1.0,5,1,6.6,14,4.435
India,Omnivore,373,Natural Gas,2,72,Petrol,8.6,3,1,18.8,26,7.36
India,Omnivore,373,Natural Gas,2,100,Petrol,4.9,0,1,10.2,34,6.237
India,Omnivore,405,Oil,2,0,None,27.6,3,0,2.5,40,6.497
India,Heavy Meat,401,Natural Gas,2,72,Diesel,25.3,2,2,3.3,70,9.373
Indonesia,Vegetarian,330,Electric,4,41,Diesel,27.0,4,0,1.3,31,3.909
China,Omnivore,96,Oil,4,100,Petrol,5.9,5,1,11.8,45,5.751
Poland,Vegetarian,117,Natural Gas,4,9,Diesel,22.9,3,1,12.8,33,5.219
Sweden,Pescatarian,134,Natural Gas,4,67,None,20.9,3,1,1.9,29,3.746
India,Omnivore,80,Electric,2,63,None,17.5,0,2,0.8,30,4.902
India,Heavy Meat,258,Oil,4,47,None,11.6,2,2,2.3,29,5.174
USA,Vegetarian,298,Wood,2,4,Petrol,14.3,0,1,0.6,27,5.251
India,Omnivore,518,Oil,1,82,Petrol,38.7,7,0,2.4,43,13.7
Canada,Heavy Meat,303,Natural Gas,4,29,Petrol,6.3,2,1,1.2,0,5.355
Mexico,Vegan,519,Electric,3,36,Petrol,5.9,4,0,18.0,7,3.371
China,Omnivore,357,Natural Gas,4,65,Petrol,9.0,3,0,2.2,50,4.948
Mexico,Vegan,267,Oil,5,0,Petrol,63.2,2,2,12.9,10,5.159
India,Omnivore,193,Natural Gas,2,0,Petrol,41.7,2,0,3.3,19,6.341
Indonesia,Heavy Meat,270,Natural Gas,6,45,None,76.5,1,0,11.0,11,2.809
Nigeria,Omnivore,429,Wood,4,0,EV,12.8,4,1,11.7,29,4.489
Sweden,Omnivore,195,Wood,2,54,None,1.5,2,0,1.9,18,3.421
Canada,Vegetarian,369,Oil,5,63,None,11.5,5,0,1.7,22,3.925
South Africa,Omnivore,218,Electric,1,23,None,32.5,2,0,2.1,45,6.677
Poland,Vegetarian,518,Heat Pump,3,100,Petrol,25.4,0,1,12.3,51,5.278
France,Vegetarian,305,Natural Gas,3,38,None,25.4,0,0,5.6,7,2.486
Germany,Heavy Meat,544,Wood,2,92,Petrol,16.9,1,0,6.7,44,5.237
Japan,Vegetarian,441,Electric,4,23,Diesel,64.6,0,2,9.9,40,6.246
China,Omnivore,304,Wood,4,4,Petrol,28.0,6,2,0.4,50,6.306
China,Pescatarian,94,Natural Gas,4,100,Petrol,7.8,3,1,22.2,13,4.645
Australia,Heavy Meat,394,Oil,6,82,None,22.2,2,0,3.5,49,3.434
Brazil,Omnivore,292,Wood,3,12,Diesel,20.1,7,0,1.4,45,3.152
Nigeria,Heavy Meat,198,Electric,3,14,Petrol,10.5,1,0,1.0,10,3.141
UK,Vegetarian,547,Natural Gas,3,42,Hybrid,25.7,2,1,3.2,22,5.232
South Africa,Vegetarian,380,Natural Gas,4,15,None,19.0,1,2,17.8,18,6.17
Sweden,Omnivore,157,Electric,3,62,EV,21.8,1,2,3.8,40,3.904
Germany,Omnivore,196,Oil,4,3,Petrol,16.7,1,3,2.5,62,6.273
Mexico,Pescatarian,565,Electric,2,33,None,14.8,1,0,3.6,0,4.664
China,Omnivore,349,Natural Gas,4,40,Hybrid,5.3,4,2,10.4,0,6.765
South Africa,Omnivore,521,Natural Gas,1,51,Petrol,6.6,4,1,4.7,14,14.248
USA,Vegan,446,Natural Gas,3,45,Petrol,30.9,2,0,11.8,52,5.12
Sweden,Omnivore,494,Oil,3,64,Petrol,30.4,2,0,2.5,53,5.735
Sweden,Omnivore,192,Natural Gas,5,53,None,26.0,3,0,0.0,13,2.87
Norway,Omnivore,453,Heat Pump,2,63,Petrol,13.9,3,1,7.0,41,4.487
Italy,Omnivore,556,Natural Gas,6,65,Petrol,28.8,3,0,3.2,41,3.609
India,Pescatarian,141,Heat Pump,3,59,Hybrid,51.0,1,1,0.1,0,4.46
India,Omnivore,307,Electric,3,41,Hybrid,45.4,1,0,0.8,39,4.467
USA,Heavy Meat,315,Electric,1,47,None,9.9,0,0,0.8,0,5.738
India,Omnivore,132,Electric,1,22,Diesel,9.8,1,0,11.0,46,5.281
Brazil,Heavy Meat,366,Natural Gas,5,29,Diesel,38.0,2,1,1.5,0,2.982
Brazil,Omnivore,738,Natural Gas,2,79,Diesel,23.7,2,0,0.4,44,4.765
South Korea,Omnivore,381,Heat Pump,3,91,Diesel,36.5,1,3,5.2,51,6.812
Mexico,Heavy Meat,271,Oil,3,52,None,12.2,4,0,0.6,54,3.599
Russia,Omnivore,166,Heat Pump,3,29,Hybrid,16.1,0,1,5.4,28,3.687
Nigeria,Heavy Meat,297,Electric,4,44,Petrol,1.2,0,1,2.3,31,3.444
China,Omnivore,426,Electric,2,89,EV,5.2,1,1,0.6,34,6.171
China,Omnivore,296,Natural Gas,1,13,Diesel,11.0,1,0,7.1,53,9.379
USA,Omnivore,396,Natural Gas,3,42,None,91.6,3,2,3.4,67,6.091
UK,Omnivore,546,Electric,2,38,Petrol,63.5,1,1,26.3,4,7.803
France,Heavy Meat,397,Heat Pump,1,17,None,13.5,4,1,3.6,18,6.578
Canada,Omnivore,321,Oil,1,15,Hybrid,6.6,3,2,9.6,44,12.904
China,Omnivore,256,Electric,1,58,EV,20.5,2,0,7.4,33,6.216
South Africa,Vegan,363,Electric,2,23,Diesel,8.4,1,2,1.0,34,7.608
Russia,Pescatarian,314,Electric,3,11,Petrol,13.1,3,0,1.8,18,3.695
Japan,Heavy Meat,234,Natural Gas,1,36,Diesel,26.8,2,0,2.0,39,9.475
India,Pescatarian,500,Electric,2,52,Petrol,0.4,5,0,17.9,40,7.132
India,Omnivore,252,Electric,1,44,Petrol,6.7,0,1,1.6,23,8.381
USA,Omnivore,761,Oil,6,14,None,6.2,2,0,6.1,5,3.944
Indonesia,Pescatarian,276,Natural Gas,3,34,Hybrid,37.8,2,1,0.6,6,5.489
India,Omnivore,144,Natural Gas,3,57,Diesel,5.3,0,0,7.8,39,3.13
India,Heavy Meat,265,Natural Gas,4,0,EV,96.9,2,2,2.6,38,5.738
India,Omnivore,358,Natural Gas,2,28,Diesel,10.4,0,2,6.6,0,8.185
China,Omnivore,104,Electric,4,23,Petrol,15.3,2,1,5.9,28,4.044
India,Omnivore,58,Natural Gas,5,48,Petrol,12.9,3,1,0.1,39,3.191
India,Pescatarian,510,Wood,1,27,None,16.5,3,0,2.5,33,9.724
Germany,Omnivore,399,Heat Pump,5,68,Hybrid,9.3,3,0,4.3,0,2.534
Nigeria,Omnivore,265,Oil,2,24,None,1.6,2,0,2.2,53,4.021
Poland,Omnivore,152,Electric,1,34,EV,15.5,1,0,2.9,21,5.909
India,Omnivore,393,Electric,5,20,EV,0.7,2,1,4.9,40,4.743
Australia,Heavy Meat,151,Oil,5,82,Petrol,8.4,2,3,1.2,26,5.34
Mexico,Omnivore,287,Oil,6,21,Hybrid,43.6,4,1,1.5,62,3.834
South Africa,Omnivore,478,Natural Gas,4,43,Hybrid,37.8,1,1,8.3,36,7.329
India,Omnivore,266,Electric,1,63,None,40.7,3,1,11.6,0,8.908
India,Omnivore,239,Heat Pump,4,0,Diesel,9.8,1,0,17.7,4,3.518
USA,Omnivore,219,Natural Gas,1,40,Petrol,17.4,1,0,4.9,18,7.296
USA,Pescatarian,179,Electric,2,40,Petrol,11.0,7,0,5.8,24,4.555
Canada,Omnivore,84,Natural Gas,4,3,None,42.9,2,0,6.5,19,3.58
USA,Omnivore,495,Oil,5,3,Diesel,3.6,2,0,1.9,38,4.438
South Africa,Heavy Meat,410,Heat Pump,3,66,Petrol,6.9,2,0,10.7,20,5.661
USA,Omnivore,432,Natural Gas,2,31,Petrol,2.4,0,1,12.3,54,6.011
China,Pescatarian,617,Oil,4,89,Diesel,44.3,3,0,4.2,32,7.945
Nigeria,Omnivore,657,Electric,1,57,Petrol,24.2,4,1,7.4,11,11.917
China,Omnivore,181,Oil,2,68,Petrol,3.2,2,0,0.5,44,6.503
India,Omnivore,255,Natural Gas,4,31,Diesel,35.6,0,0,1.8,9,4.557
USA,Omnivore,575,Electric,1,46,Hybrid,3.4,4,0,2.1,23,7.296
Indonesia,Omnivore,268,Electric,2,43,Diesel,36.0,1,1,6.8,2,7.104
India,Heavy Meat,670,Oil,3,16,Petrol,9.0,2,2,34.3,7,9.641
China,Omnivore,197,Natural Gas,3,58,Petrol,2.2,3,0,2.5,14,4.631
Germany,Omnivore,556,Electric,5,36,EV,30.2,2,3,4.9,25,4.761
India,Vegetarian,188,Natural Gas,5,32,Petrol,8.1,5,3,5.2,25,5.088
USA,Omnivore,247,Oil,2,40,None,5.1,1,1,2.2,31,6.634
Italy,Omnivore,514,Heat Pump,5,1,None,40.3,3,2,4.5,4,4.203
USA,Omnivore,123,Heat Pump,4,3,Petrol,29.0,1,0,4.7,54,2.996
USA,Pescatarian,195,Electric,2,51,Diesel,3.4,2,1,1.3,16,5.007
UK,Vegetarian,370,Natural Gas,4,70,Hybrid,2.3,1,1,2.9,42,3.394
France,Omnivore,407,Natural Gas,6,3,None,27.7,2,0,7.4,45,2.342
India,Omnivore,333,Heat Pump,1,94,Petrol,2.8,3,2,3.9,21,10.57
Germany,Omnivore,231,Natural Gas,2,68,Petrol,1.5,3,1,1.1,65,5.902
India,Pescatarian,82,Electric,2,26,None,6.9,5,1,2.9,0,5.124
USA,Heavy Meat,327,Heat Pump,4,16,Hybrid,2.5,1,3,3.5,16,4.996
India,Omnivore,375,Electric,1,19,Petrol,7.7,1,2,6.3,48,11.88
China,Pescatarian,203,Oil,5,7,Petrol,0.2,2,1,5.1,46,4.53
Poland,Pescatarian,301,Natural Gas,3,59,Diesel,29.8,3,0,4.7,5,6.953
UK,Heavy Meat,218,Heat Pump,4,48,None,7.2,3,1,8.8,30,3.375
Sweden,Omnivore,499,Natural Gas,3,30,Petrol,23.5,1,3,9.1,35,8.051
South Korea,Pescatarian,273,Natural Gas,3,55,Hybrid,121.5,5,0,3.5,45,7.048
India,Omnivore,190,Natural Gas,4,45,Petrol,12.6,3,1,2.5,16,4.568
China,Omnivore,474,Oil,1,29,Diesel,8.4,7,1,0.1,29,15.089
Russia,Omnivore,296,Wood,3,2,None,13.9,2,1,3.5,48,3.64
Italy,Vegan,158,Natural Gas,3,29,Petrol,2.9,2,0,4.4,16,2.248
USA,Heavy Meat,385,Oil,4,71,Hybrid,30.7,2,1,7.6,35,5.795
UK,Pescatarian,335,Oil,1,29,None,90.4,5,1,11.0,50,9.116
USA,Omnivore,421,Natural Gas,1,25,None,19.4,2,1,1.5,18,9.121
India,Heavy Meat,231,Oil,3,0,EV,35.3,4,2,0.2,36,6.388
China,Heavy Meat,707,Oil,3,61,None,23.1,1,0,3.0,51,7.637
India,Heavy Meat,199,Electric,1,0,Petrol,27.4,1,1,2.9,14,9.899
Mexico,Heavy Meat,223,Electric,3,33,Petrol,36.2,4,0,3.1,87,4.908
China,Omnivore,473,Electric,2,86,Diesel,51.0,1,0,8.6,26,7.754
China,Omnivore,556,Natural Gas,4,65,Diesel,104.8,1,1,1.4,50,8.968
UK,Vegan,132,Electric,4,84,Petrol,28.6,2,0,5.7,21,2.11
South Korea,Omnivore,397,Heat Pump,1,81,None,23.5,2,1,9.5,5,7.422
Japan,Pescatarian,145,Natural Gas,3,32,Diesel,13.9,2,0,10.7,52,4.154
China,Vegan,327,Natural Gas,4,46,Hybrid,39.4,1,0,2.5,48,4.576
India,Pescatarian,201,Natural Gas,2,4,Petrol,1.7,4,0,7.0,9,4.917
India,Vegan,231,Natural Gas,5,3,Hybrid,54.5,2,1,0.0,26,4.188
Russia,Omnivore,169,Electric,5,0,Petrol,24.6,1,1,0.7,16,3.285
USA,Omnivore,324,Natural Gas,1,39,None,19.9,3,0,0.3,17,6.968
India,Pescatarian,82,Electric,3,23,None,2.3,0,1,7.3,36,2.817
Russia,Omnivore,407,Oil,1,59,Petrol,17.2,2,0,5.3,0,11.538
UK,Omnivore,260,Electric,3,38,Diesel,15.5,2,0,1.0,48,3.341
India,Vegan,349,Electric,6,69,Petrol,5.5,3,1,0.3,37,3.971
India,Pescatarian,397,Heat Pump,3,31,EV,2.3,2,0,1.1,17,4.408
Japan,Omnivore,162,Oil,1,43,Diesel,1.4,3,1,2.3,11,9.103
Canada,Omnivore,218,Heat Pump,5,59,EV,33.5,1,3,1.6,14,3.612
Germany,Pescatarian,590,Heat Pump,3,29,None,0.7,2,1,10.3,51,3.877
India,Pescatarian,295,Natural Gas,4,8,Diesel,4.1,3,1,12.3,29,4.641
India,Omnivore,528,Natural Gas,3,51,Petrol,8.8,1,0,0.7,19,5.933
Russia,Heavy Meat,517,Heat Pump,1,57,Petrol,10.1,3,0,2.7,26,7.536
Japan,Omnivore,401,Wood,4,71,EV,113.4,3,1,2.0,34,4.566
Canada,Heavy Meat,449,Natural Gas,2,17,None,18.1,2,0,2.4,24,5.875
South Korea,Omnivore,188,Natural Gas,5,42,Hybrid,46.5,4,1,5.2,36,4.814
China,Omnivore,353,Heat Pump,1,6,Petrol,1.6,5,0,0.3,34,7.472
Australia,Omnivore,367,Oil,2,37,Petrol,27.1,3,2,6.6,21,9.239
Mexico,Omnivore,360,Electric,5,0,EV,2.7,5,0,6.4,80,3.114
Canada,Omnivore,198,Electric,2,28,Hybrid,1.1,2,0,1.7,35,3.384
Germany,Heavy Meat,290,Natural Gas,3,13,Diesel,22.2,1,0,2.9,55,4.803
USA,Vegan,401,Electric,2,48,Petrol,5.4,3,0,2.4,5,4.266
USA,Omnivore,265,Natural Gas,1,37,Petrol,29.7,3,1,2.6,7,10.602
Italy,Vegetarian,137,Natural Gas,1,11,Petrol,40.3,1,2,1.6,0,10.712
Russia,Heavy Meat,214,Natural Gas,5,64,None,10.9,1,0,5.0,0,3.221
India,Heavy Meat,356,Heat Pump,3,83,Hybrid,22.9,1,0,5.5,31,5.27
USA,Omnivore,451,Natural Gas,5,61,Hybrid,31.3,1,1,3.6,58,4.534
China,Pescatarian,313,Natural Gas,6,58,Petrol,18.9,4,1,13.4,63,4.872
India,Omnivore,142,Natural Gas,2,6,Petrol,44.5,2,1,19.1,21,7.574
Nigeria,Pescatarian,190,Natural Gas,4,42,Diesel,27.8,1,3,7.0,12,5.455
India,Vegetarian,250,Electric,4,0,Hybrid,4.6,0,1,31.7,40,3.433
USA,Omnivore,213,Natural Gas,2,43,EV,3.8,3,1,1.7,14,6.05
China,Pescatarian,517,Electric,1,68,None,14.2,2,0,2.6,10,7.162
Mexico,Omnivore,707,Natural Gas,4,35,Hybrid,3.2,2,0,3.8,14,4.989
Indonesia,Heavy Meat,370,Natural Gas,2,39,Hybrid,19.8,1,0,9.6,32,6.317
Japan,Omnivore,245,Electric,1,5,None,37.3,3,1,2.6,17,7.755
India,Vegetarian,277,Natural Gas,3,27,Hybrid,5.9,3,2,2.5,8,5.597
France,Omnivore,279,Electric,1,13,Petrol,34.8,2,0,3.4,0,6.486
Canada,Vegetarian,290,Electric,3,92,Diesel,13.9,3,0,2.3,0,3.282
Mexico,Omnivore,341,Electric,6,54,Petrol,1.1,3,1,1.9,18,3.343
China,Omnivore,182,Natural Gas,5,34,None,0.5,4,0,4.9,29,3.694
China,Vegan,759,Natural Gas,5,75,Hybrid,2.5,2,2,1.1,17,6.471
South Korea,Vegetarian,875,Oil,3,31,Petrol,18.7,1,2,3.9,46,8.108
Russia,Omnivore,292,Heat Pump,3,75,Diesel,22.3,1,3,3.9,25,5.8
USA,Pescatarian,579,Oil,1,49,Petrol,1.5,0,0,2.5,0,8.387
Sweden,Vegan,471,Natural Gas,6,62,EV,25.9,2,1,0.4,7,2.371
China,Pescatarian,242,Natural Gas,5,16,EV,26.2,1,2,4.3,21,5.159
India,Omnivore,179,Heat Pump,2,63,Petrol,2.3,0,0,0.5,0,3.507
Canada,Heavy Meat,318,Oil,2,77,Petrol,37.0,1,2,2.2,56,10.42
India,Omnivore,455,Oil,4,19,Petrol,25.2,2,0,4.3,52,4.854
China,Pescatarian,37,Heat Pump,3,5,Hybrid,2.7,5,0,5.8,29,2.479
China,Omnivore,157,Electric,5,69,EV,40.6,0,0,0.5,44,2.262
UK,Heavy Meat,147,Electric,4,8,Petrol,59.4,2,1,10.5,23,5.293
USA,Pescatarian,186,Oil,3,54,EV,65.0,0,1,2.7,2,4.321
Mexico,Omnivore,305,Natural Gas,2,49,Petrol,22.4,2,0,1.2,29,5.091
India,Omnivore,200,Electric,2,35,None,0.9,2,0,0.3,16,4.454
China,Omnivore,360,Oil,6,77,Petrol,3.1,4,2,1.7,3,6.461
Brazil,Omnivore,277,Oil,3,10,Petrol,10.7,3,0,8.0,26,2.707
China,Vegetarian,202,Oil,4,100,Diesel,20.0,4,1,1.8,42,5.437
India,Heavy Meat,372,Heat Pump,4,65,Diesel,24.2,2,1,2.2,29,5.733
South Korea,Omnivore,144,Natural Gas,2,50,Hybrid,7.4,0,1,0.3,22,5.267
India,Omnivore,478,Electric,4,25,Hybrid,18.4,2,1,0.3,37,5.478
China,Pescatarian,787,Natural Gas,3,19,None,22.5,2,1,3.0,18,7.646
India,Heavy Meat,400,Electric,2,46,Petrol,5.0,1,0,4.7,52,6.692
USA,Heavy Meat,169,Heat Pump,1,42,Diesel,13.4,1,0,7.6,44,6.094
China,Pescatarian,476,Oil,3,28,EV,74.8,2,2,1.3,26,8.448
Italy,Omnivore,468,Natural Gas,1,27,Petrol,42.0,2,3,1.4,0,14.706
Sweden,Omnivore,237,Natural Gas,3,67,Hybrid,1.5,5,1,0.6,0,5.67
UK,Omnivore,519,Heat Pump,4,31,Petrol,6.1,2,0,11.8,0,3.046
China,Heavy Meat,250,Wood,4,51,None,14.6,2,1,9.6,44,3.495
India,Omnivore,181,Electric,4,75,Petrol,5.8,2,0,7.6,10,3.12
Italy,Omnivore,295,Natural Gas,1,53,Hybrid,4.9,4,1,4.0,53,8.45
India,Heavy Meat,100,Natural Gas,1,41,Petrol,8.6,3,1,2.8,38,7.428
Italy,Vegetarian,146,Heat Pump,3,34,EV,11.6,3,0,8.6,6,1.488
China,Omnivore,392,Natural Gas,5,59,Petrol,8.4,0,0,9.9,27,4.343
India,Omnivore,221,Electric,4,51,EV,11.0,4,0,6.4,21,3.377
Brazil,Pescatarian,859,Heat Pump,5,17,None,18.1,4,0,0.0,0,2.005
UK,Heavy Meat,433,Electric,2,31,Petrol,4.3,1,1,5.6,31,5.494
Indonesia,Heavy Meat,295,Oil,3,14,Diesel,9.8,2,0,0.3,32,4.777
UK,Vegetarian,249,Natural Gas,2,37,None,17.6,1,0,9.3,12,3.887
China,Omnivore,284,Oil,2,43,EV,64.8,1,1,2.8,11,8.378
UK,Omnivore,290,Electric,2,23,Petrol,21.4,4,2,1.7,9,6.93
Nigeria,Heavy Meat,351,Heat Pump,6,39,Petrol,17.4,1,0,5.5,39,2.942
India,Omnivore,218,Natural Gas,6,41,EV,31.0,0,3,0.2,18,3.772
Nigeria,Omnivore,561,Natural Gas,1,75,Hybrid,17.1,2,0,6.2,29,8.271
Brazil,Omnivore,314,Electric,4,26,Petrol,5.1,3,1,3.8,37,3.038
Australia,Vegetarian,505,Electric,3,28,None,23.4,2,0,8.9,42,3.942
Germany,Heavy Meat,565,Natural Gas,1,11,Diesel,43.1,3,5,9.3,0,19.198
USA,Heavy Meat,338,Wood,1,9,Petrol,2.5,2,0,0.1,0,6.543
Japan,Omnivore,588,Oil,4,38,Petrol,3.7,2,0,17.0,2,5.768
USA,Vegetarian,197,Electric,2,35,Diesel,2.7,1,0,2.6,28,3.586
China,Omnivore,130,Natural Gas,4,0,None,37.3,3,2,10.7,35,5.479
Mexico,Omnivore,252,Heat Pump,3,77,Petrol,11.4,1,1,2.6,22,4.59
Poland,Omnivore,186,Electric,6,58,Diesel,12.8,2,1,1.5,33,3.235
Brazil,Omnivore,312,Natural Gas,2,49,Diesel,12.7,3,1,4.3,0,5.041
India,Omnivore,196,Heat Pump,4,72,Hybrid,2.9,1,1,9.2,60,3.479
Russia,Heavy Meat,434,Electric,4,67,Petrol,41.0,0,2,6.4,53,5.693
Brazil,Omnivore,343,Heat Pump,3,0,Diesel,33.7,2,0,0.7,20,4.091
China,Omnivore,830,Heat Pump,2,45,Hybrid,100.5,4,0,2.0,49,9.752
France,Vegan,239,Heat Pump,5,57,None,5.0,1,0,4.7,20,1.148
Germany,Omnivore,350,Electric,3,57,None,3.9,0,3,5.4,10,5.615
Brazil,Vegan,374,Heat Pump,2,35,Petrol,19.8,3,1,10.8,48,3.904
Australia,Pescatarian,270,Wood,1,46,Petrol,14.0,1,1,9.9,8,8.477
India,Omnivore,292,Oil,4,30,Hybrid,5.1,3,2,0.2,48,6.009
Japan,Omnivore,164,Electric,4,29,EV,34.0,2,1,1.2,32,4.094
Italy,Omnivore,270,Wood,1,49,None,14.2,3,1,17.1,3,6.705
Mexico,Omnivore,186,Natural Gas,2,33,None,32.7,1,1,8.7,64,4.635
UK,Omnivore,285,Wood,2,27,Diesel,11.2,3,0,4.0,1,4.451
Norway,Vegetarian,208,Oil,1,16,None,8.3,2,2,4.4,42,10.356
China,Heavy Meat,185,Natural Gas,4,24,Petrol,24.5,6,1,3.9,30,6.118
UK,Omnivore,386,Wood,2,41,Diesel,12.7,1,1,5.1,0,4.646
Brazil,Vegetarian,284,Natural Gas,4,37,Petrol,11.5,4,0,25.6,23,2.499
Japan,Omnivore,216,Heat Pump,1,25,EV,1.2,3,0,4.4,30,5.928
India,Omnivore,208,Natural Gas,3,45,None,6.6,2,1,8.9,16,4.754
Sweden,Pescatarian,288,Oil,2,32,None,19.1,1,1,0.8,62,6.979
Australia,Omnivore,460,Oil,4,13,Petrol,15.3,3,0,0.4,12,5.173
Brazil,Omnivore,120,Electric,5,34,Hybrid,2.6,2,0,6.1,0,1.45
India,Heavy Meat,270,Natural Gas,3,31,Petrol,7.2,2,1,8.3,30,5.446
South Africa,Omnivore,482,Natural Gas,1,46,Hybrid,25.6,1,0,4.4,43,12.302
Brazil,Vegetarian,485,Oil,2,19,None,12.0,0,0,5.2,7,2.007
South Africa,Omnivore,180,Natural Gas,2,56,Diesel,36.1,1,0,3.5,15,6.592
India,Omnivore,108,Natural Gas,2,46,Diesel,77.5,0,0,13.4,19,6.792
Australia,Vegetarian,273,Electric,3,100,Hybrid,0.5,2,0,1.6,40,3.396
Poland,Omnivore,327,Natural Gas,2,48,None,7.4,1,1,2.0,0,7.196
USA,Omnivore,371,Natural Gas,4,51,Petrol,2.7,7,0,0.9,10,4.72
India,Omnivore,345,Electric,6,37,None,14.3,2,0,5.4,67,3.163
Australia,Vegan,300,Electric,3,23,Hybrid,7.2,5,2,1.5,34,5.122
USA,Vegetarian,318,Natural Gas,2,65,Diesel,8.2,3,1,0.4,27,5.627
Japan,Pescatarian,427,Natural Gas,4,72,Petrol,16.7,3,1,6.8,31,5.305
India,Omnivore,332,Natural Gas,3,84,Petrol,72.0,5,2,2.2,27,9.013
Sweden,Pescatarian,851,Oil,2,31,Petrol,16.3,4,0,1.6,52,6.904
China,Pescatarian,191,Electric,3,38,Petrol,47.0,0,1,10.6,14,5.585
Poland,Omnivore,569,Oil,4,69,EV,17.1,2,0,6.5,17,6.543
India,Omnivore,302,Natural Gas,2,52,Petrol,6.4,1,0,6.3,14,5.342
South Africa,Vegetarian,499,Heat Pump,4,56,Hybrid,6.1,3,0,8.8,35,4.541
Australia,Omnivore,217,Natural Gas,2,35,Hybrid,13.2,1,0,9.9,21,4.489
France,Vegetarian,490,Oil,2,47,Petrol,3.9,1,2,3.1,36,6.4
UK,Heavy Meat,372,Electric,4,59,Hybrid,8.8,2,0,0.7,42,2.797
USA,Omnivore,251,Natural Gas,3,9,Hybrid,4.8,2,0,5.3,12,4.76
USA,Omnivore,149,Natural Gas,1,51,Hybrid,20.9,1,1,4.7,64,8.492
Mexico,Heavy Meat,359,Natural Gas,4,56,Diesel,33.7,1,2,9.9,12,6.09
USA,Vegan,290,Natural Gas,4,31,Hybrid,20.1,2,2,6.6,14,4.806
China,Vegetarian,246,Electric,2,51,Diesel,4.9,2,2,5.6,1,6.185
South Africa,Vegetarian,252,Oil,2,39,Petrol,3.5,1,3,2.2,73,9.062
Japan,Omnivore,431,Electric,4,32,Petrol,24.4,2,0,2.1,0,4.483
Russia,Omnivore,184,Heat Pump,3,3,None,8.5,1,2,7.5,32,4.48
China,Omnivore,351,Wood,1,51,EV,4.6,2,1,2.0,35,7.825
USA,Omnivore,415,Natural Gas,4,46,None,12.8,3,1,0.6,46,4.034
China,Heavy Meat,223,Natural Gas,1,0,Hybrid,27.8,1,0,9.1,33,10.065
USA,Omnivore,504,Heat Pump,4,0,Diesel,13.6,3,0,3.7,25,3.866
China,Vegan,406,Heat Pump,4,34,Hybrid,17.9,3,0,1.5,15,3.099
Russia,Omnivore,649,Electric,5,1,Petrol,2.2,0,0,0.8,11,2.761
India,Omnivore,177,Heat Pump,5,43,Petrol,31.7,1,0,1.9,66,3.466
South Africa,Pescatarian,147,Heat Pump,4,12,None,23.6,2,0,8.8,0,2.432
Nigeria,Heavy Meat,664,Electric,1,18,Petrol,19.0,3,1,0.6,48,12.344
Germany,Heavy Meat,336,Natural Gas,3,40,Petrol,18.2,2,1,5.7,27,5.568
France,Heavy Meat,165,Oil,4,48,None,4.0,1,3,0.4,26,5.346
China,Heavy Meat,672,Natural Gas,2,27,Petrol,31.9,2,0,6.0,58,10.141
Russia,Omnivore,149,Electric,1,35,EV,6.9,0,1,1.6,37,6.21
India,Omnivore,196,Natural Gas,4,56,None,2.3,4,2,5.5,47,4.853
Brazil,Heavy Meat,144,Oil,4,47,None,1.6,1,3,7.7,29,4.578
China,Omnivore,438,Natural Gas,6,47,Petrol,4.2,3,2,2.8,45,5.971
USA,Omnivore,143,Oil,4,22,EV,9.4,1,1,5.0,68,4.085
Mexico,Omnivore,397,Natural Gas,3,82,EV,11.5,3,1,1.8,25,4.451
Germany,Omnivore,445,Oil,3,30,Hybrid,25.8,4,0,0.9,3,5.459
UK,Heavy Meat,413,Natural Gas,2,36,Hybrid,12.3,1,2,7.8,40,7.33
Indonesia,Pescatarian,180,Wood,2,6,None,8.2,3,0,4.9,0,3.947
UK,Omnivore,276,Oil,3,56,Hybrid,17.9,3,1,6.4,16,5.412
India,Omnivore,197,Natural Gas,2,37,None,52.4,6,3,1.3,39,8.308
USA,Heavy Meat,387,Electric,2,6,Petrol,3.8,3,0,8.9,4,5.0
China,Omnivore,323,Electric,3,77,Hybrid,13.3,2,1,1.1,10,4.593
Germany,Omnivore,250,Natural Gas,1,55,Petrol,1.0,3,0,6.8,49,6.722
USA,Omnivore,454,Oil,2,25,Petrol,5.2,1,0,4.9,11,6.09
India,Vegetarian,268,Oil,1,2,Hybrid,14.8,2,3,6.7,10,11.789
India,Omnivore,179,Oil,5,50,Petrol,10.8,1,1,5.0,0,3.386
Norway,Omnivore,375,Oil,4,43,None,39.6,0,1,4.8,8,4.544
India,Omnivore,345,Natural Gas,4,46,Petrol,0.3,4,0,14.1,47,4.847
Russia,Heavy Meat,446,Natural Gas,6,18,Hybrid,10.8,7,0,9.2,58,4.241
India,Pescatarian,292,Oil,2,28,EV,13.4,2,1,18.4,40,5.784
Brazil,Vegetarian,698,Heat Pump,2,27,Hybrid,4.6,2,1,4.2,58,3.658
India,Heavy Meat,843,Natural Gas,3,32,Diesel,12.3,2,0,2.9,43,9.11
India,Heavy Meat,189,Heat Pump,4,36,Petrol,88.0,4,1,4.6,6,7.032
Russia,Omnivore,301,Wood,4,0,Petrol,69.1,1,1,14.0,0,4.738
India,Omnivore,575,Wood,1,41,Petrol,1.0,1,0,1.4,29,10.556
India,Omnivore,722,Natural Gas,5,54,Petrol,100.9,3,2,0.1,27,10.164
Brazil,Omnivore,217,Electric,3,57,Hybrid,12.1,3,0,6.0,17,2.385
USA,Heavy Meat,105,Electric,2,44,None,17.4,4,2,5.2,35,6.529
Indonesia,Omnivore,352,Natural Gas,2,85,Petrol,22.8,2,1,14.1,10,7.534
Mexico,Omnivore,405,Wood,4,82,None,74.3,2,0,1.4,12,3.02
Brazil,Omnivore,444,Natural Gas,2,0,None,36.0,3,0,7.4,9,2.924
China,Omnivore,277,Natural Gas,4,63,EV,3.9,5,2,10.2,50,6.279
Indonesia,Heavy Meat,119,Heat Pump,3,11,Diesel,11.3,4,1,3.0,57,4.718
Mexico,Omnivore,543,Oil,1,2,None,15.6,2,0,6.0,17,8.309
Brazil,Omnivore,41,Oil,3,9,Diesel,5.3,4,1,11.8,48,3.787
Brazil,Omnivore,435,Natural Gas,4,49,None,130.4,1,1,7.4,26,2.748
China,Heavy Meat,283,Oil,2,53,Petrol,2.0,0,1,2.0,21,8.378
Indonesia,Heavy Meat,319,Heat Pump,2,76,Petrol,7.5,0,1,1.2,12,6.384
USA,Vegetarian,151,Electric,5,31,Petrol,7.5,0,2,6.8,28,3.363
China,Omnivore,367,Natural Gas,2,52,Diesel,13.5,1,3,8.7,0,10.312
Mexico,Omnivore,112,Natural Gas,3,49,EV,45.2,0,1,12.7,30,3.426
South Africa,Heavy Meat,236,Natural Gas,3,10,Petrol,5.0,3,0,1.4,14,5.395
USA,Omnivore,257,Electric,2,61,Petrol,1.8,1,1,3.1,35,4.923
India,Omnivore,182,Natural Gas,5,23,Hybrid,18.9,3,0,2.0,30,3.131
Poland,Omnivore,306,Oil,4,73,None,43.1,3,0,3.9,40,5.024
USA,Heavy Meat,71,Wood,5,0,EV,24.6,1,0,0.7,24,1.754
Japan,Heavy Meat,177,Heat Pump,4,25,Petrol,37.5,2,1,0.0,56,4.752
Australia,Heavy Meat,564,Electric,2,64,Diesel,3.6,0,1,5.3,12,7.19
Germany,Heavy Meat,279,Oil,3,24,None,19.4,3,0,2.4,34,4.564
South Africa,Vegan,336,Oil,1,68,None,6.0,2,1,0.2,34,10.543
USA,Omnivore,115,Natural Gas,1,19,Petrol,7.9,1,1,4.3,67,7.911
USA,Omnivore,313,Oil,4,22,Hybrid,25.8,7,0,6.5,30,5.376
India,Omnivore,420,Oil,2,11,Petrol,20.1,0,3,8.3,45,10.61
Nigeria,Vegetarian,253,Natural Gas,4,82,Hybrid,74.3,5,0,1.9,8,3.583
UK,Omnivore,257,Oil,1,62,Petrol,31.9,0,0,2.0,30,8.076
Japan,Omnivore,419,Electric,2,63,Diesel,15.3,2,1,1.7,16,6.303
China,Heavy Meat,240,Oil,1,10,Diesel,15.5,1,1,19.1,34,12.889
Canada,Omnivore,443,Wood,5,23,Petrol,10.3,1,1,0.6,40,2.812
Poland,Heavy Meat,258,Natural Gas,3,25,Diesel,26.6,0,0,13.1,8,6.483
Italy,Omnivore,276,Oil,2,59,Diesel,4.5,2,0,1.3,11,5.575
Canada,Omnivore,209,Natural Gas,2,22,Diesel,1.6,3,2,6.1,15,7.728
China,Omnivore,521,Electric,5,18,Hybrid,23.3,1,2,0.7,41,6.195
USA,Omnivore,491,Natural Gas,3,50,Diesel,10.2,4,2,7.8,7,6.992
France,Vegetarian,379,Electric,4,83,Petrol,12.5,2,0,6.1,27,1.431
Japan,Omnivore,69,Natural Gas,2,65,EV,25.6,1,0,10.0,34,4.061
Japan,Omnivore,187,Oil,2,27,Petrol,8.6,0,0,4.9,14,5.144
China,Heavy Meat,236,Natural Gas,4,61,Petrol,10.0,4,0,18.6,20,5.514
USA,Omnivore,378,Oil,5,0,Petrol,3.9,4,3,4.9,50,5.999
South Africa,Omnivore,453,Natural Gas,4,66,Diesel,18.2,1,0,0.4,7,6.183
India,Vegetarian,351,Oil,2,17,Diesel,5.1,3,1,13.6,9,6.876
South Africa,Pescatarian,171,Electric,4,28,Hybrid,7.7,2,1,5.2,12,3.193
India,Pescatarian,175,Heat Pump,3,44,Petrol,13.8,2,1,2.8,9,4.579
USA,Omnivore,498,Oil,5,38,None,7.8,1,1,0.4,0,4.43
India,Vegetarian,381,Heat Pump,1,7,EV,2.5,1,2,0.3,21,10.64
India,Vegetarian,340,Oil,3,0,Petrol,67.6,2,0,3.1,30,6.771
Indonesia,Omnivore,394,Wood,5,96,Petrol,5.8,1,0,1.9,20,3.393
USA,Heavy Meat,311,Electric,3,42,Petrol,3.0,2,1,1.7,21,4.123
India,Omnivore,653,Natural Gas,4,69,Diesel,10.1,5,1,3.6,54,7.209
Mexico,Omnivore,206,Natural Gas,2,21,Hybrid,9.1,2,0,11.1,3,4.0
China,Vegan,546,Electric,1,20,Diesel,1.7,2,2,12.4,34,9.612
Nigeria,Omnivore,281,Wood,4,23,Diesel,13.5,1,1,8.6,0,3.358
Japan,Omnivore,309,Electric,1,56,None,17.1,5,0,2.7,19,6.75
Mexico,Vegetarian,389,Natural Gas,2,39,EV,1.3,2,0,0.3,43,3.909
Norway,Heavy Meat,303,Wood,3,0,None,4.0,0,1,18.8,34,3.028
Australia,Heavy Meat,517,Oil,4,25,Petrol,25.9,2,1,10.5,13,5.901
Indonesia,Omnivore,366,Electric,4,41,Hybrid,52.8,1,0,2.2,16,4.829
South Africa,Heavy Meat,546,Electric,6,57,Diesel,34.0,5,0,18.3,6,5.861
USA,Vegan,667,Electric,2,40,Hybrid,5.5,5,0,3.2,0,4.429
China,Omnivore,679,Heat Pump,2,20,None,0.1,4,1,4.3,9,7.982
China,Omnivore,268,Natural Gas,4,0,Diesel,9.3,4,2,5.7,26,6.357
France,Heavy Meat,174,Heat Pump,5,25,Hybrid,14.6,0,2,4.8,0,3.368
Russia,Heavy Meat,178,Electric,4,27,Diesel,18.4,0,0,1.2,21,3.297
China,Omnivore,76,Natural Gas,3,43,EV,11.3,0,1,0.6,34,5.246
China,Omnivore,281,Wood,4,23,Petrol,8.6,4,1,3.1,51,4.532
USA,Heavy Meat,302,Natural Gas,2,36,Petrol,11.8,3,1,11.2,2,7.119
France,Omnivore,134,Natural Gas,2,43,Diesel,0.6,5,0,5.3,54,4.885
Australia,Heavy Meat,287,Electric,2,66,Petrol,76.2,3,0,0.3,23,8.375
Canada,Omnivore,287,Electric,6,37,EV,26.7,3,1,13.1,63,2.687
Italy,Omnivore,121,Oil,6,23,Petrol,2.1,1,0,11.0,38,2.893
USA,Vegetarian,90,Electric,5,13,EV,28.5,5,0,1.8,0,1.821
China,Vegetarian,236,Heat Pump,3,30,None,14.1,0,0,1.8,32,2.295
India,Pescatarian,265,Heat Pump,2,59,None,9.8,2,0,4.7,3,4.791
China,Omnivore,154,Electric,3,12,None,25.6,3,0,3.8,40,3.239
USA,Omnivore,144,Wood,2,77,Hybrid,7.4,1,1,6.5,18,3.909
China,Pescatarian,333,Electric,3,21,None,8.4,3,3,8.8,36,6.713
Nigeria,Heavy Meat,502,Natural Gas,3,38,Hybrid,7.4,4,2,1.8,22,6.956
Poland,Omnivore,212,Natural Gas,3,61,Petrol,31.3,1,0,0.5,51,5.862
Indonesia,Omnivore,128,Oil,3,71,Hybrid,19.3,4,1,0.7,7,3.976
Norway,Omnivore,550,Natural Gas,2,77,Hybrid,17.3,3,0,1.9,0,5.535
Germany,Omnivore,152,Heat Pump,5,31,Petrol,3.9,2,2,2.5,9,3.49
USA,Omnivore,473,Natural Gas,4,33,Petrol,30.4,0,0,4.3,15,4.282
China,Omnivore,202,Natural Gas,1,76,Hybrid,47.6,3,1,4.7,30,12.027
UK,Omnivore,158,Electric,2,39,Petrol,0.8,3,0,5.4,46,3.584
China,Heavy Meat,214,Wood,1,71,Hybrid,4.3,1,1,1.8,8,7.225
China,Heavy Meat,132,Heat Pump,3,6,Hybrid,23.1,1,2,4.8,12,4.723
India,Omnivore,218,Natural Gas,3,33,Petrol,29.6,1,0,2.5,32,4.78
USA,Omnivore,461,Natural Gas,2,32,Diesel,1.0,1,0,3.3,19,5.401
USA,Heavy Meat,384,Natural Gas,2,41,Diesel,6.3,1,1,0.8,0,6.814
India,Omnivore,404,Oil,4,72,Petrol,25.9,1,3,3.2,41,7.384
India,Pescatarian,213,Oil,2,37,None,2.3,0,1,6.3,16,4.845
China,Omnivore,126,Oil,3,36,Petrol,19.0,1,1,6.9,30,6.958
India,Omnivore,553,Natural Gas,3,22,Hybrid,59.8,2,1,0.9,11,8.052
India,Omnivore,338,Oil,1,37,Petrol,16.9,5,0,0.9,56,9.545
India,Vegetarian,324,Natural Gas,3,17,EV,8.1,1,1,30.0,25,4.597
India,Heavy Meat,375,Natural Gas,3,100,Hybrid,54.0,4,1,0.4,26,7.154
Poland,Omnivore,644,Natural Gas,6,54,Diesel,21.9,1,2,20.0,21,7.273
Brazil,Vegetarian,191,Electric,5,42,EV,5.7,3,4,9.9,0,4.152
Japan,Omnivore,232,Natural Gas,2,7,None,28.9,3,1,1.3,36,5.539
Germany,Omnivore,554,Heat Pump,2,17,None,34.4,2,1,4.1,9,4.989
Brazil,Heavy Meat,339,Natural Gas,2,39,EV,1.0,1,0,6.9,0,3.015
China,Omnivore,315,Natural Gas,3,22,Diesel,8.1,2,1,4.8,0,6.584
Canada,Omnivore,736,Heat Pump,3,33,None,0.0,1,0,3.8,14,3.165
Australia,Omnivore,99,Natural Gas,3,26,Petrol,1.9,3,0,7.8,31,3.308
India,Omnivore,189,Oil,3,12,Hybrid,22.1,1,1,7.8,44,4.594
USA,Omnivore,402,Oil,3,38,Petrol,1.4,1,0,19.2,5,4.983
Brazil,Omnivore,373,Natural Gas,3,58,Petrol,1.4,1,2,0.2,32,4.11
Canada,Omnivore,161,Electric,3,58,EV,30.2,7,0,0.0,21,3.105
India,Heavy Meat,417,Heat Pump,6,25,None,10.6,2,1,7.9,26,3.841
France,Heavy Meat,320,Oil,4,37,Hybrid,5.6,2,0,4.8,0,3.52
Germany,Omnivore,282,Natural Gas,3,17,Petrol,0.6,0,0,1.0,19,4.053
India,Vegetarian,463,Natural Gas,3,23,Hybrid,0.6,2,2,2.1,0,6.878
Canada,Omnivore,329,Natural Gas,5,23,None,3.9,4,0,12.4,9,3.347
USA,Heavy Meat,235,Electric,1,55,Petrol,3.2,2,2,1.2,31,9.158
Indonesia,Heavy Meat,349,Natural Gas,4,47,Petrol,5.4,1,2,14.2,14,5.866
Norway,Heavy Meat,315,Natural Gas,1,48,None,12.4,3,0,2.9,3,7.83
Nigeria,Omnivore,148,Electric,4,65,None,0.4,0,2,3.4,49,3.456
UK,Omnivore,238,Wood,2,58,Diesel,78.1,2,0,2.5,66,6.171
Mexico,Omnivore,294,Natural Gas,5,25,Petrol,24.5,1,2,4.8,27,4.702
China,Omnivore,634,Natural Gas,3,40,Diesel,14.6,4,2,1.6,69,9.399
Japan,Omnivore,183,Wood,2,0,None,3.4,0,1,13.9,24,4.282
Russia,Omnivore,252,Natural Gas,3,25,None,41.2,0,0,1.6,0,4.757
Poland,Omnivore,333,Natural Gas,2,19,Petrol,19.2,1,1,0.5,29,8.581
Italy,Omnivore,281,Electric,4,55,Diesel,39.9,0,0,3.6,0,3.604
USA,Omnivore,487,Natural Gas,6,58,None,6.0,1,1,7.5,15,3.972
Brazil,Omnivore,346,Oil,3,22,None,3.0,6,2,3.0,28,4.512
China,Omnivore,287,Electric,1,35,Diesel,6.9,3,3,3.8,24,11.581
India,Heavy Meat,298,Heat Pump,4,14,Petrol,5.5,0,2,0.2,38,5.761
South Korea,Omnivore,174,Oil,4,2,Petrol,3.5,0,1,2.1,12,3.841
Canada,Heavy Meat,387,Heat Pump,2,16,Petrol,14.5,1,2,5.6,68,6.468
Brazil,Omnivore,205,Electric,4,19,Diesel,3.5,1,1,6.2,43,2.614
Italy,Omnivore,297,Wood,6,68,Hybrid,30.2,2,1,4.5,0,2.55
Mexico,Heavy Meat,115,Electric,2,56,Petrol,15.7,2,0,0.3,25,4.191
India,Omnivore,349,Natural Gas,4,51,EV,17.0,2,2,2.2,80,5.85
USA,Pescatarian,799,Electric,3,34,EV,5.4,3,3,1.8,21,7.152
Italy,Vegetarian,273,Natural Gas,1,40,Petrol,29.5,0,0,0.0,26,6.996
Canada,Omnivore,339,Electric,3,13,Hybrid,2.5,0,2,0.7,30,4.546
Italy,Omnivore,110,Natural Gas,1,38,Petrol,23.7,4,1,0.6,0,9.605
Germany,Omnivore,348,Natural Gas,2,1,Petrol,34.4,2,0,0.6,27,6.376
Italy,Omnivore,279,Oil,6,0,Hybrid,25.6,0,1,10.8,56,3.548
China,Omnivore,119,Natural Gas,4,16,Petrol,43.7,0,0,4.1,0,5.548
France,Omnivore,298,Wood,4,92,Diesel,37.6,2,1,0.2,48,3.535
Russia,Omnivore,316,Electric,1,24,Petrol,5.6,1,2,0.3,27,8.856
Mexico,Omnivore,322,Natural Gas,4,45,Diesel,6.9,3,0,3.9,43,3.727
South Korea,Omnivore,123,Oil,4,47,None,18.6,1,0,0.8,22,3.125
USA,Omnivore,823,Natural Gas,6,61,Petrol,55.9,2,0,2.8,7,5.758
France,Omnivore,433,Electric,2,34,Petrol,61.6,2,1,2.2,32,7.166
Italy,Omnivore,356,Wood,3,78,Hybrid,15.4,3,1,3.4,29,4.403
Indonesia,Pescatarian,327,Electric,6,61,Petrol,17.5,1,1,2.1,14,3.669
South Africa,Vegan,299,Natural Gas,4,0,None,41.4,4,0,3.3,26,4.344
Japan,Vegetarian,276,Natural Gas,5,11,Petrol,19.2,2,0,1.2,25,3.234
Germany,Heavy Meat,301,Oil,2,56,None,22.0,2,0,6.3,36,5.889
China,Heavy Meat,643,Heat Pump,4,7,Diesel,25.7,4,1,6.5,44,5.777
Mexico,Heavy Meat,203,Electric,1,25,Petrol,32.9,3,0,3.7,24,7.909
USA,Omnivore,134,Natural Gas,3,78,Petrol,2.3,3,2,8.3,31,5.485
UK,Omnivore,291,Natural Gas,1,79,Diesel,57.5,3,0,6.1,8,9.813
China,Omnivore,114,Oil,6,45,Petrol,23.3,3,0,4.6,0,4.568
China,Omnivore,142,Electric,2,46,Diesel,8.9,3,1,3.6,0,5.598
UK,Omnivore,477,Electric,1,58,Petrol,30.2,1,0,8.5,12,6.854
Japan,Omnivore,460,Oil,2,37,Hybrid,40.9,3,2,1.0,17,9.804
India,Omnivore,151,Oil,1,0,Petrol,1.3,1,1,14.0,0,6.923
Nigeria,Omnivore,403,Wood,2,43,None,6.0,2,0,1.8,39,4.533
Australia,Heavy Meat,192,Electric,2,41,Petrol,12.6,4,1,5.2,29,6.58
Nigeria,Omnivore,209,Wood,5,43,Hybrid,4.1,0,1,1.5,0,3.22
Japan,Omnivore,434,Natural Gas,3,51,None,9.1,2,2,5.2,27,6.384
Canada,Omnivore,684,Electric,4,17,Diesel,18.5,1,3,14.4,49,5.1
USA,Vegan,44,Natural Gas,2,12,Petrol,7.2,2,0,2.3,36,3.599
India,Heavy Meat,431,Electric,2,67,Petrol,36.2,2,1,2.7,54,9.155
Poland,Vegetarian,595,Natural Gas,3,49,None,7.7,2,1,0.0,20,7.181
India,Omnivore,35,Oil,3,69,Petrol,42.4,1,1,1.6,36,5.08
Japan,Omnivore,99,Natural Gas,1,57,None,11.4,3,0,15.9,0,6.668
Sweden,Omnivore,193,Wood,1,23,Petrol,44.7,0,1,4.7,8,8.147
France,Omnivore,491,Electric,3,75,Hybrid,21.3,1,0,1.5,27,2.834
France,Omnivore,256,Oil,3,74,EV,1.5,1,0,3.5,16,2.965
USA,Omnivore,626,Natural Gas,1,67,Petrol,6.2,0,2,8.6,31,11.386
Japan,Heavy Meat,244,Electric,5,22,EV,25.7,3,1,0.3,30,3.304
Brazil,Omnivore,453,Electric,4,58,EV,6.0,2,0,3.2,59,1.953
Poland,Omnivore,60,Natural Gas,4,27,Diesel,31.2,2,0,2.8,32,4.73
Norway,Heavy Meat,262,Electric,3,30,None,56.2,2,1,0.5,31,3.943
Indonesia,Heavy Meat,175,Natural Gas,1,41,None,7.0,2,1,3.4,15,7.549
Australia,Omnivore,390,Natural Gas,4,53,None,11.8,1,0,2.0,62,3.463
China,Vegetarian,474,Heat Pump,3,31,Petrol,4.3,4,0,8.1,0,4.258
Germany,Omnivore,254,Natural Gas,1,12,Petrol,3.5,2,0,1.9,13,6.717
Italy,Omnivore,233,Natural Gas,4,23,Diesel,20.0,2,0,5.3,32,3.424
Indonesia,Vegetarian,511,Natural Gas,4,0,None,4.0,3,1,10.7,3,5.482
China,Heavy Meat,105,Wood,2,70,Petrol,48.4,1,0,11.4,36,5.409
Mexico,Vegan,246,Natural Gas,4,69,Petrol,0.4,1,1,2.5,15,2.761
Indonesia,Omnivore,572,Natural Gas,4,10,Petrol,4.5,4,1,26.4,30,5.813
Mexico,Omnivore,244,Wood,2,59,EV,3.2,2,1,0.1,37,5.402
China,Omnivore,156,Oil,5,16,Petrol,10.1,0,1,6.1,42,4.96
Germany,Heavy Meat,297,Electric,1,19,None,7.1,1,1,2.5,53,6.451
USA,Heavy Meat,271,Heat Pump,1,69,Petrol,3.3,2,1,3.3,8,7.419
Nigeria,Omnivore,819,Oil,4,56,Petrol,12.2,2,0,2.7,58,5.16
India,Heavy Meat,468,Natural Gas,2,32,Petrol,37.7,0,1,8.7,24,10.077
China,Omnivore,239,Heat Pump,5,29,Hybrid,15.5,4,0,5.0,20,2.732
USA,Omnivore,170,Oil,3,31,Petrol,19.4,1,0,2.9,35,4.831
South Africa,Heavy Meat,283,Electric,2,23,Petrol,7.6,1,1,6.8,0,6.689
India,Heavy Meat,305,Heat Pump,3,36,None,6.6,3,3,2.4,4,7.067
Italy,Vegetarian,233,Wood,1,64,Diesel,60.7,3,0,3.4,1,6.873
Nigeria,Vegan,272,Natural Gas,3,23,Hybrid,5.2,3,1,0.1,16,3.353
UK,Omnivore,333,Electric,1,61,Diesel,34.5,1,0,2.5,9,6.63
China,Omnivore,601,Electric,2,6,Diesel,0.5,2,0,1.2,20,6.029
Italy,Omnivore,740,Heat Pump,5,26,EV,60.6,2,2,2.9,23,4.443
South Africa,Vegan,359,Natural Gas,1,44,None,25.6,0,0,8.2,20,7.951
China,Omnivore,394,Oil,3,40,None,10.2,1,1,2.2,3,7.256
India,Omnivore,600,Heat Pump,3,59,EV,1.6,0,0,3.0,11,5.636
Japan,Omnivore,75,Natural Gas,2,74,Petrol,19.3,2,1,0.6,69,6.093
Brazil,Omnivore,277,Oil,5,23,Petrol,2.0,1,0,3.9,23,1.891
China,Pescatarian,229,Natural Gas,6,28,Diesel,15.7,2,0,1.5,20,3.846
USA,Omnivore,393,Oil,4,16,Petrol,16.6,4,1,4.2,37,5.651
UK,Omnivore,324,Natural Gas,5,43,Hybrid,18.8,2,1,3.0,10,4.524
Brazil,Heavy Meat,387,Electric,2,17,Petrol,31.9,1,0,3.5,44,4.814
USA,Omnivore,168,Wood,4,66,Hybrid,1.2,6,1,9.5,40,3.112
India,Omnivore,261,Oil,1,16,Diesel,0.9,3,0,18.8,31,6.894
USA,Omnivore,239,Electric,2,61,Petrol,15.5,1,0,0.5,8,4.098
UK,Omnivore,198,Natural Gas,3,53,Diesel,6.6,3,2,5.7,35,6.151
Brazil,Omnivore,331,Electric,5,25,Petrol,5.8,0,0,1.6,9,1.821
Brazil,Heavy Meat,430,Electric,2,28,Hybrid,37.3,1,0,1.7,20,4.41
USA,Omnivore,199,Electric,2,21,Petrol,14.7,3,1,13.5,23,5.617
China,Pescatarian,559,Electric,5,90,Petrol,2.6,0,0,2.1,27,2.422
South Africa,Omnivore,471,Natural Gas,2,27,None,1.7,2,0,2.8,37,8.157
Italy,Vegetarian,413,Natural Gas,2,20,Petrol,11.2,2,2,6.7,3,7.143
USA,Omnivore,406,Electric,3,93,Diesel,15.6,5,0,39.1,23,4.274
India,Vegetarian,243,Natural Gas,2,74,Petrol,19.1,4,1,0.5,30,6.538
Norway,Omnivore,614,Natural Gas,2,59,EV,63.6,2,0,14.6,0,5.169
Russia,Vegetarian,428,Natural Gas,1,75,Hybrid,13.0,0,1,1.5,13,9.132
Italy,Omnivore,474,Natural Gas,5,33,EV,5.2,6,0,4.5,4,2.914
Canada,Omnivore,199,Wood,4,35,Diesel,2.7,4,1,0.4,0,3.3
USA,Omnivore,304,Oil,1,30,EV,20.7,3,1,0.1,29,9.492
Russia,Heavy Meat,242,Electric,4,13,EV,13.8,0,0,13.4,10,2.456
South Africa,Omnivore,262,Electric,5,59,EV,35.6,0,1,0.1,28,3.643
USA,Heavy Meat,167,Electric,5,54,Diesel,33.1,3,0,11.1,9,3.61
Italy,Pescatarian,256,Electric,4,54,Petrol,6.3,0,1,5.9,37,2.646
Canada,Vegan,286,Heat Pump,2,1,None,12.3,3,1,1.8,53,3.529
India,Omnivore,188,Oil,1,43,EV,17.2,3,0,1.1,32,6.58
India,Vegan,192,Oil,5,28,None,21.5,0,0,3.6,75,1.843
South Korea,Heavy Meat,248,Wood,2,26,EV,22.3,1,2,6.1,35,6.282
China,Heavy Meat,344,Electric,3,12,None,20.7,1,0,0.7,19,4.134
Nigeria,Omnivore,316,Oil,4,18,EV,97.8,3,0,9.3,0,3.365
India,Omnivore,100,Electric,4,21,Hybrid,55.4,2,1,3.4,61,3.999
Russia,Heavy Meat,220,Electric,3,21,EV,18.4,4,1,17.8,0,5.096
Australia,Omnivore,290,Electric,4,31,Diesel,81.9,1,0,3.9,0,5.374
Australia,Omnivore,531,Natural Gas,3,54,Diesel,40.9,2,0,2.3,63,6.898
USA,Omnivore,321,Electric,3,53,None,8.6,2,1,4.1,17,3.9
Japan,Pescatarian,498,Natural Gas,3,13,Petrol,5.8,1,1,7.6,45,5.679
South Korea,Pescatarian,197,Electric,2,39,EV,0.8,1,1,1.4,5,4.453
Germany,Heavy Meat,531,Natural Gas,3,54,EV,30.4,1,1,6.6,19,5.829
India,Omnivore,199,Natural Gas,2,0,EV,20.6,3,0,0.0,35,4.806
Australia,Vegetarian,526,Natural Gas,3,48,None,1.0,4,0,1.3,21,4.945
Japan,Omnivore,383,Natural Gas,3,4,None,11.1,1,0,0.4,12,4.815
China,Omnivore,220,Natural Gas,3,23,Petrol,10.0,6,1,0.6,36,7.059
Norway,Pescatarian,172,Natural Gas,2,13,Petrol,6.2,2,1,0.4,45,6.349
Norway,Omnivore,265,Natural Gas,4,45,Petrol,3.4,1,0,0.6,0,3.569
China,Heavy Meat,697,Natural Gas,6,40,Hybrid,2.8,1,0,13.5,20,5.102
USA,Omnivore,362,Oil,4,6,EV,66.9,2,0,0.2,10,4.44
Poland,Omnivore,357,Wood,4,62,Diesel,8.0,2,0,10.0,26,3.12
India,Heavy Meat,327,Natural Gas,2,43,Diesel,18.7,4,1,6.6,5,7.638
India,Heavy Meat,611,Electric,3,14,Petrol,7.1,2,1,6.5,52,7.762
Mexico,Omnivore,273,Oil,1,25,Petrol,10.8,2,1,4.0,4,7.632
Brazil,Omnivore,369,Electric,3,82,Hybrid,5.0,2,0,4.6,26,1.804
India,Pescatarian,232,Heat Pump,4,47,EV,40.0,1,1,1.9,22,4.073
India,Omnivore,356,Electric,3,33,Hybrid,28.1,6,4,0.9,48,9.176
China,Omnivore,720,Oil,4,71,Hybrid,35.9,1,2,3.1,43,8.135
India,Omnivore,692,Heat Pump,4,0,None,16.3,1,0,4.3,50,5.84
Germany,Heavy Meat,621,Natural Gas,4,13,None,29.7,2,1,1.1,29,5.333
Australia,Heavy Meat,231,Heat Pump,3,34,Petrol,30.3,0,1,12.3,43,5.398
China,Omnivore,90,Natural Gas,3,72,Hybrid,10.5,0,1,0.1,39,5.22
India,Omnivore,250,Electric,4,43,Petrol,36.2,2,1,3.5,5,5.398
India,Vegan,219,Heat Pump,1,34,Diesel,0.5,0,0,2.5,22,4.413
UK,Pescatarian,338,Natural Gas,3,15,EV,0.7,1,0,0.9,26,3.189
USA,Omnivore,347,Natural Gas,2,27,Hybrid,30.2,1,0,5.7,17,5.769
China,Omnivore,221,Electric,1,73,None,1.7,2,3,1.6,46,10.725
Australia,Heavy Meat,364,Heat Pump,5,43,None,48.1,3,0,0.7,29,3.627
China,Omnivore,149,Natural Gas,4,39,Petrol,13.9,1,1,3.8,14,5.032
Canada,Vegan,574,Natural Gas,3,38,None,19.2,2,0,3.8,31,3.158
Canada,Omnivore,377,Natural Gas,1,23,Hybrid,9.7,1,0,15.8,29,8.3
South Korea,Omnivore,170,Natural Gas,3,64,Petrol,4.9,0,0,9.3,47,3.426
Japan,Omnivore,312,Oil,3,38,Diesel,5.5,4,0,0.1,21,5.32
USA,Heavy Meat,895,Electric,5,66,Hybrid,5.9,0,0,4.3,27,3.775
Germany,Omnivore,353,Electric,2,100,Petrol,21.6,2,0,5.3,52,4.945
India,Omnivore,183,Oil,3,49,Diesel,78.0,4,0,1.1,38,6.347
Norway,Omnivore,198,Oil,3,0,None,7.7,0,0,6.3,29,4.341
India,Omnivore,383,Natural Gas,4,23,Petrol,27.9,1,0,2.0,57,5.414
Germany,Omnivore,381,Electric,3,66,Petrol,6.1,0,1,2.1,25,3.991
India,Omnivore,419,Natural Gas,3,28,Diesel,8.3,1,0,1.5,48,4.742
Mexico,Pescatarian,109,Natural Gas,6,83,Diesel,8.4,1,1,10.7,50,1.938
UK,Omnivore,116,Electric,3,58,Hybrid,24.8,2,0,6.3,0,3.102
Germany,Omnivore,222,Natural Gas,2,66,Diesel,6.0,3,1,1.3,32,6.547
China,Heavy Meat,228,Electric,1,45,Petrol,54.1,3,3,1.8,31,15.46
Germany,Vegetarian,432,Heat Pump,3,59,None,2.0,2,1,9.1,4,4.043
China,Pescatarian,248,Natural Gas,1,62,Hybrid,1.5,2,0,6.2,0,8.176
Germany,Omnivore,365,Natural Gas,4,31,Diesel,28.3,1,0,2.4,44,4.29
South Africa,Omnivore,203,Electric,4,10,None,17.4,2,0,1.4,14,3.132
China,Pescatarian,316,Oil,4,62,None,1.2,1,0,2.7,51,4.751
Germany,Heavy Meat,238,Natural Gas,4,15,Petrol,25.7,3,0,13.5,8,4.494
Japan,Omnivore,303,Wood,2,37,Petrol,24.0,1,1,0.8,61,6.412
India,Heavy Meat,95,Natural Gas,1,97,Diesel,6.8,1,0,0.2,35,5.108
Norway,Pescatarian,184,Oil,2,0,Petrol,47.5,3,0,0.8,60,8.291
Germany,Vegetarian,322,Wood,5,37,None,13.5,2,0,7.4,24,1.601
China,Vegan,563,Electric,3,71,Diesel,9.7,1,1,5.2,20,5.375
Russia,Omnivore,248,Natural Gas,3,39,Hybrid,45.8,1,3,9.0,57,8.113
Nigeria,Pescatarian,334,Natural Gas,2,16,Petrol,0.4,4,1,0.3,14,5.75
Sweden,Omnivore,551,Wood,3,54,Petrol,1.5,1,0,3.1,38,2.63
India,Heavy Meat,153,Natural Gas,4,51,Petrol,3.3,4,4,4.3,8,6.606
Brazil,Omnivore,379,Natural Gas,3,59,Petrol,14.6,5,0,4.1,24,3.536
Russia,Omnivore,140,Natural Gas,1,27,Diesel,24.6,1,0,1.7,19,8.807
China,Omnivore,187,Electric,4,30,Petrol,7.4,4,2,4.2,16,5.273
India,Pescatarian,436,Wood,3,0,None,6.7,1,1,1.8,0,5.704
China,Pescatarian,277,Oil,2,16,Diesel,0.6,2,0,7.5,43,7.291
China,Omnivore,102,Electric,3,6,Hybrid,10.5,6,2,1.9,22,5.662
USA,Omnivore,373,Natural Gas,3,71,Diesel,33.7,2,0,9.7,30,5.547
China,Vegan,215,Oil,2,72,Petrol,12.9,2,0,2.3,45,6.85
Russia,Heavy Meat,486,Electric,4,33,Diesel,45.9,3,0,2.0,37,5.212
Italy,Omnivore,257,Natural Gas,4,79,Hybrid,13.1,1,1,6.3,0,3.713
India,Omnivore,210,Electric,2,80,Petrol,18.5,1,1,0.7,36,5.539
Norway,Vegan,333,Electric,3,16,None,61.2,3,0,0.5,42,1.408
Japan,Pescatarian,448,Natural Gas,5,51,Petrol,4.7,1,0,3.9,43,3.214
France,Omnivore,195,Electric,2,27,Hybrid,11.5,1,0,9.4,30,3.418
South Korea,Omnivore,150,Natural Gas,5,68,Diesel,37.3,2,0,0.0,49,3.681
Germany,Omnivore,326,Electric,6,9,Hybrid,5.4,0,0,0.1,17,1.578
China,Omnivore,99,Heat Pump,3,27,Petrol,26.1,1,0,6.5,0,3.353
UK,Heavy Meat,237,Natural Gas,4,48,None,36.8,0,0,0.8,4,3.272
Poland,Pescatarian,150,Natural Gas,3,33,Diesel,30.3,3,2,3.7,17,7.628
France,Omnivore,92,Natural Gas,3,59,Petrol,0.2,2,0,0.6,13,3.118
Germany,Pescatarian,290,Natural Gas,3,23,Diesel,7.2,2,1,1.7,27,4.862
UK,Omnivore,122,Natural Gas,6,47,Diesel,40.1,0,0,2.0,17,3.293
Germany,Pescatarian,148,Heat Pump,3,32,Petrol,14.3,2,0,0.4,17,2.737
South Africa,Omnivore,324,Natural Gas,4,27,Petrol,22.9,1,0,4.8,40,5.111
Japan,Omnivore,298,Natural Gas,3,22,None,7.8,2,1,1.4,30,4.959
India,Omnivore,126,Wood,2,55,None,10.6,0,2,4.5,15,4.844
South Africa,Omnivore,539,Electric,2,76,None,9.6,0,3,2.1,38,10.338
Mexico,Omnivore,274,Natural Gas,3,88,Petrol,10.3,0,1,12.6,26,3.809
China,Heavy Meat,630,Natural Gas,5,51,Petrol,35.8,1,0,0.9,67,6.326
Japan,Heavy Meat,381,Natural Gas,3,0,Petrol,12.1,1,0,2.0,48,4.832
Italy,Heavy Meat,161,Heat Pump,6,20,None,18.8,2,0,1.3,0,1.815
India,Vegetarian,409,Heat Pump,1,36,Hybrid,7.0,1,0,12.3,6,7.698
India,Heavy Meat,362,Natural Gas,3,20,Petrol,17.4,2,1,7.0,15,6.873
USA,Omnivore,99,Natural Gas,3,44,None,2.2,2,3,14.9,43,6.469
Russia,Omnivore,237,Natural Gas,2,7,Diesel,41.3,0,0,4.7,32,6.957
USA,Vegetarian,96,Wood,2,50,None,2.3,4,0,3.1,23,2.991
India,Vegetarian,616,Natural Gas,2,27,Petrol,12.6,3,1,2.5,53,8.924
France,Pescatarian,421,Electric,4,29,Petrol,3.7,0,1,2.5,19,2.518
India,Omnivore,374,Electric,2,91,EV,24.8,1,1,0.4,28,5.985
South Africa,Omnivore,344,Oil,1,100,Hybrid,13.8,2,1,0.3,33,12.249
France,Omnivore,262,Wood,3,32,Hybrid,9.1,3,0,6.4,19,2.797
Germany,Heavy Meat,154,Electric,3,33,EV,19.5,1,1,8.6,6,3.354
India,Pescatarian,557,Wood,3,93,Diesel,20.7,3,1,1.0,15,7.307
Indonesia,Heavy Meat,226,Natural Gas,1,63,None,5.5,2,1,1.6,16,7.91
India,Pescatarian,352,Electric,4,0,None,11.0,1,1,11.5,79,4.571
USA,Omnivore,130,Natural Gas,4,23,None,1.7,4,0,9.2,52,3.793
India,Omnivore,322,Electric,4,54,Petrol,19.5,1,2,1.8,14,5.916
China,Omnivore,280,Natural Gas,4,100,Petrol,62.7,1,0,2.7,28,6.721
India,Omnivore,521,Electric,2,14,Petrol,9.5,1,4,0.1,11,11.926
India,Heavy Meat,124,Oil,4,57,Diesel,22.0,0,2,0.5,7,4.756
China,Heavy Meat,163,Electric,4,5,EV,30.3,0,0,1.2,0,2.496
Japan,Heavy Meat,170,Electric,2,99,None,4.3,0,1,0.9,27,4.552
China,Heavy Meat,165,Natural Gas,3,39,Diesel,12.1,3,0,1.0,0,5.272
France,Vegan,142,Natural Gas,2,32,None,19.1,3,2,2.3,15,5.357
Mexico,Omnivore,119,Natural Gas,4,73,Hybrid,5.0,2,1,2.2,48,3.284
Mexico,Omnivore,436,Wood,6,48,EV,6.6,2,0,12.2,31,2.835
USA,Omnivore,120,Heat Pump,1,57,Diesel,3.6,2,0,8.3,10,4.296
China,Omnivore,296,Wood,4,61,Diesel,5.4,2,0,2.5,23,3.474
Japan,Omnivore,163,Natural Gas,2,34,Petrol,15.9,6,1,6.4,17,7.201
Australia,Omnivore,875,Natural Gas,4,33,None,4.4,3,1,1.6,33,6.795
Australia,Vegan,389,Electric,2,95,None,35.8,2,0,2.2,29,3.912
UK,Omnivore,486,Natural Gas,3,93,Diesel,32.1,3,1,0.8,3,6.553
India,Omnivore,135,Electric,3,8,Petrol,6.8,3,1,0.5,26,4.418
Australia,Omnivore,447,Electric,1,31,Petrol,1.8,4,1,19.4,38,10.199
India,Omnivore,280,Wood,1,82,None,12.6,0,0,0.0,55,6.459
Italy,Omnivore,386,Natural Gas,3,49,Hybrid,5.8,1,1,0.4,11,4.422
Germany,Omnivore,217,Oil,2,92,Petrol,17.3,1,0,7.1,9,5.257
South Africa,Omnivore,188,Wood,4,17,EV,4.8,3,1,2.6,0,4.456
Japan,Omnivore,320,Natural Gas,2,10,Hybrid,0.8,1,3,4.2,11,8.502
India,Omnivore,558,Natural Gas,3,53,Hybrid,37.0,3,1,0.6,21,8.382
South Korea,Omnivore,237,Wood,2,29,None,3.5,2,1,13.4,10,4.658
South Korea,Omnivore,254,Electric,4,45,Hybrid,40.3,3,0,2.2,28,3.233
India,Omnivore,372,Oil,2,49,None,0.4,2,1,1.2,10,7.058
Norway,Pescatarian,461,Electric,5,64,Diesel,25.3,3,2,2.7,34,3.773
UK,Omnivore,296,Natural Gas,3,58,Petrol,9.1,0,1,5.5,58,4.429
France,Heavy Meat,72,Natural Gas,1,44,Petrol,1.2,2,0,0.6,10,6.62
Japan,Vegetarian,243,Electric,3,25,Petrol,41.3,1,2,1.0,46,5.682
Germany,Omnivore,243,Natural Gas,1,53,None,102.4,1,0,5.6,23,6.109
India,Omnivore,192,Natural Gas,3,53,EV,2.4,1,0,4.4,0,3.333
India,Omnivore,385,Electric,2,10,EV,18.0,0,2,0.2,25,7.468
Mexico,Vegan,575,Heat Pump,6,57,None,2.1,1,0,0.2,5,2.179
UK,Omnivore,462,Electric,1,14,EV,6.0,3,0,9.9,28,6.098
USA,Omnivore,361,Natural Gas,3,41,Diesel,0.2,1,0,1.5,21,4.041
USA,Omnivore,65,Electric,5,41,Hybrid,16.6,2,0,3.8,0,2.203
Japan,Omnivore,234,Heat Pump,3,7,Hybrid,42.7,2,0,1.7,10,3.707
China,Omnivore,558,Oil,2,66,Hybrid,23.3,2,2,0.3,58,11.816
China,Omnivore,435,Heat Pump,1,17,EV,45.8,2,0,1.7,21,7.49
India,Heavy Meat,142,Oil,5,41,Diesel,8.2,3,0,1.9,38,2.308
India,Omnivore,127,Natural Gas,3,75,Petrol,117.0,1,0,2.1,83,7.395
France,Omnivore,262,Wood,1,70,None,5.3,3,0,1.0,0,4.169
India,Omnivore,387,Natural Gas,3,85,EV,8.0,2,0,2.8,7,4.285
China,Omnivore,404,Natural Gas,5,12,Hybrid,2.4,1,0,2.1,53,4.509
Australia,Vegetarian,164,Oil,1,38,None,36.5,2,0,1.2,0,5.433
India,Vegetarian,378,Wood,3,68,EV,17.3,1,0,1.7,20,4.047
India,Heavy Meat,73,Electric,4,0,Diesel,37.8,3,3,3.6,20,6.416
Brazil,Omnivore,228,Wood,4,35,None,16.2,4,1,8.0,0,2.687
Canada,Omnivore,491,Electric,5,5,Diesel,4.8,1,1,4.6,6,3.436
Nigeria,Omnivore,266,Natural Gas,4,61,None,46.4,0,0,2.3,11,3.063
UK,Omnivore,498,Electric,1,46,Diesel,18.0,0,0,10.4,24,5.763
USA,Heavy Meat,155,Wood,2,18,Petrol,28.4,1,0,2.2,17,4.743
Brazil,Omnivore,488,Electric,3,75,Petrol,8.0,2,1,9.1,43,3.576
France,Omnivore,192,Wood,2,70,Hybrid,14.9,2,0,4.8,38,3.443
China,Omnivore,252,Natural Gas,3,36,Hybrid,11.2,0,1,10.8,36,5.757
Japan,Vegetarian,557,Wood,4,15,Diesel,68.7,4,1,2.1,6,6.365
Poland,Omnivore,124,Natural Gas,3,81,Petrol,28.0,5,1,4.4,60,6.774
Mexico,Omnivore,437,Electric,3,38,None,14.3,2,1,9.1,49,4.929
Indonesia,Vegetarian,315,Electric,3,37,Hybrid,1.0,3,0,4.0,23,3.275
Australia,Omnivore,239,Electric,4,91,None,23.2,4,1,13.2,23,4.297
USA,Heavy Meat,369,Natural Gas,1,38,Hybrid,23.3,5,0,0.4,38,9.477
Brazil,Heavy Meat,60,Oil,3,53,None,2.7,1,0,4.8,0,2.463
UK,Heavy Meat,420,Oil,3,42,None,4.8,4,0,2.0,27,4.941
India,Heavy Meat,325,Electric,2,50,Diesel,22.9,1,0,1.4,36,6.524
China,Pescatarian,428,Natural Gas,3,63,Diesel,7.6,2,0,1.4,3,5.485
Indonesia,Omnivore,165,Electric,3,32,Petrol,13.7,0,0,1.5,21,2.902
India,Pescatarian,108,Natural Gas,2,44,Diesel,7.9,0,0,1.3,16,3.153
China,Vegetarian,277,Natural Gas,3,61,None,30.8,2,2,21.2,66,6.225
India,Omnivore,191,Natural Gas,5,0,EV,2.1,2,2,5.2,71,3.948
Norway,Omnivore,441,Natural Gas,2,21,Petrol,22.0,2,1,4.2,6,7.27
China,Omnivore,97,Oil,2,49,Diesel,56.7,4,0,12.1,20,9.146
USA,Heavy Meat,315,Wood,4,38,Petrol,7.8,4,1,5.0,39,4.252
Brazil,Vegetarian,263,Wood,1,30,None,5.9,3,1,5.0,0,4.501
Indonesia,Omnivore,133,Electric,3,38,Petrol,12.6,1,0,1.6,7,3.167
China,Omnivore,253,Heat Pump,2,81,None,10.5,2,3,8.6,39,6.754
South Korea,Omnivore,470,Oil,4,2,EV,7.7,1,0,17.8,22,4.465
India,Vegan,287,Electric,1,0,Petrol,20.2,1,2,20.3,27,10.175
India,Omnivore,303,Natural Gas,3,46,Petrol,23.6,0,1,0.7,52,6.029
Italy,Vegetarian,128,Natural Gas,4,0,Hybrid,6.0,1,3,3.5,17,4.978
Brazil,Heavy Meat,217,Oil,4,61,None,50.1,1,2,1.0,0,3.402
India,Omnivore,428,Natural Gas,1,54,Petrol,16.2,1,0,0.5,5,9.535
China,Omnivore,161,Wood,4,21,None,4.0,0,0,14.0,46,2.502
China,Heavy Meat,257,Heat Pump,3,19,EV,7.1,1,1,1.7,0,4.573
China,Heavy Meat,223,Electric,2,35,Petrol,15.2,2,4,11.1,0,9.729
USA,Omnivore,415,Natural Gas,3,4,Petrol,31.9,1,1,0.3,72,6.891
Brazil,Omnivore,204,Electric,5,67,Diesel,25.3,6,0,5.4,35,2.68
Japan,Heavy Meat,344,Electric,3,25,Petrol,2.1,1,1,7.2,25,4.692
China,Heavy Meat,190,Wood,1,47,None,14.2,1,1,0.1,60,7.362
South Korea,Heavy Meat,240,Wood,2,49,Diesel,2.1,4,0,3.1,5,4.963
USA,Omnivore,200,Natural Gas,2,40,Petrol,9.7,0,1,19.7,46,6.12
China,Vegetarian,229,Electric,2,72,Petrol,7.4,3,0,0.9,20,3.963
Norway,Omnivore,327,Wood,2,22,EV,9.3,3,2,4.8,3,5.326
China,Omnivore,218,Heat Pump,4,44,Petrol,6.2,3,0,2.2,35,2.65
USA,Omnivore,185,Natural Gas,4,96,Diesel,44.2,3,0,3.7,0,5.111
China,Omnivore,343,Oil,3,57,Petrol,0.3,1,0,1.1,6,6.286
Norway,Heavy Meat,422,Wood,3,84,Petrol,31.2,1,0,0.9,20,3.199
China,Heavy Meat,171,Heat Pump,4,43,Hybrid,19.3,7,0,9.8,43,3.897
France,Omnivore,127,Oil,5,68,EV,25.4,2,2,16.5,35,4.438
India,Vegetarian,466,Natural Gas,1,56,Petrol,6.7,2,0,1.2,11,8.539
Brazil,Omnivore,269,Natural Gas,6,0,Petrol,14.7,3,0,3.5,14,2.455
China,Vegetarian,441,Heat Pump,3,11,Petrol,12.8,3,2,9.5,1,5.956
France,Omnivore,536,Natural Gas,1,52,Diesel,15.8,3,0,2.0,11,6.816
India,Omnivore,362,Electric,2,4,Petrol,14.6,3,0,0.4,19,7.154
France,Omnivore,245,Natural Gas,2,11,EV,17.1,1,1,1.1,32,5.663
China,Heavy Meat,190,Wood,2,29,Petrol,48.5,0,1,24.5,47,7.774
India,Omnivore,332,Oil,2,0,Petrol,11.7,2,1,4.5,0,7.587
Canada,Omnivore,432,Electric,4,54,Diesel,56.4,7,0,1.3,42,5.027
Norway,Omnivore,213,Wood,2,39,None,31.3,1,2,2.8,12,4.594
Norway,Heavy Meat,194,Electric,2,12,None,4.2,3,1,6.0,30,4.51
Brazil,Omnivore,342,Wood,2,34,None,0.4,3,0,2.8,15,2.986
USA,Omnivore,183,Natural Gas,3,56,Petrol,59.2,0,4,1.0,5,9.028
China,Omnivore,185,Natural Gas,2,43,Diesel,11.1,2,1,1.9,25,7.193
USA,Pescatarian,518,Oil,2,44,None,61.2,4,1,2.9,13,7.029
Germany,Omnivore,381,Natural Gas,6,50,Petrol,11.1,3,0,0.1,55,2.86
India,Omnivore,335,Oil,4,17,Petrol,18.4,2,0,4.9,46,4.46
France,Omnivore,74,Oil,6,18,None,0.1,1,2,1.4,24,3.753
India,Omnivore,114,Natural Gas,3,11,EV,42.9,1,1,0.2,27,3.492
India,Heavy Meat,399,Heat Pump,2,40,Petrol,26.5,2,0,7.0,51,7.511
Russia,Omnivore,134,Natural Gas,4,78,None,3.2,2,2,1.3,39,5.432
China,Omnivore,153,Natural Gas,2,40,Hybrid,59.6,2,1,8.3,38,8.336
USA,Omnivore,412,Oil,1,34,Hybrid,2.5,1,1,11.0,33,10.428
China,Omnivore,53,Natural Gas,2,10,Petrol,2.8,2,1,1.6,47,6.03
Mexico,Omnivore,302,Heat Pump,3,23,Diesel,39.4,3,1,3.2,19,5.961
Sweden,Vegan,353,Wood,4,74,None,48.5,2,0,11.2,0,1.391
Brazil,Omnivore,173,Natural Gas,4,1,None,17.9,6,2,3.1,4,4.011
India,Heavy Meat,75,Natural Gas,4,62,None,31.5,1,0,1.8,0,2.371
USA,Omnivore,217,Electric,2,53,Hybrid,35.3,3,0,8.4,2,4.516
India,Pescatarian,141,Natural Gas,3,51,EV,9.0,2,2,0.5,7,4.459
India,Omnivore,241,Heat Pump,2,59,Diesel,14.3,2,1,8.4,38,6.268
China,Heavy Meat,201,Wood,1,68,Petrol,11.5,2,0,5.0,0,6.719
Mexico,Omnivore,385,Electric,3,0,Diesel,8.8,3,2,6.9,0,6.767
China,Omnivore,548,Natural Gas,2,12,Hybrid,9.8,5,1,4.5,39,9.323
India,Omnivore,104,Natural Gas,3,61,Hybrid,2.9,1,2,2.9,24,4.022
Sweden,Omnivore,209,Wood,2,38,Hybrid,1.6,2,4,4.2,28,7.175
Indonesia,Omnivore,389,Natural Gas,4,64,Diesel,6.4,5,1,1.7,12,5.107
South Korea,Pescatarian,441,Oil,4,60,Diesel,22.8,0,2,6.7,20,6.15
India,Omnivore,192,Electric,1,65,Petrol,20.8,3,0,2.4,66,7.945
China,Heavy Meat,302,Natural Gas,1,38,Diesel,29.2,2,0,2.5,0,11.238
Poland,Heavy Meat,567,Natural Gas,2,51,EV,32.2,3,0,21.8,47,9.005
Poland,Omnivore,394,Natural Gas,3,2,Hybrid,2.5,0,0,2.6,24,5.488
USA,Pescatarian,181,Heat Pump,2,19,Diesel,7.7,4,1,0.2,33,4.421
India,Omnivore,140,Electric,1,71,Petrol,2.4,1,0,5.6,43,5.389
India,Heavy Meat,58,Natural Gas,1,49,Hybrid,22.6,3,0,0.5,7,5.367
Germany,Pescatarian,375,Heat Pump,2,20,Hybrid,24.4,2,0,1.2,39,4.492
South Korea,Omnivore,313,Natural Gas,1,33,Petrol,2.4,4,0,2.9,8,7.81
Poland,Heavy Meat,851,Natural Gas,5,59,EV,1.6,0,0,0.8,51,5.929
Indonesia,Omnivore,254,Natural Gas,3,48,None,15.7,1,0,1.3,14,3.733
China,Heavy Meat,284,Natural Gas,4,25,Petrol,8.1,4,2,1.8,5,7.195
China,Heavy Meat,178,Natural Gas,4,40,None,22.0,0,0,3.6,24,4.02
India,Vegetarian,351,Wood,1,56,None,32.9,1,0,20.9,4,6.537
Canada,Heavy Meat,302,Natural Gas,4,31,Petrol,3.7,2,2,4.0,51,5.754
Italy,Vegan,183,Natural Gas,2,60,Diesel,11.9,1,0,0.1,19,3.594
Indonesia,Omnivore,705,Wood,2,39,Petrol,0.7,1,0,1.8,0,6.858
India,Omnivore,220,Oil,2,39,None,12.6,1,2,1.8,2,7.121
USA,Vegan,341,Heat Pump,3,45,None,48.0,2,1,8.6,51,3.029
Australia,Pescatarian,162,Heat Pump,3,56,Petrol,14.7,2,0,4.9,56,3.067
India,Heavy Meat,294,Natural Gas,3,19,None,9.0,0,2,2.6,10,5.945
France,Omnivore,460,Electric,3,37,Hybrid,24.4,2,3,1.9,4,5.612
Germany,Pescatarian,165,Wood,1,75,Petrol,14.8,1,2,4.0,31,8.004
Indonesia,Pescatarian,241,Natural Gas,1,10,Diesel,21.1,0,0,3.1,56,6.818
South Korea,Omnivore,140,Electric,6,54,Diesel,15.1,4,1,4.4,23,3.235
Sweden,Heavy Meat,451,Oil,6,46,Petrol,5.5,2,0,1.9,30,3.924
Russia,Omnivore,344,Electric,2,10,Petrol,11.6,1,1,3.0,52,5.912
Italy,Omnivore,115,Heat Pump,2,26,Diesel,20.7,0,1,11.5,8,4.439
Canada,Pescatarian,342,Natural Gas,2,31,EV,20.9,2,1,5.1,0,6.094
India,Vegetarian,287,Natural Gas,3,53,None,9.9,4,1,0.1,12,4.866
India,Omnivore,274,Natural Gas,4,4,Hybrid,4.3,2,0,5.2,15,3.635
USA,Heavy Meat,170,Wood,2,41,None,0.7,2,0,11.3,5,3.429
USA,Omnivore,126,Natural Gas,2,33,EV,6.8,2,1,4.2,29,4.863
South Korea,Heavy Meat,488,Heat Pump,3,45,Diesel,4.2,2,1,0.7,18,4.712
USA,Heavy Meat,156,Natural Gas,4,0,None,49.9,4,1,6.2,6,4.73
India,Omnivore,411,Heat Pump,4,32,EV,6.6,1,2,0.3,66,5.821
China,Pescatarian,661,Wood,5,16,None,13.4,2,1,3.1,23,4.32
France,Omnivore,408,Natural Gas,2,26,Hybrid,70.3,1,0,8.7,35,6.265
Nigeria,Omnivore,178,Natural Gas,3,17,Petrol,21.1,3,2,2.5,35,5.886
India,Omnivore,342,Natural Gas,4,45,None,69.7,3,0,12.6,13,3.756
USA,Omnivore,303,Electric,3,18,None,13.1,3,2,6.0,24,4.928
South Korea,Heavy Meat,302,Natural Gas,2,31,Petrol,17.2,5,0,11.5,0,6.495
France,Heavy Meat,394,Natural Gas,5,0,Petrol,44.4,2,0,1.0,2,4.121
India,Heavy Meat,161,Electric,2,27,Diesel,29.7,2,0,6.6,29,5.454
Italy,Heavy Meat,122,Wood,3,21,None,6.6,2,1,4.4,51,4.104
India,Omnivore,792,Natural Gas,3,68,Hybrid,2.1,5,3,9.8,24,11.363
India,Omnivore,404,Electric,5,21,None,21.7,5,1,5.0,53,4.599
France,Heavy Meat,89,Natural Gas,2,56,None,9.9,4,0,0.3,12,4.965
China,Heavy Meat,439,Heat Pump,1,31,Petrol,30.5,0,1,1.5,12,10.746
Brazil,Omnivore,281,Natural Gas,2,11,Petrol,1.4,4,3,5.7,57,7.201
China,Omnivore,160,Natural Gas,3,35,Hybrid,3.8,0,1,0.2,0,5.794
India,Pescatarian,143,Heat Pump,2,0,None,1.5,4,0,2.2,18,4.203
Norway,Omnivore,402,Heat Pump,5,63,Diesel,4.0,0,1,4.3,52,2.393
India,Vegetarian,768,Natural Gas,6,7,Petrol,20.2,1,2,3.3,5,6.169
Norway,Vegetarian,214,Electric,3,30,Petrol,19.2,1,0,1.2,34,2.172
India,Omnivore,190,Heat Pump,2,63,Petrol,27.6,3,0,7.6,36,5.731
Indonesia,Heavy Meat,171,Heat Pump,3,41,Hybrid,12.2,2,2,7.1,0,5.723
India,Omnivore,218,Natural Gas,4,63,Diesel,7.0,4,1,3.1,19,4.281
Brazil,Omnivore,405,Electric,3,0,None,0.6,3,1,1.3,0,3.355
Nigeria,Omnivore,236,Electric,5,46,None,4.8,2,0,4.7,13,3.306
China,Omnivore,340,Natural Gas,2,24,Petrol,4.5,0,0,4.7,30,6.82
UK,Vegetarian,528,Natural Gas,4,46,Petrol,7.6,0,1,6.5,35,3.629
USA,Omnivore,363,Natural Gas,1,26,Petrol,35.5,3,2,1.2,33,13.27
Germany,Vegetarian,227,Natural Gas,2,43,Petrol,5.8,0,1,25.6,30,4.97
Sweden,Omnivore,647,Electric,3,7,Petrol,6.6,0,2,4.2,21,4.869
USA,Heavy Meat,185,Heat Pump,1,21,Diesel,13.7,2,1,2.3,16,7.992
India,Heavy Meat,615,Wood,5,61,None,63.5,3,2,2.1,26,6.515
India,Vegetarian,709,Natural Gas,3,59,Petrol,2.1,2,0,10.2,41,6.563
India,Omnivore,408,Natural Gas,3,15,None,19.4,4,0,3.6,29,4.874
Australia,Vegan,300,Electric,4,50,Petrol,81.0,0,1,8.6,24,5.977
India,Heavy Meat,393,Natural Gas,2,82,Petrol,2.4,5,2,9.8,22,9.404
Germany,Omnivore,353,Natural Gas,2,45,Hybrid,36.7,2,1,1.6,30,7.297
Italy,Heavy Meat,113,Natural Gas,1,68,None,5.4,1,0,8.2,18,6.302
France,Omnivore,396,Natural Gas,4,51,Petrol,28.7,0,0,2.9,36,3.975
Australia,Pescatarian,278,Natural Gas,1,65,Petrol,36.1,2,1,0.0,6,10.172
Germany,Vegetarian,598,Oil,5,0,Petrol,22.9,1,1,0.1,33,5.047
India,Heavy Meat,204,Natural Gas,4,0,Diesel,0.4,3,2,2.7,29,4.84
Nigeria,Omnivore,254,Wood,3,30,Diesel,20.5,0,2,4.0,24,5.127
South Korea,Heavy Meat,299,Natural Gas,2,42,Petrol,23.8,1,1,8.7,0,7.047
India,Heavy Meat,143,Electric,1,13,None,60.1,2,0,1.5,44,5.624
India,Vegan,544,Electric,3,75,Diesel,3.5,2,3,3.5,33,7.531
Mexico,Heavy Meat,211,Natural Gas,3,47,Petrol,3.8,3,2,5.6,50,5.496
Japan,Pescatarian,364,Heat Pump,2,25,None,49.2,0,1,1.2,42,5.357
China,Omnivore,141,Natural Gas,3,88,Hybrid,45.6,1,1,3.7,28,5.912
India,Omnivore,515,Electric,3,100,Petrol,91.5,2,0,5.6,13,8.685
USA,Omnivore,194,Electric,5,54,Petrol,15.9,1,0,8.8,0,2.515
Russia,Omnivore,151,Wood,2,57,EV,1.2,1,1,13.0,9,3.874
India,Omnivore,616,Natural Gas,4,80,Diesel,3.3,3,0,13.1,20,5.605
China,Omnivore,217,Natural Gas,3,45,Diesel,13.6,0,1,2.6,8,6.495
India,Vegetarian,588,Oil,3,60,None,9.5,2,1,12.3,42,6.187
Australia,Pescatarian,231,Natural Gas,4,67,None,31.0,1,3,1.1,13,4.797
Australia,Omnivore,326,Heat Pump,5,44,Hybrid,21.3,0,4,3.0,29,5.899
Japan,Omnivore,377,Oil,3,0,Hybrid,47.8,0,0,0.6,27,5.936
South Korea,Omnivore,392,Oil,2,23,Petrol,9.3,0,0,2.0,0,5.935
USA,Vegetarian,379,Electric,5,25,Petrol,3.4,2,0,3.3,42,2.513
France,Omnivore,213,Natural Gas,3,18,Diesel,36.6,1,0,6.1,53,4.667
Mexico,Omnivore,553,Oil,2,21,None,32.7,3,2,3.5,1,7.823
USA,Omnivore,159,Natural Gas,6,85,Petrol,21.2,1,0,1.8,33,2.649
Japan,Heavy Meat,407,Natural Gas,3,0,Petrol,53.0,1,1,19.1,2,8.275
UK,Pescatarian,103,Natural Gas,4,77,Hybrid,14.2,2,0,1.4,7,2.882
USA,Vegetarian,248,Oil,3,24,Diesel,43.3,1,2,6.3,15,7.118
Indonesia,Omnivore,520,Heat Pump,3,79,EV,34.6,0,2,6.3,55,6.686
Norway,Heavy Meat,216,Electric,4,56,Petrol,25.7,6,3,3.7,52,5.74
Germany,Omnivore,186,Heat Pump,3,0,Petrol,42.8,2,1,1.0,46,5.356
Nigeria,Omnivore,95,Natural Gas,4,14,Hybrid,4.7,3,0,16.0,20,2.736
China,Vegetarian,129,Heat Pump,3,74,Diesel,19.1,1,0,10.0,56,3.025
China,Omnivore,125,Oil,3,56,Petrol,25.5,4,0,2.5,19,6.65
South Africa,Heavy Meat,230,Oil,2,20,None,3.6,2,1,0.8,49,7.878
Germany,Omnivore,86,Electric,5,58,Hybrid,6.6,2,1,1.0,0,2.068
India,Vegetarian,126,Oil,5,41,Hybrid,10.3,3,0,1.6,11,2.349
China,Pescatarian,92,Natural Gas,3,41,Diesel,0.7,1,2,3.0,33,5.633
Brazil,Vegetarian,243,Heat Pump,5,43,Petrol,17.0,4,1,2.5,5,3.2
South Africa,Omnivore,159,Natural Gas,4,95,Petrol,6.0,2,0,0.7,47,3.86
Russia,Omnivore,124,Electric,2,34,Diesel,15.2,2,0,13.9,40,4.225
Germany,Vegan,523,Natural Gas,4,21,Diesel,6.7,3,0,0.7,15,3.302
South Africa,Omnivore,508,Natural Gas,1,53,Hybrid,1.8,2,0,8.4,27,11.816
Italy,Vegetarian,395,Oil,4,29,Diesel,22.3,2,0,3.5,22,3.713
South Africa,Omnivore,541,Natural Gas,4,58,Diesel,8.6,1,1,8.0,20,6.736
India,Omnivore,173,Heat Pump,4,23,Petrol,5.9,2,2,6.1,46,4.277
Russia,Pescatarian,387,Natural Gas,2,67,Petrol,1.1,1,2,6.8,22,7.819
Russia,Pescatarian,342,Heat Pump,4,49,Petrol,0.5,4,1,1.1,39,3.139
India,Omnivore,227,Electric,3,40,None,7.8,1,2,2.5,41,5.107
France,Heavy Meat,252,Electric,1,41,None,41.8,2,2,0.1,2,7.986
UK,Vegetarian,286,Electric,1,0,None,2.3,3,1,0.4,8,5.835
India,Omnivore,329,Natural Gas,2,41,None,22.5,0,0,6.4,34,4.765
Brazil,Heavy Meat,317,Natural Gas,2,63,Petrol,4.4,1,2,9.4,14,5.806
Canada,Omnivore,447,Natural Gas,4,32,Petrol,39.3,1,0,2.7,35,5.399
India,Heavy Meat,82,Heat Pump,5,11,Petrol,2.1,3,1,1.0,38,3.149
China,Heavy Meat,424,Electric,3,23,None,64.1,3,2,5.7,34,6.229
Sweden,Omnivore,301,Natural Gas,3,56,Petrol,4.4,0,1,0.7,15,4.936
Mexico,Omnivore,115,Natural Gas,2,33,Hybrid,6.7,2,0,7.8,4,3.198
USA,Heavy Meat,153,Natural Gas,1,24,Diesel,36.4,1,0,0.0,4,8.533
UK,Heavy Meat,236,Electric,1,56,Hybrid,12.8,3,1,1.9,49,7.361
Brazil,Vegetarian,180,Wood,2,47,Hybrid,2.2,3,2,6.2,20,4.161
China,Heavy Meat,426,Natural Gas,3,82,Petrol,1.5,2,1,1.4,0,6.793
China,Omnivore,317,Electric,2,0,None,8.8,4,1,0.3,26,6.288
Poland,Vegan,464,Natural Gas,4,83,Hybrid,3.6,2,1,3.6,8,4.992
South Korea,Omnivore,446,Natural Gas,3,10,Petrol,16.7,1,4,1.2,15,8.794
Brazil,Heavy Meat,146,Electric,3,0,Petrol,86.3,2,1,1.1,0,6.279
Mexico,Vegan,522,Wood,1,51,Petrol,22.1,2,1,2.5,35,8.951
Australia,Omnivore,173,Electric,4,29,Petrol,11.2,3,1,14.5,0,4.273
South Africa,Heavy Meat,105,Natural Gas,3,68,None,2.7,2,1,11.5,0,4.86
India,Omnivore,295,Natural Gas,4,56,Petrol,4.4,6,1,2.0,34,4.936
Nigeria,Vegan,319,Wood,1,9,None,35.7,3,0,3.4,26,4.957
China,Vegetarian,365,Natural Gas,4,79,Petrol,66.9,0,0,5.7,34,6.263
Mexico,Omnivore,192,Natural Gas,1,52,None,9.0,2,0,8.6,6,4.726
Italy,Omnivore,167,Heat Pump,2,67,Petrol,5.3,2,0,2.1,16,3.402
China,Omnivore,142,Natural Gas,2,78,Petrol,19.1,1,1,0.2,46,7.049
UK,Vegetarian,243,Natural Gas,4,0,Petrol,9.0,1,0,4.8,7,3.104
Germany,Omnivore,138,Electric,4,47,None,35.3,1,1,3.9,59,3.328
Australia,Omnivore,550,Natural Gas,3,76,Petrol,4.3,2,0,0.2,14,5.756
China,Vegan,329,Wood,1,12,Petrol,20.9,5,0,6.1,17,6.672
Australia,Omnivore,161,Natural Gas,4,48,Petrol,31.4,1,0,1.5,0,4.142
China,Omnivore,779,Natural Gas,3,79,Petrol,4.7,0,1,0.9,59,7.498
Norway,Pescatarian,144,Oil,4,8,None,27.1,1,0,5.9,45,3.944
China,Omnivore,530,Oil,5,30,None,3.5,4,1,5.3,22,6.357
Australia,Heavy Meat,728,Heat Pump,3,0,None,1.1,1,0,12.5,29,6.541
USA,Heavy Meat,260,Natural Gas,3,0,Petrol,4.1,2,2,3.1,15,6.181
Canada,Pescatarian,152,Natural Gas,4,51,None,3.3,0,0,3.7,27,2.758
India,Vegan,300,Heat Pump,1,17,Diesel,14.0,3,1,2.4,3,8.551
Canada,Omnivore,323,Natural Gas,4,44,Diesel,28.5,4,1,0.5,54,5.871
India,Heavy Meat,317,Wood,4,48,None,3.9,1,1,1.0,34,4.675
Indonesia,Vegetarian,409,Natural Gas,1,19,Petrol,16.7,1,2,3.3,0,10.529
India,Omnivore,685,Heat Pump,3,36,Petrol,31.9,2,1,3.5,31,9.043
Nigeria,Vegan,427,Heat Pump,3,70,None,3.9,1,1,14.4,0,4.04
Mexico,Omnivore,84,Oil,2,40,Diesel,6.2,3,3,3.3,0,7.219
Poland,Vegetarian,364,Heat Pump,3,51,Diesel,34.0,1,1,14.6,15,5.062
Mexico,Vegetarian,203,Natural Gas,3,7,None,2.8,2,0,0.5,61,2.374
USA,Omnivore,395,Natural Gas,1,29,Diesel,19.6,1,3,5.5,15,13.337
India,Omnivore,233,Electric,3,35,None,41.2,2,0,1.5,7,4.197
UK,Vegetarian,279,Natural Gas,4,38,Hybrid,5.2,0,1,4.4,0,3.053
UK,Heavy Meat,510,Heat Pump,2,63,None,1.9,1,1,12.0,51,4.717
China,Omnivore,238,Natural Gas,5,60,EV,6.4,0,0,0.2,3,3.904
China,Vegetarian,462,Electric,4,28,Petrol,31.7,3,0,6.8,52,3.993
UK,Omnivore,581,Natural Gas,2,40,Petrol,10.0,1,1,5.1,0,6.625
Russia,Omnivore,243,Natural Gas,1,12,Diesel,9.3,2,0,3.4,0,8.508
India,Omnivore,281,Wood,2,38,None,20.1,1,1,5.2,17,5.362
India,Omnivore,387,Wood,2,19,Petrol,21.4,4,1,5.2,31,7.48
Poland,Omnivore,252,Wood,4,11,Hybrid,1.6,1,1,5.0,15,3.753
India,Vegetarian,733,Electric,3,28,Petrol,36.9,4,0,3.1,60,9.054
India,Heavy Meat,168,Heat Pump,1,9,Diesel,27.2,1,1,1.3,60,8.262
Australia,Vegan,150,Electric,4,36,Petrol,2.2,1,2,1.5,44,3.194
Brazil,Omnivore,392,Natural Gas,3,32,Hybrid,4.5,2,0,1.5,11,2.435
Indonesia,Omnivore,232,Natural Gas,3,58,None,33.8,0,0,0.1,6,2.912
USA,Omnivore,156,Natural Gas,2,67,Petrol,38.2,1,0,1.9,63,5.367
China,Heavy Meat,491,Oil,2,2,EV,26.7,0,0,12.8,17,8.712
UK,Heavy Meat,475,Oil,3,72,None,22.6,3,2,4.1,67,6.898
Brazil,Heavy Meat,507,Natural Gas,5,0,EV,45.0,3,2,3.7,25,3.553
Japan,Vegan,412,Oil,1,50,Hybrid,13.8,1,1,3.3,19,8.956
India,Vegetarian,285,Oil,1,48,Petrol,7.5,7,0,4.2,6,8.405
Poland,Heavy Meat,124,Natural Gas,1,97,None,26.3,2,1,1.0,34,9.704
China,Pescatarian,176,Natural Gas,3,38,Petrol,32.6,3,2,6.7,9,7.583
China,Omnivore,391,Electric,4,49,EV,12.9,1,2,12.2,32,5.327
Russia,Omnivore,192,Heat Pump,1,22,Hybrid,29.4,0,0,2.3,7,5.148
China,Vegetarian,605,Electric,6,63,None,63.2,3,0,5.7,16,2.963
Germany,Omnivore,318,Natural Gas,4,58,Diesel,38.9,2,2,3.2,37,6.224
UK,Vegetarian,435,Natural Gas,1,0,Hybrid,98.5,3,1,6.1,54,11.75
South Korea,Pescatarian,202,Natural Gas,2,61,EV,3.8,1,1,9.2,31,5.579
Japan,Vegan,130,Natural Gas,2,20,EV,18.2,1,0,3.8,0,3.825
USA,Omnivore,250,Electric,2,38,EV,6.4,0,0,2.2,1,3.065
Sweden,Heavy Meat,254,Wood,6,34,Petrol,10.7,2,1,0.4,0,2.771
South Africa,Omnivore,238,Natural Gas,3,66,Hybrid,9.6,2,1,8.2,11,5.976
UK,Omnivore,295,Electric,3,1,Petrol,2.9,2,1,3.9,45,4.664
UK,Omnivore,277,Oil,1,61,EV,14.4,5,1,0.1,19,9.15
India,Omnivore,503,Natural Gas,3,18,Diesel,2.8,3,1,11.6,80,7.464
India,Pescatarian,1082,Natural Gas,3,13,Petrol,6.2,2,0,5.5,53,9.43
Italy,Heavy Meat,302,Natural Gas,3,0,Diesel,7.0,4,1,1.3,29,5.046
China,Vegetarian,437,Oil,3,47,None,16.8,0,0,3.0,28,5.916
Indonesia,Omnivore,499,Electric,4,15,Hybrid,34.9,2,1,4.1,17,5.647
Japan,Omnivore,405,Heat Pump,2,100,Diesel,16.2,0,0,1.3,37,4.223
USA,Pescatarian,249,Natural Gas,2,65,Petrol,41.4,7,0,4.4,37,7.105
Brazil,Omnivore,293,Oil,2,34,None,22.2,3,1,3.1,29,3.942
UK,Omnivore,480,Wood,3,78,Diesel,87.0,2,0,2.2,12,6.182
UK,Omnivore,517,Natural Gas,4,62,EV,7.1,4,0,10.0,46,4.124
China,Omnivore,621,Natural Gas,2,28,Diesel,26.7,2,0,1.5,12,9.416
UK,Omnivore,441,Heat Pump,3,59,Diesel,12.3,4,1,1.3,8,4.636
USA,Omnivore,339,Electric,2,9,EV,7.6,1,0,3.1,35,3.977
Mexico,Omnivore,310,Oil,2,28,None,57.1,2,0,13.1,0,4.16
Nigeria,Pescatarian,324,Electric,4,12,Petrol,12.9,2,0,14.2,27,2.895
USA,Heavy Meat,142,Wood,4,39,Diesel,42.1,1,1,0.5,36,4.392
Mexico,Omnivore,255,Natural Gas,1,32,Hybrid,17.4,3,0,12.5,1,6.668
Brazil,Omnivore,232,Oil,3,95,Petrol,1.4,1,0,5.3,37,1.89
Nigeria,Vegetarian,346,Heat Pump,3,42,Hybrid,1.1,4,0,0.8,25,3.122
India,Omnivore,444,Heat Pump,4,30,None,2.1,1,1,0.9,30,4.849
China,Omnivore,314,Electric,2,31,Petrol,32.3,3,2,12.5,35,8.372
South Korea,Omnivore,319,Natural Gas,5,28,EV,8.3,3,1,9.6,27,4.59
Germany,Omnivore,383,Electric,3,58,None,5.3,3,0,1.3,1,3.106
Brazil,Heavy Meat,136,Electric,2,57,Diesel,31.2,2,1,7.4,0,5.595
China,Vegetarian,207,Electric,3,28,Hybrid,33.7,2,0,0.6,21,4.209
South Africa,Omnivore,301,Electric,4,0,Diesel,71.6,2,2,7.1,1,7.817
China,Omnivore,286,Natural Gas,1,31,None,19.2,2,0,2.4,30,8.953
Germany,Omnivore,302,Natural Gas,1,35,Petrol,61.3,2,0,0.5,50,11.552
Germany,Omnivore,337,Natural Gas,3,2,None,49.1,0,0,4.4,33,4.053
China,Vegetarian,313,Oil,4,27,Petrol,47.4,3,0,0.7,25,7.066
Russia,Pescatarian,219,Natural Gas,1,45,Petrol,6.2,3,0,0.1,13,7.691
Brazil,Heavy Meat,224,Wood,4,35,EV,2.7,0,0,9.7,36,1.542
Germany,Omnivore,379,Heat Pump,1,10,Petrol,7.9,2,0,0.4,0,6.134
Australia,Omnivore,404,Natural Gas,3,38,None,11.6,2,0,0.2,27,4.539
Japan,Omnivore,124,Heat Pump,3,78,Diesel,111.0,3,0,18.6,72,6.497
Nigeria,Heavy Meat,205,Electric,5,25,Petrol,32.4,1,1,3.3,28,4.183
China,Pescatarian,132,Natural Gas,4,0,Petrol,16.4,1,2,3.4,30,6.002
USA,Pescatarian,380,Electric,5,37,None,37.4,2,2,1.5,60,4.044
China,Omnivore,656,Natural Gas,3,74,Hybrid,8.3,1,2,9.5,91,8.649
China,Omnivore,603,Natural Gas,2,27,None,6.0,3,0,1.6,54,8.347
China,Heavy Meat,265,Natural Gas,5,33,EV,1.5,3,0,0.6,0,4.478
India,Heavy Meat,202,Wood,1,29,Petrol,1.9,0,1,5.4,51,7.699
Germany,Heavy Meat,580,Electric,4,38,Petrol,16.6,4,1,8.0,51,4.798
China,Vegan,217,Natural Gas,4,21,Diesel,10.4,3,0,2.5,70,4.367
China,Omnivore,258,Oil,2,39,Petrol,32.9,1,1,14.2,40,9.865
Nigeria,Vegan,300,Electric,6,21,Petrol,13.4,2,0,9.8,35,2.258
Nigeria,Omnivore,195,Natural Gas,2,76,Diesel,7.1,3,1,5.8,32,5.072
USA,Omnivore,218,Wood,2,21,Petrol,6.4,0,2,1.4,40,5.74
Germany,Vegan,286,Wood,3,34,Petrol,18.3,1,1,0.0,22,2.927
Canada,Omnivore,507,Natural Gas,2,77,Hybrid,1.4,1,1,6.3,43,6.315
USA,Omnivore,238,Electric,1,61,Diesel,7.2,3,1,6.8,13,7.088
USA,Pescatarian,325,Electric,4,74,Diesel,12.5,0,1,2.8,62,3.106
France,Omnivore,298,Oil,6,36,Petrol,5.0,1,0,2.6,4,2.392
South Korea,Pescatarian,398,Natural Gas,4,62,Petrol,79.8,1,1,1.7,47,6.688
India,Omnivore,143,Oil,4,20,Petrol,33.5,1,2,13.9,22,5.399
Indonesia,Omnivore,122,Oil,3,40,Hybrid,34.7,3,1,2.6,0,4.466
Australia,Vegetarian,476,Natural Gas,1,62,None,6.0,1,1,5.9,37,8.854
India,Omnivore,450,Electric,2,99,Petrol,29.6,0,3,1.7,4,10.55
India,Omnivore,317,Electric,2,16,Petrol,15.8,3,1,9.6,0,7.3
China,Omnivore,177,Natural Gas,4,9,Hybrid,33.2,0,1,12.2,30,5.255
France,Omnivore,322,Electric,3,21,EV,95.0,1,0,6.6,38,2.487
Japan,Pescatarian,206,Oil,6,50,Petrol,47.4,2,2,13.1,12,5.006
Germany,Omnivore,625,Natural Gas,3,36,Hybrid,79.5,0,1,0.8,0,7.384
South Africa,Omnivore,288,Wood,1,2,Petrol,18.9,3,2,2.8,6,12.272
China,Pescatarian,212,Heat Pump,1,38,Hybrid,36.1,1,0,5.2,0,6.081
Poland,Omnivore,461,Oil,1,19,Hybrid,5.5,1,1,0.9,34,14.07
India,Vegetarian,356,Natural Gas,1,41,Petrol,9.0,1,4,19.0,43,13.593
China,Omnivore,738,Natural Gas,4,100,Diesel,20.3,6,0,1.4,36,6.581
Russia,Heavy Meat,314,Wood,3,70,Diesel,12.2,4,3,1.4,1,6.366
India,Heavy Meat,374,Natural Gas,3,37,None,16.7,0,1,5.8,0,5.718
China,Heavy Meat,297,Natural Gas,2,61,Diesel,7.4,0,1,11.1,57,7.959
USA,Omnivore,460,Electric,5,63,Hybrid,20.6,1,2,1.7,0,4.59
France,Pescatarian,672,Natural Gas,2,75,Petrol,13.8,3,0,0.0,0,4.725
India,Omnivore,296,Natural Gas,1,41,Petrol,62.3,2,1,3.8,24,13.138
France,Omnivore,206,Oil,3,60,None,20.7,1,2,1.6,22,5.382
India,Heavy Meat,219,Natural Gas,1,78,Hybrid,3.9,4,2,2.2,14,10.21
Germany,Omnivore,280,Electric,2,28,None,6.2,2,1,3.6,26,4.363
UK,Pescatarian,347,Electric,4,57,Petrol,13.7,1,0,20.5,5,2.92
Brazil,Pescatarian,443,Oil,3,45,Diesel,23.8,6,0,4.2,48,3.546
India,Pescatarian,203,Electric,6,9,Petrol,41.1,1,1,2.4,4,3.865
Indonesia,Omnivore,296,Wood,5,4,Hybrid,0.7,5,2,0.6,56,4.85
USA,Vegetarian,74,Electric,5,43,Hybrid,23.3,2,0,1.9,41,1.946
Mexico,Heavy Meat,419,Oil,2,16,Hybrid,10.5,3,1,4.1,37,6.879
China,Omnivore,310,Natural Gas,2,42,None,12.4,1,0,5.5,55,6.861
India,Omnivore,227,Natural Gas,2,51,Diesel,58.1,2,0,1.4,19,6.726
China,Pescatarian,346,Oil,5,19,Petrol,7.7,1,0,3.3,28,4.747
Norway,Omnivore,54,Heat Pump,2,30,Petrol,14.4,1,1,2.6,26,4.237
India,Pescatarian,168,Electric,2,68,Petrol,19.4,3,1,0.8,5,6.235
Canada,Omnivore,412,Electric,1,32,Petrol,0.7,5,0,1.0,3,5.919
USA,Heavy Meat,338,Electric,2,2,Diesel,6.5,4,0,3.6,16,5.692
India,Vegan,176,Natural Gas,2,28,EV,33.8,1,0,2.7,0,2.693
India,Heavy Meat,284,Oil,2,28,Petrol,66.4,0,2,6.5,45,10.532
France,Omnivore,224,Natural Gas,1,42,Petrol,10.9,2,1,1.5,69,7.757
Nigeria,Vegetarian,477,Natural Gas,3,61,Diesel,12.9,1,0,0.5,8,3.463
China,Pescatarian,429,Natural Gas,4,54,Hybrid,6.9,4,1,3.9,54,5.824
India,Omnivore,267,Natural Gas,4,79,None,11.0,1,0,2.1,14,3.419
France,Vegetarian,200,Oil,3,26,None,4.8,1,0,24.9,36,2.951
USA,Pescatarian,117,Natural Gas,1,27,None,11.1,1,0,2.3,56,5.323
Germany,Omnivore,369,Natural Gas,1,25,Hybrid,38.7,2,1,3.8,3,10.048
South Korea,Heavy Meat,155,Natural Gas,2,35,Diesel,15.1,0,1,11.1,28,6.331
UK,Omnivore,317,Electric,2,42,Diesel,10.4,2,2,0.3,0,5.97
USA,Omnivore,175,Electric,6,49,Diesel,4.3,3,0,4.3,30,2.025
China,Omnivore,343,Oil,2,40,Petrol,42.8,3,0,0.9,39,10.193
India,Omnivore,355,Natural Gas,5,58,Diesel,38.7,4,0,0.2,15,4.805
UK,Heavy Meat,320,Electric,3,1,Petrol,5.3,3,0,0.5,0,3.675
Russia,Omnivore,244,Natural Gas,1,73,Hybrid,12.0,1,1,1.7,9,9.829
USA,Omnivore,140,Natural Gas,4,61,Petrol,2.4,1,1,3.9,23,3.507
India,Pescatarian,541,Electric,1,23,Petrol,14.1,4,0,4.9,8,10.927
India,Omnivore,534,Heat Pump,1,53,Diesel,14.7,2,0,20.7,20,11.128
Indonesia,Vegan,502,Natural Gas,5,16,Hybrid,90.2,0,0,1.9,18,4.925
USA,Vegetarian,196,Electric,2,58,Petrol,2.9,1,0,1.4,0,2.492
Australia,Omnivore,391,Oil,1,52,Diesel,19.0,1,0,2.7,26,9.174
South Africa,Pescatarian,254,Electric,5,30,Diesel,14.6,0,0,0.4,22,3.718
China,Omnivore,179,Oil,2,42,Hybrid,4.5,3,0,1.4,43,7.481
India,Omnivore,610,Natural Gas,2,25,EV,62.6,6,1,0.1,0,10.113
India,Heavy Meat,412,Natural Gas,2,47,Petrol,14.5,2,0,2.9,22,7.022
India,Omnivore,198,Heat Pump,5,31,Petrol,25.4,0,0,3.5,38,3.021
Russia,Vegan,243,Heat Pump,5,2,Hybrid,6.0,3,1,2.6,53,2.778
Nigeria,Omnivore,372,Natural Gas,4,32,None,20.3,2,1,13.3,0,4.085
Canada,Omnivore,197,Heat Pump,3,2,EV,6.0,4,1,1.8,30,3.774
Germany,Heavy Meat,954,Electric,2,25,Diesel,67.8,0,0,0.2,6,8.383
India,Omnivore,591,Electric,1,52,Petrol,30.1,1,0,6.9,64,12.951
China,Omnivore,359,Electric,4,47,Diesel,5.1,6,0,13.8,27,3.833
Germany,Omnivore,315,Natural Gas,4,53,Petrol,42.3,1,0,0.6,23,4.68
China,Omnivore,443,Oil,3,60,Diesel,9.5,2,0,2.9,34,6.525
Mexico,Omnivore,564,Natural Gas,3,33,EV,5.6,1,1,0.9,47,5.214
USA,Omnivore,498,Natural Gas,5,75,None,55.6,3,0,0.6,11,3.753
India,Omnivore,325,Electric,5,47,Diesel,89.0,0,2,6.5,27,6.968
India,Pescatarian,454,Oil,3,15,Hybrid,2.4,3,0,8.4,37,5.778
China,Pescatarian,79,Electric,4,60,Hybrid,6.0,3,2,0.0,13,4.234
Russia,Pescatarian,223,Natural Gas,1,30,Petrol,20.2,3,0,9.4,34,9.218
South Korea,Omnivore,785,Natural Gas,5,52,Diesel,16.9,2,1,11.4,38,5.554
USA,Heavy Meat,329,Natural Gas,4,65,Hybrid,10.3,2,0,0.5,16,3.516
Sweden,Omnivore,291,Natural Gas,6,30,Petrol,3.8,4,1,9.9,12,3.806
France,Heavy Meat,493,Natural Gas,3,21,Petrol,3.7,2,0,2.2,17,4.198
France,Pescatarian,146,Oil,4,6,Hybrid,2.2,4,1,3.9,27,3.723
China,Omnivore,433,Wood,2,48,None,14.4,3,2,0.9,33,7.271
India,Heavy Meat,188,Electric,3,71,None,29.1,6,1,3.4,49,4.975
China,Omnivore,205,Natural Gas,2,20,Diesel,0.9,0,2,2.1,61,8.392
Nigeria,Heavy Meat,181,Heat Pump,5,0,Hybrid,38.9,0,0,0.1,34,2.515
Mexico,Omnivore,195,Electric,4,47,Petrol,17.4,2,0,2.3,42,3.335
Mexico,Omnivore,484,Natural Gas,4,22,Petrol,3.9,4,2,4.3,31,5.366
Australia,Omnivore,351,Natural Gas,1,81,Petrol,29.3,1,1,5.3,28,10.72
Sweden,Heavy Meat,321,Electric,4,67,None,37.4,2,0,7.2,6,2.039
Poland,Vegetarian,282,Oil,5,57,Diesel,23.5,3,0,1.7,22,5.077
China,Omnivore,567,Natural Gas,5,74,Diesel,4.9,2,0,8.7,0,5.03
Russia,Vegetarian,113,Natural Gas,3,68,Petrol,17.9,3,1,17.8,24,5.472
India,Heavy Meat,301,Electric,5,76,Petrol,32.9,0,2,0.0,0,5.628
Japan,Omnivore,294,Electric,3,18,Hybrid,14.9,0,0,0.8,30,4.012
USA,Omnivore,418,Oil,4,0,None,43.2,3,3,10.0,7,6.674
Japan,Vegan,517,Heat Pump,6,28,None,87.9,3,0,4.8,49,2.571
Japan,Omnivore,259,Oil,1,90,None,35.3,3,1,2.3,55,9.325
Germany,Omnivore,354,Natural Gas,4,0,Petrol,1.1,4,0,1.8,31,3.591
Germany,Omnivore,192,Oil,2,11,Hybrid,1.1,1,0,0.6,0,4.538
Norway,Pescatarian,324,Natural Gas,3,20,EV,8.5,1,0,19.9,3,3.419
Italy,Omnivore,633,Oil,1,57,Diesel,7.0,0,0,4.8,13,7.917
Japan,Omnivore,343,Electric,4,49,None,36.7,2,3,1.9,48,5.301
Mexico,Omnivore,220,Electric,4,45,None,8.2,2,2,3.5,26,3.617
Australia,Vegetarian,334,Natural Gas,4,65,EV,2.9,3,1,3.2,48,4.475
China,Omnivore,409,Natural Gas,4,81,Diesel,87.2,0,0,1.0,0,7.305
South Africa,Heavy Meat,221,Natural Gas,3,29,Petrol,11.1,2,1,3.5,27,6.343
Germany,Pescatarian,236,Electric,2,34,None,3.8,2,3,23.8,7,6.635
India,Omnivore,525,Heat Pump,3,59,Hybrid,0.7,5,2,1.4,57,7.369
Canada,Pescatarian,336,Heat Pump,4,46,Petrol,32.1,1,1,3.7,38,3.856
South Africa,Omnivore,547,Electric,4,65,Petrol,14.8,0,1,3.3,0,6.153
USA,Pescatarian,343,Electric,6,52,Hybrid,2.7,4,0,1.8,25,2.387
Indonesia,Omnivore,169,Electric,4,65,Petrol,23.7,1,0,4.0,18,3.176
UK,Omnivore,114,Natural Gas,4,0,Petrol,21.9,2,1,0.0,13,4.038
China,Omnivore,259,Oil,4,57,Petrol,24.4,1,0,0.2,0,5.546
USA,Omnivore,409,Wood,5,77,None,3.3,1,0,0.7,5,1.928
India,Omnivore,176,Oil,4,35,None,10.5,2,0,0.7,20,2.93
UK,Omnivore,185,Electric,4,46,Petrol,15.5,1,0,2.0,38,2.561
USA,Omnivore,368,Natural Gas,3,67,Petrol,19.5,3,1,8.9,32,5.793
South Korea,Omnivore,199,Electric,1,34,EV,35.4,4,1,2.3,10,6.587
Norway,Omnivore,248,Natural Gas,1,0,Petrol,0.3,2,0,14.9,13,7.226
India,Omnivore,192,Heat Pump,3,41,Diesel,5.8,0,0,12.8,16,2.887
India,Omnivore,741,Natural Gas,4,34,Petrol,15.6,0,0,7.8,20,6.961
India,Omnivore,570,Electric,2,36,Petrol,27.5,0,2,2.0,0,10.794
Poland,Omnivore,123,Natural Gas,1,50,Diesel,17.7,0,0,3.3,35,8.916
India,Heavy Meat,257,Electric,5,54,Diesel,64.4,1,2,9.8,43,6.627
UK,Omnivore,643,Natural Gas,1,6,None,0.5,0,0,1.5,6,6.953
India,Heavy Meat,237,Electric,4,46,Diesel,6.3,2,0,7.2,0,3.56
Poland,Heavy Meat,82,Natural Gas,4,13,EV,10.1,1,1,3.1,1,4.717
Germany,Omnivore,129,Wood,4,57,EV,2.6,1,3,8.6,45,3.651
China,Omnivore,289,Oil,3,57,Petrol,25.5,1,0,13.4,18,6.36
South Korea,Omnivore,308,Natural Gas,5,19,Petrol,22.7,1,1,2.1,0,4.571
Japan,Vegetarian,672,Wood,3,36,None,6.7,6,1,0.8,32,5.547
Nigeria,Omnivore,130,Natural Gas,1,72,Hybrid,33.4,1,0,1.7,0,5.411
USA,Heavy Meat,499,Natural Gas,4,23,Hybrid,0.2,0,1,2.6,21,4.791
Sweden,Heavy Meat,97,Electric,4,52,Petrol,12.0,4,1,6.5,28,4.256
Australia,Omnivore,289,Natural Gas,5,62,None,2.5,4,1,0.5,7,3.988
France,Omnivore,332,Natural Gas,4,59,Petrol,26.1,2,0,6.4,20,3.349
USA,Omnivore,427,Natural Gas,3,70,Diesel,50.2,0,2,2.2,29,7.939
Japan,Omnivore,204,Natural Gas,4,34,Hybrid,8.7,4,1,9.8,0,4.795
Italy,Vegetarian,357,Natural Gas,1,4,Petrol,4.1,6,2,4.2,26,10.129
China,Omnivore,292,Heat Pump,6,61,Petrol,51.2,0,0,7.2,39,3.864
India,Vegetarian,129,Wood,6,72,Petrol,16.2,2,1,3.9,23,3.055
Poland,Omnivore,267,Electric,4,7,Hybrid,43.9,1,0,10.1,22,3.899
Germany,Vegan,55,Wood,4,49,Diesel,4.9,2,6,15.3,18,6.243
UK,Vegetarian,307,Natural Gas,6,54,Hybrid,10.9,1,0,4.5,0,2.31
France,Vegetarian,274,Natural Gas,1,46,Petrol,10.8,2,1,7.9,18,6.816
UK,Pescatarian,622,Oil,3,78,EV,35.1,2,0,0.0,23,4.61
India,Vegan,211,Oil,5,35,Diesel,36.3,0,1,9.1,30,3.754
Norway,Omnivore,434,Natural Gas,3,7,Hybrid,0.3,2,0,16.7,20,4.423
USA,Vegetarian,220,Electric,3,67,Diesel,23.5,4,1,1.6,24,4.35
Russia,Pescatarian,337,Electric,3,5,None,11.3,2,1,1.6,36,4.077
India,Omnivore,600,Electric,4,100,Diesel,5.7,3,0,3.6,0,5.641
China,Omnivore,421,Natural Gas,5,52,Hybrid,63.3,1,3,2.4,42,7.707
South Africa,Omnivore,314,Heat Pump,3,30,Hybrid,102.5,0,0,5.3,3,6.039
Mexico,Omnivore,248,Electric,2,23,None,17.2,0,0,4.8,28,2.776
Mexico,Omnivore,479,Natural Gas,2,26,None,54.1,1,0,5.6,14,5.151
India,Heavy Meat,426,Electric,1,67,Petrol,7.7,0,1,2.9,15,10.328
Australia,Omnivore,311,Electric,1,85,Petrol,21.0,1,0,0.7,32,7.283
Germany,Omnivore,138,Natural Gas,2,0,None,4.2,1,0,1.6,22,4.164
South Africa,Omnivore,331,Oil,2,38,None,58.0,2,0,3.2,26,7.082
Brazil,Heavy Meat,104,Wood,3,47,EV,0.3,2,1,2.0,20,3.662
India,Heavy Meat,416,Natural Gas,3,26,Petrol,8.8,2,1,5.6,40,6.947
Poland,Pescatarian,466,Heat Pump,4,38,Diesel,15.0,4,0,5.7,61,4.613
Nigeria,Vegetarian,247,Oil,3,1,Petrol,29.2,0,1,13.8,26,4.239
China,Vegetarian,52,Wood,2,76,None,3.0,2,1,2.4,0,3.764
India,Pescatarian,277,Electric,3,21,Petrol,52.6,3,0,2.9,4,6.4
Japan,Vegetarian,441,Oil,5,57,Petrol,15.9,4,0,3.8,66,4.499
China,Vegetarian,294,Natural Gas,2,50,Diesel,11.9,3,3,2.9,25,10.071
India,Omnivore,431,Wood,4,71,EV,49.0,0,1,1.2,21,4.761
Sweden,Omnivore,96,Electric,2,34,Hybrid,3.2,4,0,2.0,35,3.492
Nigeria,Omnivore,783,Oil,4,57,EV,18.1,3,1,3.2,28,6.22
Japan,Omnivore,614,Wood,4,29,Hybrid,25.0,2,1,3.8,38,4.798
Australia,Omnivore,362,Natural Gas,3,67,Diesel,7.8,2,0,4.1,32,4.258
India,Omnivore,201,Electric,2,4,Hybrid,38.0,3,0,0.5,9,5.457
Germany,Vegetarian,230,Wood,6,76,Petrol,1.6,0,1,0.5,27,2.093
India,Vegan,358,Heat Pump,5,16,Diesel,26.5,1,1,0.4,0,4.339
UK,Omnivore,555,Electric,5,79,Hybrid,15.2,1,1,2.6,47,3.283
USA,Omnivore,724,Natural Gas,2,87,Diesel,31.8,1,0,0.4,11,7.573
South Korea,Omnivore,185,Natural Gas,2,61,Diesel,2.6,2,0,3.8,39,4.324
India,Heavy Meat,166,Natural Gas,5,11,None,18.2,3,0,4.2,48,2.947
India,Vegan,390,Natural Gas,2,22,Diesel,28.5,4,0,2.3,35,6.686
China,Pescatarian,264,Oil,3,44,Diesel,32.9,0,0,13.3,30,6.26
Indonesia,Heavy Meat,258,Electric,3,21,Petrol,11.8,4,3,4.6,5,7.0
Italy,Omnivore,465,Electric,2,37,Diesel,19.7,0,2,15.6,40,7.156
Russia,Omnivore,414,Natural Gas,4,39,Petrol,14.6,1,2,0.7,35,6.077
Germany,Vegetarian,359,Natural Gas,4,19,Petrol,18.2,1,0,3.8,22,3.759
India,Omnivore,238,Natural Gas,5,64,Diesel,20.2,2,1,2.2,5,4.24
India,Omnivore,314,Natural Gas,5,21,Diesel,31.2,1,0,12.9,26,4.519
Nigeria,Vegetarian,446,Natural Gas,1,55,Petrol,7.5,1,1,0.1,11,7.645
Brazil,Omnivore,211,Wood,3,20,Petrol,29.7,1,1,4.7,29,4.143
UK,Heavy Meat,836,Electric,2,0,Hybrid,8.9,1,0,8.9,45,5.279
India,Vegetarian,292,Natural Gas,3,28,EV,14.0,5,0,16.7,34,4.225
India,Vegan,504,Heat Pump,5,62,Diesel,21.2,2,0,0.8,14,4.086
USA,Omnivore,116,Electric,1,55,Diesel,20.8,1,0,8.0,44,5.625
China,Omnivore,125,Electric,3,17,Petrol,22.8,0,0,1.8,39,3.878
China,Omnivore,556,Natural Gas,2,64,Petrol,22.0,2,0,3.9,56,7.965
South Africa,Omnivore,238,Natural Gas,4,27,Petrol,0.5,3,1,8.2,24,5.271
USA,Pescatarian,105,Electric,1,50,Petrol,12.7,4,0,18.7,29,5.329
India,Omnivore,385,Heat Pump,4,7,EV,6.8,0,1,7.2,43,4.629
USA,Omnivore,455,Oil,3,46,Petrol,3.6,1,0,1.0,38,4.438
USA,Omnivore,185,Electric,3,31,None,58.9,2,2,5.0,28,4.507
Canada,Vegan,151,Oil,2,31,EV,34.0,4,1,2.3,5,6.027
USA,Heavy Meat,246,Natural Gas,2,60,EV,36.9,3,0,2.4,28,5.056
Brazil,Omnivore,636,Natural Gas,4,48,None,13.3,2,1,4.1,26,2.564
China,Omnivore,451,Electric,3,0,None,13.1,0,0,0.7,49,4.525
India,Heavy Meat,109,Natural Gas,2,0,Petrol,0.5,1,0,9.8,20,3.805
India,Vegan,96,Natural Gas,1,34,Diesel,6.8,1,2,5.5,25,6.811
Nigeria,Omnivore,534,Wood,5,43,Hybrid,1.7,3,0,0.6,2,3.335
Poland,Omnivore,100,Natural Gas,3,46,EV,33.0,0,1,4.4,24,5.889
India,Omnivore,113,Natural Gas,4,23,Petrol,3.4,5,0,3.0,24,3.067
China,Pescatarian,494,Natural Gas,5,40,Hybrid,17.3,4,0,0.1,23,5.116
UK,Omnivore,175,Natural Gas,5,53,None,25.0,1,2,1.2,43,3.928
Italy,Vegetarian,514,Natural Gas,3,75,Petrol,1.9,0,1,2.3,48,4.525
India,Vegetarian,268,Heat Pump,3,43,None,15.0,3,1,4.1,0,3.991
Mexico,Omnivore,198,Heat Pump,2,59,None,35.7,2,1,7.9,50,4.296
China,Vegetarian,212,Wood,3,51,None,37.3,1,2,11.4,59,4.33
Mexico,Omnivore,503,Oil,1,61,Diesel,56.5,4,0,6.9,0,10.883
Poland,Omnivore,437,Oil,2,57,None,5.9,2,0,1.4,15,8.662
China,Omnivore,266,Natural Gas,4,6,EV,0.5,1,1,3.1,18,5.67
USA,Heavy Meat,615,Electric,1,6,Diesel,4.2,1,1,5.4,24,9.355
Russia,Omnivore,337,Heat Pump,2,29,Petrol,1.8,1,0,7.8,34,3.696
India,Vegetarian,286,Wood,4,0,Petrol,14.2,2,2,4.4,23,5.363
Nigeria,Pescatarian,476,Natural Gas,5,20,Petrol,4.0,3,2,23.5,19,4.624
Sweden,Vegan,130,Natural Gas,2,34,Petrol,9.1,5,0,4.5,30,5.237
China,Vegan,314,Heat Pump,4,0,Petrol,18.1,3,0,9.2,15,2.901
China,Vegan,711,Natural Gas,3,25,None,24.4,0,1,5.3,41,6.675
France,Vegetarian,161,Natural Gas,3,32,Petrol,12.9,2,1,0.5,31,4.371
USA,Vegan,706,Electric,2,81,None,20.8,3,0,0.7,37,4.168
China,Omnivore,288,Heat Pump,4,64,None,48.2,1,0,12.3,18,2.734
UK,Vegan,253,Natural Gas,1,36,Hybrid,5.5,1,1,1.6,45,6.248
Brazil,Omnivore,469,Natural Gas,5,21,Hybrid,5.4,3,0,8.9,0,1.859
Sweden,Omnivore,99,Natural Gas,4,48,Diesel,4.1,1,0,1.4,16,3.751
Russia,Vegetarian,359,Natural Gas,2,18,Petrol,2.5,0,0,10.4,50,5.294
South Africa,Omnivore,585,Natural Gas,5,41,Petrol,11.9,3,1,7.5,28,7.031
India,Vegetarian,150,Heat Pump,3,70,Hybrid,19.4,1,0,0.6,13,2.385
UK,Omnivore,429,Heat Pump,5,78,Petrol,2.8,5,0,0.7,23,3.192
South Africa,Pescatarian,396,Electric,3,28,Diesel,27.8,0,1,3.9,37,6.248
Poland,Omnivore,426,Electric,5,34,Hybrid,8.9,0,0,8.6,14,3.218
Australia,Vegan,318,Oil,1,43,None,3.5,3,2,2.8,23,8.637
India,Vegetarian,275,Natural Gas,2,32,Diesel,7.4,4,0,2.8,0,4.606
Germany,Omnivore,335,Wood,2,69,Petrol,18.1,4,1,6.4,21,5.638
India,Heavy Meat,410,Electric,4,63,Petrol,70.1,0,0,3.8,0,6.487
USA,Omnivore,335,Oil,1,58,None,19.7,3,1,8.7,36,9.77
Indonesia,Heavy Meat,403,Heat Pump,2,75,Hybrid,44.7,2,1,1.8,19,7.559
Nigeria,Vegetarian,263,Natural Gas,1,38,Hybrid,26.3,4,0,11.7,48,6.016
India,Pescatarian,334,Natural Gas,4,31,Diesel,24.1,2,2,1.3,29,6.137
South Africa,Heavy Meat,253,Natural Gas,4,52,None,1.0,1,3,1.5,27,6.862
China,Heavy Meat,327,Natural Gas,3,60,Diesel,6.5,4,0,0.4,22,6.668
Indonesia,Pescatarian,270,Natural Gas,2,58,Petrol,10.5,2,1,8.3,0,5.443
Nigeria,Omnivore,246,Oil,1,26,Petrol,31.0,4,0,9.5,0,8.114
Norway,Omnivore,313,Natural Gas,3,66,Petrol,13.8,1,3,0.3,0,6.727
Japan,Vegan,275,Natural Gas,1,1,None,51.3,2,0,11.3,31,5.751
China,Omnivore,479,Oil,3,20,EV,32.5,0,0,5.7,7,7.072
Brazil,Omnivore,79,Natural Gas,3,28,Petrol,1.5,1,2,10.5,41,4.156
India,Vegetarian,257,Electric,1,0,None,15.2,4,1,0.5,37,8.183
China,Vegetarian,197,Oil,3,12,None,12.0,6,0,4.1,48,5.371
Mexico,Omnivore,736,Natural Gas,6,50,None,33.2,3,3,3.4,48,5.103
Germany,Vegetarian,217,Electric,5,16,Petrol,108.9,2,1,1.3,45,6.143
UK,Heavy Meat,507,Wood,2,24,Petrol,71.4,5,1,1.5,18,9.071
Brazil,Vegetarian,180,Electric,2,40,Diesel,42.1,3,1,0.8,52,4.983
South Africa,Heavy Meat,253,Natural Gas,4,54,None,0.8,7,1,17.5,0,5.932
Nigeria,Heavy Meat,454,Electric,3,25,EV,10.3,0,0,0.6,51,3.925
Australia,Vegetarian,222,Electric,1,76,Petrol,3.2,6,1,0.4,14,7.33
USA,Heavy Meat,401,Natural Gas,4,74,Petrol,9.7,2,1,12.3,13,4.88
France,Omnivore,628,Wood,5,30,EV,33.7,4,1,16.4,31,2.944
India,Omnivore,296,Natural Gas,2,42,None,36.0,4,0,3.0,13,5.309
Mexico,Vegan,72,Electric,2,0,EV,52.6,3,1,0.1,0,2.977
China,Pescatarian,511,Natural Gas,1,71,Petrol,0.9,0,0,1.1,0,8.868
China,Heavy Meat,701,Natural Gas,2,22,Diesel,13.1,2,0,4.2,14,9.291
China,Heavy Meat,654,Electric,3,44,Diesel,1.8,1,0,7.6,9,5.411
South Korea,Pescatarian,244,Electric,3,6,Petrol,1.9,3,0,1.1,58,3.27
Sweden,Vegetarian,109,Natural Gas,2,6,Petrol,14.6,1,0,3.9,79,4.455
India,Pescatarian,256,Electric,2,0,Diesel,25.7,1,0,1.2,8,5.216
China,Heavy Meat,279,Heat Pump,5,44,Petrol,3.3,0,0,2.0,28,2.52
China,Omnivore,414,Natural Gas,2,41,Hybrid,2.8,4,1,2.5,49,8.608
USA,Omnivore,395,Natural Gas,2,58,Diesel,14.8,1,1,14.7,20,6.912
Russia,Omnivore,426,Electric,1,23,Petrol,6.8,2,1,0.1,14,8.543
India,Omnivore,347,Heat Pump,2,63,Hybrid,54.0,3,1,7.6,22,7.812
India,Omnivore,152,Natural Gas,2,40,Diesel,1.6,4,1,3.7,0,4.803
China,Omnivore,328,Electric,4,9,Petrol,1.7,0,0,0.1,12,2.915
Italy,Heavy Meat,156,Natural Gas,3,40,Diesel,7.8,4,1,11.3,1,5.196
USA,Omnivore,313,Wood,4,12,Petrol,51.6,0,2,8.1,0,6.381
USA,Omnivore,189,Natural Gas,3,100,Petrol,28.2,2,0,7.1,34,4.073
USA,Pescatarian,514,Natural Gas,3,43,Petrol,42.6,1,1,1.5,28,6.824
India,Omnivore,140,Electric,1,39,Diesel,28.7,0,0,4.3,51,6.079
China,Omnivore,268,Natural Gas,2,32,Diesel,15.9,2,1,1.7,49,8.257
France,Omnivore,206,Natural Gas,2,0,Petrol,40.8,3,0,2.4,26,5.92
China,Heavy Meat,197,Wood,2,64,Petrol,49.6,1,2,21.8,24,8.196
India,Omnivore,513,Electric,4,20,Petrol,63.0,1,4,2.9,63,10.261
India,Pescatarian,146,Natural Gas,3,0,None,22.5,2,0,5.6,0,2.802
Indonesia,Omnivore,357,Electric,3,38,EV,16.2,2,0,2.2,17,4.267
Australia,Heavy Meat,469,Natural Gas,4,19,Petrol,24.8,1,2,3.0,40,7.36
Italy,Omnivore,470,Heat Pump,1,42,Diesel,2.0,3,1,5.5,9,7.387
India,Omnivore,307,Electric,5,35,None,6.6,0,1,0.1,40,3.357
India,Heavy Meat,116,Electric,2,79,None,70.5,2,0,7.3,26,3.809
Poland,Heavy Meat,250,Oil,4,66,Diesel,13.0,2,1,3.8,52,6.654
South Korea,Omnivore,187,Heat Pump,2,37,None,1.4,2,2,1.4,0,5.739
USA,Omnivore,380,Wood,3,68,Petrol,17.8,3,2,5.6,37,5.618
USA,Omnivore,122,Heat Pump,6,42,Hybrid,17.3,1,0,0.6,0,1.834
India,Omnivore,380,Natural Gas,3,27,Diesel,11.4,2,0,7.9,27,5.918
Germany,Heavy Meat,55,Natural Gas,2,3,None,6.2,2,0,2.9,8,3.916
UK,Pescatarian,460,Electric,4,4,Hybrid,2.6,1,0,5.8,0,1.53
Mexico,Vegan,338,Oil,2,22,None,1.4,2,2,7.8,9,6.053
USA,Heavy Meat,437,Electric,3,12,Petrol,25.3,1,2,8.0,10,6.758
Germany,Pescatarian,107,Natural Gas,1,65,Diesel,22.0,1,2,3.5,19,9.494
Brazil,Omnivore,205,Natural Gas,3,0,Petrol,29.8,2,1,11.0,0,4.665
Sweden,Omnivore,148,Heat Pump,2,14,Petrol,6.0,0,2,1.3,18,4.625
Poland,Omnivore,626,Electric,3,24,Petrol,17.7,2,0,1.0,0,6.619
Nigeria,Heavy Meat,349,Oil,2,33,None,10.6,2,3,9.0,0,7.768
Japan,Heavy Meat,636,Natural Gas,2,23,EV,3.0,0,0,4.3,26,6.489
Russia,Heavy Meat,125,Electric,5,6,Diesel,35.4,4,3,0.2,63,5.849
Germany,Heavy Meat,162,Natural Gas,2,36,Hybrid,16.7,0,0,2.4,48,5.239
Japan,Heavy Meat,152,Electric,3,21,None,14.6,3,1,7.8,31,4.186
Russia,Heavy Meat,207,Wood,1,27,None,23.8,1,0,5.7,40,5.232
Poland,Omnivore,361,Oil,2,23,None,9.5,1,1,15.3,46,8.801
India,Pescatarian,160,Natural Gas,2,31,Petrol,7.3,2,1,0.9,54,5.03
India,Omnivore,136,Natural Gas,2,24,Petrol,19.9,0,1,3.7,34,5.264
India,Pescatarian,434,Oil,2,64,None,9.9,3,0,9.5,45,5.983
Brazil,Omnivore,458,Natural Gas,1,0,Petrol,56.6,0,2,1.2,38,11.061
Germany,Omnivore,208,Electric,4,7,Petrol,6.4,1,3,3.5,41,4.595
USA,Heavy Meat,132,Oil,4,4,Petrol,35.8,3,1,4.5,24,5.757
France,Omnivore,228,Electric,4,61,Petrol,4.5,1,1,11.6,80,3.049
India,Omnivore,307,Oil,5,9,Diesel,5.3,2,1,1.4,3,4.94
UK,Omnivore,189,Electric,1,16,Hybrid,19.4,0,1,1.1,66,6.816
Russia,Omnivore,199,Wood,2,31,Petrol,24.9,1,1,1.5,29,4.977
Sweden,Omnivore,407,Oil,4,31,Petrol,4.4,2,1,2.1,52,5.545
USA,Vegetarian,749,Electric,3,62,Petrol,45.0,4,3,5.4,23,8.318
China,Omnivore,173,Natural Gas,2,50,Diesel,53.5,2,1,3.3,18,8.663
Nigeria,Heavy Meat,237,Oil,5,39,EV,33.5,2,0,0.6,31,2.417
USA,Pescatarian,311,Wood,3,18,Petrol,6.1,1,0,5.1,0,2.549
Norway,Omnivore,302,Natural Gas,4,41,Petrol,12.3,3,0,1.0,62,3.739
UK,Omnivore,366,Oil,3,63,Hybrid,8.9,4,0,5.3,22,4.718
USA,Omnivore,259,Electric,4,6,Petrol,36.7,2,0,13.9,38,3.833
China,Omnivore,229,Natural Gas,1,6,Petrol,43.5,3,1,1.4,33,13.429
India,Heavy Meat,359,Oil,2,100,None,3.7,1,0,1.1,15,5.578
USA,Omnivore,412,Oil,1,42,Diesel,6.4,1,1,0.6,10,10.081
China,Omnivore,83,Natural Gas,5,43,None,2.6,1,2,2.4,36,4.08
India,Vegetarian,223,Oil,3,21,Petrol,36.6,3,0,13.9,35,4.709
Germany,Omnivore,81,Heat Pump,1,31,Petrol,62.4,1,1,3.1,30,9.941
India,Pescatarian,345,Natural Gas,5,64,Petrol,2.5,2,1,5.2,33,3.931
Brazil,Omnivore,422,Electric,2,19,None,63.4,1,1,1.5,21,3.975
USA,Omnivore,370,Natural Gas,4,58,Hybrid,38.4,1,2,7.6,41,5.866
Australia,Omnivore,282,Wood,5,41,None,7.4,0,0,2.4,23,2.642
India,Omnivore,265,Oil,1,25,None,16.6,0,1,13.6,0,8.107
India,Omnivore,119,Electric,1,45,Hybrid,17.0,1,1,5.3,30,7.412
Indonesia,Omnivore,533,Electric,1,69,Petrol,13.2,3,1,1.8,19,11.771
China,Omnivore,212,Natural Gas,2,31,Petrol,40.6,1,1,5.3,16,8.882
Brazil,Omnivore,612,Oil,4,37,Hybrid,18.6,4,1,2.4,16,4.096
France,Pescatarian,526,Wood,5,60,Petrol,12.3,0,1,7.3,46,2.588
Brazil,Omnivore,602,Natural Gas,2,19,None,9.1,3,2,0.3,36,5.348
Mexico,Vegetarian,411,Oil,4,58,EV,14.3,4,0,19.9,17,2.99
USA,Omnivore,316,Natural Gas,2,46,Petrol,1.8,1,1,5.9,85,5.351
India,Pescatarian,441,Heat Pump,2,79,EV,67.4,1,0,0.8,13,6.248
Australia,Vegetarian,310,Heat Pump,3,44,None,41.0,3,0,2.5,31,3.491
France,Omnivore,293,Natural Gas,4,32,Hybrid,24.5,0,0,6.5,46,2.962
China,Omnivore,315,Wood,1,24,None,31.8,4,6,7.6,7,16.453
Nigeria,Omnivore,181,Electric,3,61,Petrol,5.6,3,1,5.6,64,4.025
Germany,Vegetarian,248,Natural Gas,4,8,Petrol,49.4,1,1,3.2,41,4.749
Russia,Omnivore,147,Natural Gas,6,42,Diesel,1.3,0,3,1.4,21,5.139
Canada,Omnivore,330,Oil,3,56,Petrol,21.1,1,0,3.2,0,5.929
Australia,Heavy Meat,140,Wood,2,52,Petrol,20.6,2,2,7.8,20,6.991
South Korea,Heavy Meat,131,Natural Gas,2,29,Hybrid,23.0,2,3,3.2,29,9.163
South Korea,Vegetarian,169,Electric,1,22,Petrol,14.8,2,1,4.2,63,6.451
Russia,Pescatarian,179,Oil,2,32,Diesel,17.3,1,2,4.3,0,9.187
South Africa,Omnivore,371,Natural Gas,5,54,Diesel,66.7,1,3,10.6,10,8.969
Russia,Omnivore,302,Wood,2,12,EV,32.2,0,0,4.4,30,4.033
Norway,Omnivore,268,Oil,4,41,Diesel,17.8,1,1,4.6,55,5.516
China,Omnivore,562,Natural Gas,6,25,Diesel,2.3,4,0,0.9,47,4.157
USA,Omnivore,80,Natural Gas,2,40,EV,34.3,3,1,11.9,25,5.332
Germany,Heavy Meat,670,Electric,5,57,Diesel,1.4,1,0,2.5,0,2.91
India,Heavy Meat,464,Natural Gas,4,77,None,0.1,0,1,12.1,2,5.79
USA,Omnivore,380,Electric,3,22,Petrol,11.7,2,1,0.4,43,4.764
Indonesia,Omnivore,313,Natural Gas,2,44,Petrol,19.5,2,1,3.2,57,6.659
Mexico,Vegetarian,350,Natural Gas,4,44,Petrol,9.7,2,0,4.9,67,2.835
Nigeria,Omnivore,284,Natural Gas,2,37,Diesel,1.1,0,0,0.2,0,3.605
Russia,Vegetarian,128,Natural Gas,6,56,Petrol,5.5,4,1,5.9,23,3.479
Nigeria,Omnivore,128,Natural Gas,1,19,Diesel,68.1,6,1,2.5,51,11.014
Brazil,Vegetarian,248,Electric,3,76,Petrol,3.3,2,1,3.9,12,2.605
China,Vegetarian,454,Heat Pump,6,39,Petrol,26.1,3,1,1.7,12,3.686
India,Heavy Meat,310,Oil,2,62,None,15.0,0,0,4.6,51,4.959
Mexico,Omnivore,323,Electric,2,95,None,47.6,1,2,6.4,9,5.986
India,Vegetarian,161,Oil,6,18,Petrol,55.8,4,4,6.2,35,6.51
India,Heavy Meat,360,Natural Gas,2,0,None,29.3,4,2,21.4,11,8.708
China,Omnivore,332,Electric,4,94,None,25.9,2,0,2.0,42,3.278
Poland,Pescatarian,334,Electric,6,30,None,8.1,3,1,0.5,41,3.908
France,Heavy Meat,491,Electric,3,23,None,0.9,2,0,0.7,33,2.965
Indonesia,Vegetarian,242,Wood,2,26,Petrol,5.9,3,0,3.6,56,3.663
UK,Omnivore,239,Oil,2,30,Petrol,5.8,1,0,1.8,21,4.914
Australia,Pescatarian,205,Natural Gas,3,91,Hybrid,42.0,1,0,5.6,36,3.721
Nigeria,Omnivore,185,Electric,1,96,Hybrid,4.2,0,0,12.2,13,4.147
UK,Vegetarian,257,Electric,3,85,Hybrid,11.3,2,0,2.0,43,2.317
Germany,Omnivore,279,Heat Pump,3,44,Petrol,73.5,2,0,8.2,44,5.804
Japan,Pescatarian,210,Oil,2,71,Diesel,19.3,1,2,6.3,23,7.328
Indonesia,Vegetarian,395,Electric,2,52,EV,10.7,4,0,25.7,45,5.521
China,Omnivore,19,Natural Gas,3,91,Diesel,39.6,2,0,2.5,19,5.112
Mexico,Omnivore,638,Electric,4,60,EV,1.3,0,1,4.4,31,4.634
USA,Omnivore,557,Oil,4,0,EV,14.3,0,2,2.9,27,6.683
China,Pescatarian,373,Natural Gas,4,49,Diesel,9.7,2,0,6.7,15,5.252
Canada,Heavy Meat,412,Heat Pump,3,63,Hybrid,109.5,1,0,1.0,48,5.205
USA,Omnivore,440,Heat Pump,4,26,Petrol,4.1,4,1,0.4,20,4.5
USA,Omnivore,85,Natural Gas,1,42,Petrol,44.1,3,0,4.8,2,8.94
China,Vegan,333,Natural Gas,3,63,Diesel,10.7,3,0,1.0,14,4.849
China,Omnivore,294,Oil,2,56,Petrol,25.8,1,1,7.1,9,9.158
UK,Vegetarian,488,Heat Pump,4,1,Hybrid,4.1,2,0,0.2,3,1.981
China,Omnivore,508,Electric,4,78,Petrol,4.0,1,1,2.7,67,4.84
Japan,Omnivore,241,Natural Gas,3,12,Petrol,1.6,0,0,1.4,0,3.908
South Korea,Omnivore,449,Oil,3,100,Hybrid,29.0,4,0,0.7,43,5.737
India,Omnivore,202,Electric,1,52,Diesel,48.3,2,0,0.4,36,8.924
Brazil,Pescatarian,264,Natural Gas,1,37,Diesel,59.5,1,0,4.2,42,6.792
Japan,Omnivore,299,Wood,2,55,Petrol,1.9,0,1,1.7,6,4.907
Germany,Pescatarian,218,Oil,3,55,None,1.1,1,1,1.2,0,4.486
India,Omnivore,512,Electric,3,50,None,50.0,1,0,12.6,0,6.017
China,Vegan,293,Wood,6,44,Hybrid,34.8,0,3,0.8,48,4.004
China,Omnivore,162,Electric,1,38,None,1.5,2,2,0.6,32,8.493
China,Omnivore,443,Natural Gas,2,30,Diesel,29.8,1,4,8.9,0,12.418
Canada,Omnivore,512,Natural Gas,4,46,Diesel,4.0,6,0,0.7,61,4.928
India,Heavy Meat,265,Oil,1,45,None,41.4,2,1,5.8,9,8.271
USA,Heavy Meat,483,Wood,3,41,Petrol,14.3,3,0,5.4,1,4.926
UK,Omnivore,433,Natural Gas,2,77,Petrol,42.1,1,1,5.3,13,7.17
China,Omnivore,222,Natural Gas,1,29,Petrol,4.2,3,1,9.6,48,10.886
USA,Pescatarian,224,Natural Gas,6,45,Diesel,1.7,2,1,16.2,45,2.783
China,Omnivore,528,Natural Gas,4,48,Hybrid,11.1,3,2,0.8,44,7.325
Norway,Pescatarian,571,Natural Gas,3,68,EV,92.9,0,0,0.4,26,3.302
Australia,Vegetarian,338,Electric,2,48,Petrol,33.5,2,1,1.6,31,6.861
Japan,Heavy Meat,174,Heat Pump,4,50,Diesel,16.7,2,1,0.1,0,4.667
India,Omnivore,396,Natural Gas,4,55,Petrol,13.0,3,0,4.7,12,5.028
USA,Omnivore,266,Oil,2,41,None,14.9,1,1,3.0,38,6.389
India,Pescatarian,222,Natural Gas,4,22,Petrol,13.8,2,0,8.6,15,3.69
USA,Omnivore,171,Oil,3,22,None,37.5,2,1,3.1,23,5.172
China,Omnivore,377,Wood,5,57,EV,5.1,1,3,2.1,0,5.201
Brazil,Omnivore,356,Wood,5,34,None,16.9,0,1,1.6,41,1.872
South Africa,Pescatarian,431,Electric,5,56,Petrol,3.1,3,2,0.8,4,5.271
Germany,Omnivore,399,Natural Gas,2,36,Diesel,26.7,4,0,5.6,23,6.711
China,Heavy Meat,401,Natural Gas,3,15,Hybrid,3.1,1,1,7.0,26,6.857
USA,Omnivore,487,Electric,2,43,Petrol,31.2,2,2,11.7,29,8.226
France,Pescatarian,235,Oil,3,21,Petrol,61.9,3,1,0.5,10,7.099
USA,Pescatarian,191,Natural Gas,4,36,Hybrid,10.8,2,0,2.4,34,3.482
India,Heavy Meat,116,Electric,2,40,EV,31.8,1,1,2.1,23,4.849
USA,Vegetarian,333,Wood,2,66,Petrol,45.0,2,0,0.2,20,5.568
India,Omnivore,203,Oil,1,21,Diesel,1.8,2,1,1.4,12,8.346
South Africa,Omnivore,314,Wood,4,66,None,2.0,4,1,1.8,19,4.753
China,Pescatarian,81,Electric,3,0,Petrol,38.3,0,2,2.2,37,5.116
India,Omnivore,332,Natural Gas,1,69,EV,19.8,1,0,8.4,36,7.496
Italy,Heavy Meat,181,Heat Pump,2,20,EV,63.9,2,0,3.4,14,3.464
France,Omnivore,249,Heat Pump,3,17,Hybrid,5.0,1,0,0.0,46,2.099
Italy,Omnivore,180,Oil,3,62,Petrol,27.0,1,1,5.0,0,5.919
South Korea,Heavy Meat,341,Oil,4,28,Petrol,21.7,2,0,0.6,12,4.977
Japan,Heavy Meat,255,Heat Pump,5,50,None,30.9,1,1,32.4,32,3.134
Nigeria,Omnivore,247,Wood,6,28,Petrol,3.4,0,0,8.6,29,1.616
USA,Omnivore,300,Oil,2,100,Hybrid,63.0,4,1,8.5,31,8.391
France,Omnivore,93,Natural Gas,2,15,Diesel,9.0,0,1,1.2,26,4.765
India,Omnivore,140,Natural Gas,5,35,EV,98.8,3,1,3.9,12,3.749
China,Omnivore,286,Electric,3,25,None,25.5,0,0,13.4,38,3.892
France,Omnivore,571,Heat Pump,2,51,Diesel,0.5,2,1,2.7,4,3.958
USA,Omnivore,506,Electric,1,37,Petrol,12.8,0,1,24.7,0,8.813
India,Vegan,336,Natural Gas,3,24,Diesel,20.7,2,1,4.4,43,5.614
India,Heavy Meat,87,Oil,2,51,Petrol,6.9,0,0,5.1,20,4.196
Brazil,Pescatarian,507,Natural Gas,2,15,Hybrid,33.2,1,1,3.2,27,4.577
South Africa,Omnivore,358,Oil,3,90,Hybrid,0.9,1,1,1.4,13,6.795
USA,Omnivore,459,Wood,4,26,Diesel,51.7,4,0,12.0,46,5.41
Russia,Heavy Meat,376,Electric,6,23,None,23.9,3,1,3.5,78,3.591
Nigeria,Omnivore,199,Electric,2,36,Petrol,2.6,1,1,2.3,24,4.769
USA,Vegan,616,Wood,4,78,None,1.2,1,1,7.5,0,3.191
China,Pescatarian,211,Oil,2,24,Petrol,9.2,5,0,6.0,8,7.703
USA,Vegetarian,154,Wood,2,18,Petrol,6.1,1,0,14.3,5,2.629
UK,Pescatarian,198,Oil,4,16,Diesel,23.4,1,0,4.1,27,3.692
South Africa,Heavy Meat,398,Electric,2,52,None,35.4,1,1,9.8,0,6.974
Japan,Omnivore,295,Electric,3,48,None,5.6,0,1,6.9,63,3.699
Sweden,Pescatarian,289,Electric,3,40,Diesel,2.2,2,1,2.6,29,3.328
India,Heavy Meat,360,Oil,4,66,Petrol,5.9,2,2,16.9,6,5.995
India,Omnivore,411,Wood,3,27,Diesel,6.3,3,2,1.9,7,7.362
Brazil,Omnivore,253,Natural Gas,4,12,Diesel,8.5,2,1,11.2,3,3.124
USA,Omnivore,171,Natural Gas,2,37,Petrol,52.3,2,1,2.4,42,7.982
India,Omnivore,620,Natural Gas,3,14,None,73.5,1,1,7.2,48,8.299
Japan,Vegetarian,273,Natural Gas,2,90,None,16.1,4,2,4.3,14,6.78
India,Omnivore,388,Natural Gas,2,59,Petrol,0.8,1,0,0.8,41,5.736
South Africa,Heavy Meat,229,Oil,2,70,None,12.2,0,1,4.0,23,6.936
USA,Heavy Meat,383,Natural Gas,2,56,Diesel,0.6,2,0,1.9,25,6.042
Nigeria,Omnivore,348,Oil,3,0,Petrol,13.6,3,0,0.2,0,4.077
France,Omnivore,292,Electric,3,25,Diesel,9.9,0,0,1.0,11,2.742
South Korea,Heavy Meat,505,Electric,5,63,Petrol,6.9,0,1,3.3,9,4.06
South Africa,Vegetarian,227,Wood,2,21,Petrol,37.7,1,2,0.4,42,7.501
India,Heavy Meat,356,Heat Pump,3,79,Diesel,108.4,3,2,7.0,9,10.596
Brazil,Omnivore,224,Natural Gas,1,50,Petrol,21.3,2,1,1.8,16,6.636
Japan,Omnivore,369,Natural Gas,3,16,Petrol,21.7,2,1,2.3,31,6.049
Japan,Omnivore,623,Heat Pump,2,47,Petrol,56.7,2,2,19.1,25,9.905
South Africa,Omnivore,113,Natural Gas,2,58,Petrol,3.3,1,2,1.2,23,7.263
India,Omnivore,224,Natural Gas,4,10,None,8.6,3,2,1.0,33,3.979
USA,Omnivore,48,Heat Pump,5,6,EV,10.2,3,0,4.8,27,1.276
Australia,Vegetarian,356,Heat Pump,1,28,Diesel,1.6,1,0,11.2,31,5.562
Brazil,Pescatarian,219,Natural Gas,4,31,EV,6.5,0,0,4.2,29,1.315
Australia,Pescatarian,627,Heat Pump,1,77,Diesel,42.9,2,1,3.0,47,12.522
France,Omnivore,140,Natural Gas,2,59,Hybrid,18.5,2,0,1.2,0,4.512
Indonesia,Omnivore,425,Natural Gas,3,48,None,20.1,2,0,0.4,43,4.506
Japan,Heavy Meat,240,Natural Gas,2,10,Diesel,9.7,4,1,0.5,17,7.427
USA,Omnivore,249,Electric,5,5,Petrol,0.6,1,2,1.1,26,3.404
Japan,Pescatarian,477,Oil,4,47,Petrol,4.6,0,0,12.2,38,3.924
Australia,Omnivore,194,Heat Pump,1,100,Petrol,13.6,1,3,1.4,38,10.596
Germany,Heavy Meat,288,Electric,6,52,Petrol,19.2,2,0,9.6,41,3.034
China,Vegan,244,Natural Gas,3,66,Petrol,16.7,3,1,10.4,21,6.016
China,Omnivore,362,Natural Gas,3,60,Hybrid,45.5,1,1,3.3,1,7.19
USA,Omnivore,123,Heat Pump,4,14,None,56.1,7,0,12.2,0,2.742
Sweden,Omnivore,213,Natural Gas,3,21,None,11.9,3,0,5.1,25,3.982
China,Omnivore,97,Natural Gas,4,23,Petrol,29.7,1,0,11.2,0,4.893
Canada,Heavy Meat,403,Natural Gas,2,0,EV,12.3,2,0,4.7,33,5.564
USA,Omnivore,225,Natural Gas,1,53,None,3.6,1,1,1.5,0,8.178
USA,Omnivore,80,Natural Gas,1,61,None,27.5,3,0,7.1,36,6.022
Japan,Pescatarian,199,Electric,2,39,None,56.5,4,0,8.5,32,3.885
China,Pescatarian,246,Natural Gas,1,98,Diesel,6.0,3,0,12.6,36,8.968
Mexico,Omnivore,185,Electric,3,36,Petrol,0.7,1,2,0.2,36,4.199
Italy,Omnivore,349,Heat Pump,3,47,None,15.5,2,1,5.6,32,3.651
China,Omnivore,313,Natural Gas,3,40,Petrol,34.0,0,1,1.4,50,7.267
USA,Vegetarian,379,Electric,3,34,Diesel,47.2,1,1,7.2,23,5.525
USA,Omnivore,101,Natural Gas,2,39,Diesel,9.1,1,1,6.1,48,5.374
India,Pescatarian,391,Natural Gas,5,46,Petrol,5.8,5,1,4.3,14,5.362
China,Omnivore,450,Electric,2,50,Diesel,8.9,2,2,2.3,44,8.377
India,Omnivore,409,Natural Gas,1,27,Petrol,3.9,1,1,4.1,46,10.156
South Korea,Omnivore,251,Electric,2,21,EV,2.8,2,3,3.7,27,7.189
South Korea,Vegetarian,154,Wood,2,6,None,103.6,3,1,5.1,39,4.144
South Korea,Vegetarian,246,Natural Gas,2,0,None,47.7,0,0,1.3,54,3.852
India,Omnivore,288,Electric,2,15,EV,20.7,3,2,5.0,25,7.782
Italy,Pescatarian,121,Natural Gas,2,44,Petrol,7.7,0,1,2.7,19,5.228
India,Vegetarian,509,Natural Gas,2,49,Petrol,29.8,1,2,0.0,30,10.169
Canada,Pescatarian,347,Natural Gas,2,51,Petrol,53.2,1,0,7.4,26,7.357
France,Heavy Meat,126,Natural Gas,2,0,Petrol,13.2,1,4,9.0,0,9.688
India,Pescatarian,375,Natural Gas,2,61,EV,14.4,2,2,3.3,27,7.064
Brazil,Pescatarian,273,Natural Gas,2,77,Hybrid,23.8,3,2,6.3,0,5.702
China,Omnivore,224,Oil,4,27,Diesel,41.3,3,2,1.1,28,8.114
Brazil,Omnivore,282,Oil,2,54,Petrol,29.9,0,2,1.3,37,6.328
UK,Omnivore,436,Natural Gas,4,19,None,1.2,4,1,3.7,74,4.5
USA,Heavy Meat,442,Natural Gas,2,7,None,16.5,2,1,6.7,29,6.976
Australia,Omnivore,167,Natural Gas,3,30,Petrol,112.1,1,2,3.1,14,9.33
China,Omnivore,378,Natural Gas,4,48,Hybrid,12.7,1,0,3.7,28,4.551
USA,Heavy Meat,502,Oil,5,52,Diesel,4.1,4,2,8.4,0,5.547
Indonesia,Heavy Meat,276,Natural Gas,5,63,Petrol,14.3,2,0,5.3,28,3.943
India,Omnivore,382,Oil,4,42,None,28.0,2,1,4.4,35,4.655
UK,Heavy Meat,377,Heat Pump,3,19,None,0.5,0,0,4.8,0,2.734
France,Omnivore,177,Electric,2,41,Hybrid,7.7,4,0,1.2,0,3.529
Norway,Omnivore,176,Natural Gas,4,95,Hybrid,21.0,1,2,2.9,32,4.866
Nigeria,Omnivore,184,Natural Gas,1,29,Hybrid,5.7,1,0,1.5,34,5.485
Sweden,Omnivore,431,Oil,2,45,Petrol,5.1,2,0,0.8,21,6.472
Russia,Heavy Meat,222,Electric,3,60,Diesel,1.1,1,0,5.7,8,2.926
UK,Omnivore,816,Natural Gas,5,26,Hybrid,1.3,2,1,20.8,45,4.258
USA,Omnivore,498,Natural Gas,1,7,Petrol,7.3,2,4,15.5,59,15.791
Canada,Heavy Meat,143,Oil,1,87,EV,15.0,4,5,4.3,52,17.204
Canada,Omnivore,370,Natural Gas,3,23,EV,17.5,2,2,0.1,44,6.452
China,Vegetarian,211,Natural Gas,2,40,Diesel,2.4,0,1,5.8,19,6.231
China,Omnivore,256,Natural Gas,3,0,None,1.2,0,2,2.0,19,6.504
India,Omnivore,362,Wood,2,41,Petrol,18.5,2,1,2.7,33,7.769
Italy,Vegetarian,471,Electric,2,49,Diesel,48.7,1,1,11.2,48,6.485
Australia,Omnivore,170,Electric,3,15,Hybrid,29.8,1,0,1.5,10,3.608
Nigeria,Vegetarian,449,Oil,5,22,Hybrid,24.9,2,0,1.4,32,2.702
Sweden,Heavy Meat,85,Oil,2,12,Petrol,15.2,3,0,11.6,43,7.646
Brazil,Omnivore,973,Electric,4,51,Diesel,41.6,6,1,8.8,32,4.311
China,Omnivore,501,Natural Gas,2,89,Diesel,57.9,3,0,2.4,53,9.616
China,Omnivore,247,Electric,2,58,Diesel,20.1,3,1,0.7,27,6.033
India,Omnivore,744,Heat Pump,2,22,Hybrid,58.0,1,0,16.5,28,10.49
Australia,Omnivore,53,Natural Gas,2,33,Hybrid,2.1,0,1,1.0,3,3.829
France,Heavy Meat,600,Natural Gas,3,37,Hybrid,8.1,3,0,2.3,49,3.628
USA,Omnivore,180,Electric,6,39,Hybrid,20.5,3,0,6.4,19,2.758
Germany,Omnivore,124,Electric,3,33,Petrol,19.5,1,0,3.0,35,3.112
USA,Omnivore,582,Wood,4,79,Diesel,20.2,0,0,3.3,30,3.92
Japan,Pescatarian,67,Natural Gas,3,13,None,44.6,7,0,5.9,0,4.048
Australia,Vegetarian,272,Oil,5,29,Hybrid,21.3,0,1,5.3,36,3.383
South Korea,Omnivore,209,Wood,5,12,Hybrid,28.9,3,1,3.1,53,3.392
Germany,Omnivore,258,Wood,1,86,Petrol,3.1,1,1,1.1,24,5.965
France,Omnivore,186,Electric,3,71,Diesel,2.3,3,0,7.0,9,2.592
USA,Heavy Meat,85,Natural Gas,3,26,Hybrid,38.6,4,0,10.6,6,4.408
Sweden,Omnivore,315,Wood,2,28,Petrol,16.1,0,0,7.5,37,2.566
Japan,Omnivore,244,Natural Gas,4,81,None,0.6,2,0,7.4,50,3.37
China,Omnivore,335,Natural Gas,2,32,EV,6.7,5,0,0.7,28,7.296
India,Omnivore,487,Electric,2,26,Hybrid,7.0,1,2,3.6,38,9.882
South Korea,Omnivore,226,Natural Gas,1,46,None,23.5,2,0,2.1,20,6.322
Poland,Vegetarian,330,Oil,3,26,None,23.7,0,0,4.1,25,5.392
Japan,Vegetarian,496,Wood,5,78,None,11.6,2,0,5.6,31,2.335
China,Omnivore,358,Heat Pump,4,6,Hybrid,10.5,2,1,3.4,7,3.898
Brazil,Vegetarian,230,Electric,3,27,Hybrid,26.1,0,2,5.3,40,3.621
Japan,Omnivore,130,Wood,3,0,Diesel,12.5,2,0,1.7,24,3.197
India,Omnivore,458,Natural Gas,1,0,Petrol,8.6,2,2,1.7,0,13.349
India,Heavy Meat,195,Electric,6,69,EV,1.7,1,1,6.6,42,3.242
China,Omnivore,527,Natural Gas,3,52,None,40.5,2,1,0.8,23,7.103
USA,Pescatarian,397,Natural Gas,4,0,Petrol,36.0,2,3,4.0,16,7.607
UK,Pescatarian,400,Electric,4,51,Diesel,18.8,2,0,6.3,28,3.087
Canada,Heavy Meat,185,Heat Pump,3,32,Petrol,44.6,1,0,20.4,0,4.361
China,Omnivore,439,Natural Gas,2,24,Petrol,1.0,1,1,2.3,42,8.076
Indonesia,Heavy Meat,392,Electric,3,42,Petrol,16.0,1,0,2.2,74,5.037
China,Omnivore,785,Wood,3,48,None,3.5,1,0,2.5,27,5.632
USA,Omnivore,287,Electric,3,36,Petrol,8.2,4,0,7.9,48,3.763
Brazil,Omnivore,289,Heat Pump,2,50,Diesel,1.6,0,0,4.0,66,2.758
France,Omnivore,206,Natural Gas,5,30,Petrol,15.9,0,1,7.3,23,3.534
China,Omnivore,146,Natural Gas,1,51,Diesel,2.4,1,1,4.2,17,9.327
Japan,Omnivore,232,Oil,5,0,Diesel,49.9,2,1,2.1,11,5.06
Australia,Vegetarian,359,Natural Gas,1,44,Diesel,62.7,2,3,3.6,36,15.045
Brazil,Omnivore,448,Electric,4,47,Hybrid,1.2,4,1,5.7,0,3.2
UK,Heavy Meat,201,Heat Pump,1,16,None,20.7,2,0,3.5,10,4.986
UK,Vegetarian,163,Natural Gas,2,22,Petrol,27.4,1,2,3.2,43,6.924
USA,Omnivore,525,Electric,2,52,None,37.2,3,0,8.0,0,5.002
Australia,Omnivore,225,Electric,5,59,Petrol,10.9,1,1,7.3,0,3.197
South Korea,Omnivore,492,Electric,2,59,None,18.3,2,1,12.0,26,5.996
USA,Omnivore,380,Heat Pump,2,0,EV,7.3,1,2,2.0,32,6.387
Canada,Omnivore,213,Natural Gas,1,69,Diesel,0.3,3,0,3.4,69,7.049
Norway,Heavy Meat,197,Electric,3,57,None,24.2,1,2,1.7,4,4.582
Russia,Heavy Meat,143,Natural Gas,1,1,Diesel,57.3,5,2,1.4,15,15.675
China,Omnivore,121,Natural Gas,4,49,Petrol,5.2,2,1,1.1,0,5.367
Nigeria,Heavy Meat,240,Heat Pump,2,67,EV,91.2,3,1,0.9,51,6.206
Nigeria,Heavy Meat,411,Electric,5,22,Petrol,18.4,4,1,3.1,0,4.261
India,Pescatarian,300,Natural Gas,3,41,None,28.5,0,1,1.6,43,4.513
Japan,Omnivore,551,Electric,2,39,Diesel,0.5,1,0,2.0,53,5.347
India,Vegan,403,Oil,4,62,Diesel,17.8,2,1,5.7,10,4.524
China,Omnivore,253,Electric,1,44,EV,1.8,1,2,8.6,35,9.556
Sweden,Omnivore,208,Natural Gas,2,21,Petrol,7.6,2,0,0.8,23,5.689
Italy,Heavy Meat,327,Electric,2,39,Diesel,44.3,4,3,0.9,7,9.385
China,Vegetarian,157,Natural Gas,4,41,None,1.8,2,0,10.9,0,3.772
South Korea,Omnivore,382,Natural Gas,3,48,None,4.0,1,0,0.5,32,4.326
India,Omnivore,125,Natural Gas,4,60,Petrol,6.5,0,2,14.3,45,3.74
China,Omnivore,362,Natural Gas,2,52,EV,2.1,2,1,5.5,19,8.247
China,Heavy Meat,299,Electric,3,30,Diesel,4.6,1,0,3.3,0,4.143
France,Omnivore,542,Electric,4,7,Petrol,28.7,3,0,0.4,39,3.478
USA,Omnivore,212,Natural Gas,3,45,Diesel,4.7,2,1,12.9,50,5.277
Nigeria,Omnivore,378,Natural Gas,2,100,Petrol,25.8,2,3,8.1,17,8.849
India,Omnivore,537,Natural Gas,4,23,Petrol,10.1,2,2,9.6,0,7.326
India,Omnivore,406,Wood,1,45,Petrol,70.3,2,0,3.2,33,13.438
China,Omnivore,464,Heat Pump,4,22,Petrol,30.8,1,0,17.9,61,4.497
UK,Omnivore,368,Natural Gas,3,49,Petrol,30.6,0,2,2.1,13,6.266
Canada,Omnivore,316,Electric,4,89,Petrol,20.9,1,0,2.5,20,3.396
India,Omnivore,78,Natural Gas,5,30,Petrol,12.4,2,1,3.6,24,3.661
India,Omnivore,290,Electric,3,38,Petrol,53.8,4,1,1.1,32,6.942
China,Heavy Meat,375,Oil,3,57,Hybrid,7.5,1,2,1.1,27,7.873
China,Vegan,602,Heat Pump,1,31,Petrol,1.1,0,1,1.7,41,8.01
Mexico,Vegetarian,268,Natural Gas,3,0,Petrol,9.1,0,1,7.1,29,3.793
China,Pescatarian,416,Wood,1,62,Diesel,8.5,2,1,1.4,47,8.611
UK,Omnivore,198,Natural Gas,4,41,Diesel,2.7,5,1,2.6,22,4.371
India,Pescatarian,183,Wood,3,77,Hybrid,3.3,1,1,6.6,38,3.649
India,Vegetarian,229,Natural Gas,1,55,Hybrid,4.0,0,1,8.1,33,7.01
China,Omnivore,235,Wood,3,44,Hybrid,2.0,1,1,11.1,51,3.623
Poland,Vegan,363,Oil,1,33,Hybrid,1.5,2,0,4.9,2,9.609
Japan,Pescatarian,368,Natural Gas,4,56,Petrol,32.6,1,0,16.5,10,4.824
South Korea,Vegetarian,442,Natural Gas,3,71,Hybrid,10.2,0,2,1.8,47,5.41
Canada,Heavy Meat,429,Natural Gas,4,59,Petrol,80.5,3,2,8.2,17,8.47
China,Omnivore,236,Heat Pump,1,30,Diesel,4.6,5,1,5.8,90,8.283
France,Omnivore,46,Natural Gas,2,20,Petrol,40.7,2,1,7.5,45,6.921
India,Omnivore,122,Natural Gas,5,23,None,37.8,3,0,5.5,12,2.537
Germany,Heavy Meat,144,Natural Gas,5,13,EV,9.9,0,0,2.4,22,3.343
South Africa,Omnivore,370,Heat Pump,2,41,EV,18.2,2,0,1.2,21,5.458
Mexico,Pescatarian,424,Heat Pump,2,28,Diesel,2.0,3,2,5.7,31,6.762
France,Vegan,669,Electric,2,38,Hybrid,63.1,3,1,9.7,23,5.174
Germany,Heavy Meat,270,Electric,1,53,None,53.8,1,1,0.4,17,6.824
Australia,Omnivore,373,Natural Gas,2,4,None,65.6,4,2,1.3,23,8.159
China,Omnivore,220,Electric,2,33,Hybrid,2.1,0,2,0.2,38,5.933
India,Heavy Meat,600,Electric,2,53,Hybrid,32.9,0,0,2.2,5,8.576
Russia,Omnivore,248,Electric,1,33,None,12.8,2,0,2.2,43,5.272
Nigeria,Omnivore,160,Heat Pump,3,80,None,27.5,0,1,3.8,42,3.273
China,Heavy Meat,245,Heat Pump,2,53,Hybrid,16.1,2,0,14.5,24,4.878
India,Omnivore,188,Wood,3,35,Petrol,44.9,1,1,3.8,5,5.551
Brazil,Omnivore,178,Natural Gas,3,34,Petrol,23.3,0,0,5.2,30,2.343
India,Pescatarian,259,Natural Gas,2,32,Petrol,40.2,0,2,0.1,27,8.151
Australia,Omnivore,136,Natural Gas,6,44,Diesel,6.1,4,1,1.4,33,3.2
Brazil,Heavy Meat,404,Natural Gas,3,33,Hybrid,7.0,3,0,3.4,15,3.088
Japan,Omnivore,226,Natural Gas,2,81,None,8.0,1,1,27.6,43,5.428
Mexico,Omnivore,560,Oil,5,64,None,5.6,2,1,7.2,42,3.549
India,Pescatarian,691,Natural Gas,2,25,EV,33.5,1,0,0.8,34,8.739
Russia,Omnivore,356,Natural Gas,2,64,None,26.5,0,1,1.8,46,7.289
Germany,Omnivore,300,Oil,3,65,Diesel,6.2,2,0,0.1,31,4.711
Nigeria,Omnivore,172,Electric,2,4,EV,4.2,2,1,0.5,52,4.948
China,Heavy Meat,159,Oil,4,66,Petrol,8.6,1,0,18.7,40,5.332
China,Vegan,305,Natural Gas,1,23,None,18.3,0,2,1.0,13,10.701
Poland,Vegan,132,Heat Pump,3,39,Petrol,7.6,4,0,4.2,51,2.511
USA,Heavy Meat,388,Heat Pump,3,65,None,4.9,4,0,0.7,0,4.128
South Korea,Omnivore,184,Natural Gas,4,60,None,3.9,2,0,10.3,58,3.608
Norway,Omnivore,172,Electric,2,30,Hybrid,11.6,5,1,2.6,0,5.221
USA,Omnivore,522,Oil,4,48,None,5.9,4,1,9.2,24,5.574
China,Omnivore,327,Natural Gas,3,45,Diesel,1.8,3,2,5.0,37,7.55
India,Vegan,156,Electric,2,46,Petrol,110.8,1,0,2.5,32,7.91
Canada,Heavy Meat,350,Wood,4,53,Petrol,20.9,3,0,12.5,44,3.427
China,Vegan,448,Natural Gas,2,71,EV,0.8,2,0,2.5,43,5.647
South Korea,Vegan,271,Wood,3,62,Petrol,3.0,2,0,1.8,38,2.543
Japan,Omnivore,307,Electric,6,1,Petrol,128.1,3,2,2.0,35,7.576
USA,Omnivore,344,Natural Gas,4,56,Diesel,1.5,2,1,1.6,22,4.161
India,Omnivore,310,Natural Gas,2,47,Petrol,7.5,0,3,8.1,10,8.027
USA,Pescatarian,142,Natural Gas,3,25,Petrol,18.2,2,1,6.5,0,5.139
South Africa,Omnivore,630,Electric,3,58,Petrol,40.2,3,0,0.4,2,8.295
China,Omnivore,332,Natural Gas,2,39,Petrol,3.4,2,0,6.7,39,6.286
Japan,Omnivore,216,Electric,1,19,Diesel,1.8,2,0,4.8,7,5.728
China,Omnivore,413,Natural Gas,4,46,Petrol,8.9,1,0,6.7,22,5.268
India,Omnivore,652,Heat Pump,1,47,Petrol,8.4,4,1,13.4,15,13.956
Poland,Omnivore,240,Oil,4,48,Hybrid,29.0,1,1,0.8,39,6.102
China,Pescatarian,179,Natural Gas,5,0,Hybrid,8.9,2,1,6.0,36,4.565
India,Omnivore,142,Natural Gas,1,38,Diesel,5.4,4,0,0.9,11,5.861
Russia,Omnivore,719,Heat Pump,4,59,None,34.4,0,0,10.8,19,3.527
USA,Pescatarian,464,Electric,2,23,Petrol,21.3,1,0,6.1,20,5.155
India,Vegan,181,Natural Gas,3,0,Petrol,5.5,1,1,7.0,0,2.808
Japan,Vegan,259,Electric,4,25,Petrol,63.9,1,1,23.7,17,4.503
Germany,Vegetarian,339,Oil,2,35,Petrol,16.2,3,0,5.5,40,5.612
Brazil,Heavy Meat,583,Electric,1,49,Hybrid,15.3,3,1,8.1,51,7.087
UK,Omnivore,547,Oil,2,21,EV,7.0,3,1,1.6,4,6.627
China,Omnivore,172,Natural Gas,2,15,Petrol,61.0,3,0,5.9,19,8.773
USA,Heavy Meat,196,Natural Gas,4,38,Hybrid,1.2,0,0,15.7,17,3.346
Brazil,Omnivore,178,Oil,1,54,None,0.4,4,0,3.6,0,4.597
Italy,Omnivore,441,Wood,2,6,Petrol,0.9,2,1,1.3,11,4.982
Germany,Omnivore,82,Natural Gas,2,48,Petrol,11.5,3,0,4.4,22,4.726
USA,Omnivore,289,Heat Pump,1,71,Petrol,5.6,0,1,6.5,9,6.753
Germany,Omnivore,420,Natural Gas,3,31,Petrol,12.6,3,2,1.9,13,7.069
USA,Omnivore,228,Electric,3,15,Petrol,3.9,0,0,3.3,0,2.678
Italy,Omnivore,206,Electric,1,55,Petrol,3.1,1,1,1.4,17,6.217
Australia,Heavy Meat,262,Natural Gas,2,36,Diesel,5.3,1,1,3.1,31,6.152
Indonesia,Omnivore,148,Natural Gas,4,32,Petrol,52.0,5,0,3.5,5,5.006
USA,Omnivore,208,Natural Gas,5,34,None,7.3,1,2,11.3,33,4.311
Indonesia,Omnivore,174,Natural Gas,4,0,Petrol,47.6,1,1,9.3,32,5.089
China,Vegetarian,277,Natural Gas,2,19,Hybrid,74.5,1,1,6.2,36,8.694
Brazil,Omnivore,429,Natural Gas,3,52,Diesel,9.8,2,0,0.8,17,2.545
Nigeria,Heavy Meat,73,Natural Gas,1,44,Petrol,11.9,4,1,2.5,12,7.157
Germany,Omnivore,596,Oil,5,29,None,4.6,2,1,8.0,34,4.512
India,Omnivore,230,Natural Gas,3,22,Hybrid,2.0,0,0,5.2,25,3.612
South Korea,Omnivore,91,Wood,1,5,EV,10.5,0,0,2.1,26,3.971
Germany,Vegetarian,233,Natural Gas,3,37,Hybrid,9.1,2,1,2.2,14,4.046
Russia,Omnivore,262,Natural Gas,4,35,None,12.8,3,0,0.9,41,3.935
India,Vegetarian,326,Natural Gas,5,51,Petrol,18.9,3,2,21.6,51,5.169
India,Heavy Meat,448,Electric,1,38,Diesel,21.9,2,2,13.2,41,13.893
Nigeria,Heavy Meat,205,Oil,2,66,Petrol,9.1,3,0,0.9,29,4.529
Indonesia,Omnivore,302,Heat Pump,3,100,Diesel,20.9,1,0,2.4,36,4.389
Poland,Omnivore,398,Natural Gas,3,5,Hybrid,3.4,1,3,3.2,30,8.627
China,Omnivore,388,Heat Pump,3,47,Petrol,14.6,4,0,1.1,15,4.112
Sweden,Heavy Meat,323,Electric,3,9,Petrol,50.3,1,1,0.2,26,5.689
China,Omnivore,340,Natural Gas,2,66,Diesel,40.1,5,0,0.9,28,8.757
Sweden,Omnivore,442,Electric,3,6,Diesel,89.1,1,0,3.7,0,5.154
Japan,Omnivore,163,Electric,5,28,None,16.0,0,0,0.2,7,2.073
India,Omnivore,189,Oil,6,42,None,16.7,3,0,6.5,7,2.114
USA,Heavy Meat,235,Natural Gas,5,11,None,10.8,3,1,1.5,17,4.225
South Africa,Omnivore,189,Natural Gas,2,58,Petrol,7.8,3,3,3.2,36,8.982
USA,Omnivore,229,Natural Gas,1,6,Petrol,15.7,3,1,2.6,28,9.23
South Africa,Omnivore,202,Electric,3,24,Petrol,28.9,3,1,0.4,7,6.353
Italy,Pescatarian,349,Natural Gas,5,8,Petrol,15.2,1,0,0.7,48,3.328
India,Vegan,598,Natural Gas,2,57,Petrol,28.0,1,1,7.3,0,9.437
India,Omnivore,608,Natural Gas,4,71,EV,3.7,4,0,1.6,27,5.238
China,Omnivore,533,Natural Gas,2,0,None,6.1,2,3,3.6,3,10.742
USA,Heavy Meat,219,Electric,1,8,Petrol,13.8,3,1,0.5,27,8.883
India,Omnivore,413,Electric,1,70,EV,5.9,1,0,8.8,6,8.292
France,Omnivore,397,Heat Pump,2,64,Petrol,20.4,5,1,3.0,30,5.441
France,Heavy Meat,240,Oil,5,29,Hybrid,63.4,4,0,1.5,37,4.36
Germany,Omnivore,320,Natural Gas,1,71,Hybrid,1.5,5,2,1.1,79,10.953
India,Omnivore,46,Oil,3,56,Diesel,24.4,3,0,9.0,57,3.275
USA,Vegan,157,Natural Gas,2,32,Petrol,26.1,2,1,1.6,29,5.698
Poland,Omnivore,291,Wood,2,85,EV,15.0,3,0,11.3,38,4.855
UK,Omnivore,109,Wood,5,45,Diesel,10.7,5,1,6.9,3,3.228
India,Pescatarian,162,Natural Gas,1,38,Petrol,19.3,2,1,2.4,7,7.928
UK,Omnivore,385,Wood,4,71,Petrol,22.9,5,0,0.1,44,3.464
China,Omnivore,630,Natural Gas,2,35,Diesel,6.8,4,0,8.9,0,8.628
Brazil,Omnivore,108,Natural Gas,2,21,Diesel,18.4,3,1,5.5,71,4.386
China,Omnivore,424,Natural Gas,1,58,Petrol,2.7,2,2,3.5,27,13.399
UK,Heavy Meat,326,Wood,4,25,Diesel,21.6,4,1,0.0,39,4.216
USA,Omnivore,92,Natural Gas,5,37,Hybrid,35.9,2,0,3.0,29,2.792
China,Omnivore,317,Electric,5,48,Petrol,2.5,0,1,5.4,59,3.383
Japan,Omnivore,206,Wood,4,14,Petrol,1.1,2,0,0.1,0,2.336
Australia,Heavy Meat,203,Electric,4,21,Diesel,2.2,3,1,2.3,11,4.228
Sweden,Omnivore,315,Natural Gas,1,2,Diesel,23.7,1,2,5.2,28,11.57
India,Omnivore,470,Electric,5,34,None,1.1,1,1,0.2,2,4.903
France,Omnivore,420,Natural Gas,3,42,Petrol,30.1,3,1,5.2,15,5.579
India,Omnivore,252,Electric,3,41,Petrol,18.9,3,1,2.5,34,5.603
South Korea,Heavy Meat,329,Electric,2,18,Petrol,24.6,4,2,5.6,44,8.713
India,Omnivore,106,Electric,3,49,Petrol,10.3,1,0,0.2,55,2.207
France,Omnivore,471,Electric,3,47,Petrol,5.8,3,1,3.4,0,4.126
Brazil,Omnivore,163,Wood,3,11,Hybrid,1.2,2,1,4.7,0,3.193
Japan,Omnivore,237,Heat Pump,4,46,Hybrid,7.7,0,1,24.6,23,3.246
China,Omnivore,289,Oil,2,39,Petrol,7.3,3,1,2.0,55,9.193
China,Heavy Meat,168,Oil,4,57,None,24.9,3,0,12.7,71,5.187
USA,Omnivore,489,Oil,3,26,Hybrid,15.2,0,2,1.8,50,6.484
USA,Vegetarian,219,Oil,5,53,Petrol,10.0,3,1,7.7,34,3.76
China,Omnivore,137,Natural Gas,1,51,Petrol,14.5,2,0,7.4,0,8.869
USA,Omnivore,331,Oil,2,37,Petrol,12.9,2,1,8.2,68,7.572
South Korea,Vegetarian,259,Natural Gas,1,18,Petrol,28.9,3,1,2.3,15,10.06
South Korea,Omnivore,605,Natural Gas,3,31,Diesel,2.6,0,1,0.5,9,6.14
China,Heavy Meat,375,Natural Gas,3,95,None,23.3,1,1,0.4,53,6.629
China,Pescatarian,433,Natural Gas,1,0,Hybrid,22.0,1,2,5.9,63,13.651
China,Omnivore,330,Wood,3,46,Petrol,3.7,3,1,0.1,45,4.788
Norway,Omnivore,607,Natural Gas,2,73,Diesel,6.4,1,0,3.3,34,4.82
Indonesia,Pescatarian,354,Natural Gas,1,24,Petrol,23.1,4,1,1.3,39,10.264
Nigeria,Omnivore,197,Natural Gas,4,16,EV,8.5,1,0,9.7,10,2.538
Poland,Omnivore,683,Electric,3,28,None,1.4,2,1,0.1,47,6.555
India,Omnivore,243,Natural Gas,2,28,Diesel,24.1,0,1,2.4,38,6.124
Australia,Heavy Meat,281,Heat Pump,3,63,Diesel,22.0,2,0,9.6,14,4.973
France,Omnivore,252,Oil,3,100,Hybrid,67.1,0,0,10.2,28,4.804
India,Heavy Meat,390,Natural Gas,3,53,Diesel,15.0,2,1,0.0,53,6.367
Norway,Omnivore,208,Natural Gas,3,43,Petrol,13.1,1,0,0.1,5,4.731
Australia,Omnivore,265,Heat Pump,3,29,Diesel,27.7,3,1,2.7,54,5.835
South Africa,Pescatarian,338,Electric,3,22,Diesel,0.9,3,0,3.5,0,4.46
China,Vegetarian,262,Electric,3,72,EV,19.9,2,1,0.2,6,4.206
Russia,Omnivore,291,Natural Gas,1,43,Petrol,6.2,1,0,2.3,1,8.555
Russia,Omnivore,233,Natural Gas,5,42,None,20.3,2,1,5.7,0,4.331
Australia,Omnivore,275,Wood,2,49,EV,10.0,0,0,6.8,0,4.038
Australia,Vegetarian,254,Wood,3,14,None,4.9,4,0,9.6,0,3.103
USA,Heavy Meat,545,Natural Gas,2,16,Hybrid,5.1,3,0,3.8,31,6.93
USA,Heavy Meat,218,Natural Gas,6,11,Diesel,1.1,1,2,5.5,19,4.084
Brazil,Heavy Meat,129,Electric,1,92,EV,15.2,2,0,4.9,39,3.896
Germany,Heavy Meat,290,Oil,3,70,Hybrid,2.3,2,1,5.7,8,5.575
South Africa,Omnivore,368,Natural Gas,4,71,Hybrid,22.1,1,0,4.8,18,4.998
Japan,Omnivore,348,Natural Gas,1,60,Hybrid,8.3,3,1,4.1,11,9.14
Canada,Omnivore,601,Wood,3,17,EV,13.0,1,0,2.0,38,2.541
India,Heavy Meat,290,Wood,1,42,None,0.9,1,0,0.9,26,7.69
Mexico,Vegetarian,268,Oil,6,52,None,43.8,3,1,10.2,1,2.522
Russia,Vegan,601,Electric,4,35,None,2.2,1,0,2.6,35,2.085
Mexico,Pescatarian,406,Oil,2,12,Diesel,10.4,4,0,6.2,13,5.24
China,Pescatarian,374,Oil,3,14,Diesel,9.8,2,1,0.1,0,7.491
India,Pescatarian,147,Natural Gas,6,57,None,21.3,3,0,0.6,31,1.684
China,Omnivore,450,Electric,3,33,None,1.3,0,2,2.2,6,5.656
Russia,Omnivore,512,Natural Gas,2,55,Hybrid,6.0,0,0,0.5,11,5.934
India,Omnivore,435,Wood,1,9,Petrol,40.1,2,1,10.2,19,13.702
Nigeria,Omnivore,322,Heat Pump,3,30,Petrol,5.2,3,1,0.2,36,4.488
Brazil,Omnivore,306,Electric,4,70,Petrol,55.9,2,0,5.4,0,2.947
China,Omnivore,221,Electric,4,60,None,3.5,2,1,6.6,18,4.121
Australia,Omnivore,395,Electric,6,22,Diesel,13.1,1,3,10.8,27,5.817
Russia,Omnivore,137,Natural Gas,2,40,Petrol,12.1,2,1,1.3,15,7.394
India,Heavy Meat,246,Natural Gas,2,32,None,3.8,0,1,0.9,14,5.861
USA,Omnivore,277,Natural Gas,3,46,Petrol,13.6,4,1,0.2,13,5.642
China,Vegetarian,618,Electric,1,42,Diesel,16.2,3,1,9.9,19,9.867
USA,Heavy Meat,265,Natural Gas,1,46,None,2.8,1,1,0.6,29,8.326
Russia,Omnivore,306,Natural Gas,2,29,Petrol,14.1,2,0,6.4,30,6.473
Brazil,Omnivore,319,Electric,2,24,Petrol,11.0,2,0,1.6,76,3.293
France,Heavy Meat,82,Heat Pump,3,78,EV,68.3,1,0,0.2,25,2.536
South Africa,Vegetarian,153,Natural Gas,3,47,Petrol,2.2,2,0,10.9,26,3.691
India,Omnivore,489,Natural Gas,4,54,Diesel,37.6,4,1,4.4,31,7.356
UK,Omnivore,263,Electric,6,14,Petrol,25.6,1,1,1.2,47,3.048
Brazil,Omnivore,273,Electric,3,69,Hybrid,24.5,1,0,11.0,0,2.871
Indonesia,Pescatarian,111,Oil,3,23,None,52.5,4,0,0.3,19,2.911
USA,Pescatarian,87,Heat Pump,5,28,Hybrid,77.5,2,1,4.7,33,4.089
India,Omnivore,201,Wood,6,54,Diesel,0.5,6,0,2.3,30,2.993
UK,Vegetarian,349,Natural Gas,2,0,Hybrid,7.0,1,1,11.7,63,5.226
China,Omnivore,146,Natural Gas,3,55,Hybrid,23.6,4,0,0.2,13,5.0
Indonesia,Omnivore,136,Wood,2,74,None,4.8,1,2,4.0,1,5.718
India,Omnivore,230,Natural Gas,2,61,EV,7.9,0,2,1.5,54,6.027
Canada,Heavy Meat,199,Oil,2,91,Diesel,4.7,3,1,7.2,24,7.369
India,Omnivore,386,Electric,5,57,Hybrid,1.2,2,1,1.1,51,4.425
USA,Pescatarian,233,Heat Pump,6,44,Diesel,19.5,2,0,10.8,90,2.439
Australia,Omnivore,307,Electric,4,23,Diesel,46.1,4,0,2.0,51,5.053
France,Vegan,378,Wood,6,0,None,12.6,2,0,1.4,52,1.048
Russia,Heavy Meat,315,Electric,4,47,None,62.7,5,1,8.8,24,3.932
UK,Omnivore,250,Oil,3,55,None,10.3,3,0,17.5,42,4.368
China,Omnivore,153,Heat Pump,2,18,Petrol,5.6,3,0,2.5,17,3.667
Germany,Vegan,226,Natural Gas,2,28,None,18.1,5,1,1.6,42,5.136
USA,Omnivore,760,Natural Gas,3,15,Petrol,16.2,4,1,3.3,0,7.785
Russia,Omnivore,138,Oil,4,77,Diesel,10.8,5,0,4.8,11,5.142
USA,Omnivore,398,Natural Gas,3,48,Hybrid,7.2,1,0,8.2,15,4.134
China,Omnivore,120,Oil,1,16,Petrol,5.9,3,1,3.7,63,12.064
Japan,Vegetarian,584,Heat Pump,1,59,None,22.6,4,0,3.1,22,6.853
India,Omnivore,139,Electric,3,1,Diesel,100.0,2,0,10.7,36,6.64
UK,Heavy Meat,282,Wood,3,27,Petrol,43.4,1,1,3.0,20,5.774
France,Pescatarian,115,Natural Gas,1,41,Petrol,11.0,0,0,17.2,0,4.855
China,Omnivore,116,Oil,5,84,None,2.5,1,1,3.4,55,4.767
Canada,Vegan,422,Natural Gas,4,53,Diesel,23.7,3,0,2.8,20,3.629
Nigeria,Heavy Meat,295,Electric,4,77,Diesel,93.0,2,0,4.7,36,6.55
Germany,Heavy Meat,380,Natural Gas,5,0,EV,1.1,5,1,2.9,12,4.897
Russia,Omnivore,311,Natural Gas,5,30,Hybrid,56.4,1,0,11.5,27,4.504
China,Omnivore,174,Oil,4,67,Petrol,27.6,5,1,21.6,17,6.358
Mexico,Pescatarian,402,Natural Gas,3,9,Diesel,6.3,1,0,6.2,29,3.917
India,Omnivore,294,Heat Pump,3,63,None,20.8,1,1,2.6,22,5.089
Canada,Pescatarian,35,Electric,3,44,Petrol,1.0,1,0,3.0,35,1.565
UK,Omnivore,520,Oil,4,38,Petrol,22.1,4,1,2.0,26,5.998
USA,Omnivore,184,Heat Pump,3,20,Petrol,27.8,5,2,4.1,44,6.475
India,Heavy Meat,571,Heat Pump,3,59,Hybrid,60.8,2,2,3.0,7,9.456
China,Omnivore,243,Electric,5,65,Diesel,1.7,1,2,0.5,27,4.303
Russia,Omnivore,247,Natural Gas,1,89,Diesel,21.0,1,1,1.0,0,10.542
China,Omnivore,323,Electric,3,52,Diesel,6.8,1,2,0.6,24,5.64
China,Omnivore,424,Heat Pump,4,10,Petrol,27.9,1,0,0.2,5,4.274
China,Omnivore,197,Oil,2,68,None,35.7,3,0,0.2,49,6.717
India,Omnivore,443,Natural Gas,2,7,Petrol,3.6,5,0,13.1,48,7.44
Mexico,Omnivore,149,Oil,2,100,Diesel,20.2,0,0,1.4,18,4.015
Germany,Heavy Meat,214,Oil,2,30,None,30.9,2,1,0.4,30,6.241
USA,Vegan,229,Oil,3,76,Hybrid,0.3,0,2,5.7,14,4.588
India,Heavy Meat,159,Natural Gas,2,21,Petrol,65.9,2,0,11.3,0,7.877
Germany,Omnivore,547,Heat Pump,3,78,Petrol,7.3,4,1,5.5,40,4.872
India,Omnivore,267,Wood,5,24,Hybrid,2.2,2,1,35.4,4,4.178
Japan,Vegetarian,63,Wood,6,50,EV,29.1,1,1,1.4,44,2.287
China,Omnivore,304,Natural Gas,6,57,Petrol,43.7,6,0,3.9,27,5.342
Poland,Pescatarian,695,Natural Gas,4,8,Hybrid,16.7,2,1,6.8,35,7.106
Mexico,Vegan,211,Oil,1,47,None,13.1,3,2,10.5,3,6.533
Italy,Omnivore,500,Natural Gas,5,6,None,30.1,1,1,0.1,19,3.369
Brazil,Omnivore,337,Wood,4,75,None,41.5,2,2,2.0,21,3.772
France,Heavy Meat,441,Natural Gas,5,20,Hybrid,2.0,2,0,8.2,32,3.004
China,Omnivore,201,Oil,4,51,Petrol,8.0,3,0,5.9,29,5.291
USA,Omnivore,94,Natural Gas,1,74,Petrol,60.5,1,0,7.6,0,9.728
Indonesia,Omnivore,367,Oil,4,50,Petrol,23.6,1,0,2.0,32,4.609
Japan,Heavy Meat,485,Oil,2,36,Petrol,6.7,3,1,21.1,26,8.764
India,Omnivore,265,Wood,3,69,Petrol,59.7,2,1,0.3,50,6.81
India,Omnivore,542,Electric,2,49,EV,9.0,0,0,0.7,10,6.802
Sweden,Heavy Meat,278,Heat Pump,1,0,Hybrid,8.5,1,0,1.4,21,4.402
Australia,Omnivore,363,Natural Gas,5,34,Hybrid,19.9,4,1,1.7,0,4.515
India,Pescatarian,248,Electric,4,0,Diesel,40.8,1,1,6.6,21,5.11
Italy,Omnivore,292,Oil,5,23,None,18.7,5,0,2.9,28,3.615
Brazil,Pescatarian,676,Wood,3,15,Diesel,26.6,2,3,3.8,9,5.637
UK,Omnivore,285,Natural Gas,1,34,Diesel,20.3,2,0,0.2,34,7.402
India,Vegan,261,Natural Gas,1,14,None,48.4,2,1,3.8,30,7.677
USA,Omnivore,419,Natural Gas,4,61,None,23.4,4,2,3.3,23,5.356
Canada,Omnivore,399,Natural Gas,5,54,Petrol,22.2,3,1,1.2,0,4.879
Australia,Omnivore,454,Natural Gas,2,27,Hybrid,28.8,2,0,1.7,38,7.081
China,Heavy Meat,203,Electric,3,29,None,6.2,2,0,5.5,31,3.732
Australia,Vegetarian,111,Heat Pump,1,16,EV,33.7,3,0,1.8,35,3.887
USA,Omnivore,196,Natural Gas,1,29,Petrol,17.3,1,0,11.1,17,7.158
USA,Omnivore,59,Electric,1,31,Petrol,76.9,2,1,0.6,0,10.584
Italy,Vegetarian,124,Natural Gas,3,38,Petrol,16.6,2,0,8.2,43,3.456
China,Vegetarian,147,Natural Gas,5,28,Hybrid,13.8,1,1,0.7,21,4.396
Brazil,Heavy Meat,593,Wood,2,27,Diesel,44.4,3,1,11.0,37,6.703
Japan,Heavy Meat,670,Natural Gas,4,46,None,18.8,4,0,0.0,0,5.197
Germany,Omnivore,144,Natural Gas,4,26,Diesel,19.5,2,0,4.9,24,3.356
Canada,Omnivore,180,Natural Gas,2,63,Diesel,15.4,4,0,1.6,47,6.194
Germany,Vegan,271,Wood,3,47,Petrol,59.0,2,1,0.5,15,5.052
Russia,Omnivore,615,Wood,3,0,Diesel,56.8,5,2,1.2,0,8.121
India,Heavy Meat,314,Electric,2,83,Hybrid,22.9,1,0,4.6,32,5.701
USA,Omnivore,187,Electric,4,55,None,7.5,2,1,4.6,36,3.641
South Korea,Omnivore,47,Oil,4,45,EV,41.1,1,1,22.1,11,4.361
USA,Omnivore,290,Wood,4,32,Petrol,40.0,2,1,3.7,25,4.622
USA,Omnivore,311,Natural Gas,4,29,Petrol,24.0,2,0,0.4,31,4.663
Italy,Heavy Meat,335,Heat Pump,1,65,Diesel,38.9,1,0,22.3,8,6.914
India,Omnivore,299,Natural Gas,5,17,Petrol,1.3,2,1,3.2,7,3.687
Brazil,Heavy Meat,386,Natural Gas,2,23,None,3.9,1,1,0.2,35,4.409
China,Omnivore,532,Natural Gas,4,23,Petrol,3.8,1,0,2.0,17,5.539
USA,Omnivore,552,Oil,3,17,Diesel,11.3,6,0,3.5,10,5.943
UK,Omnivore,182,Natural Gas,4,0,Diesel,35.6,4,1,5.3,32,5.673
Japan,Pescatarian,166,Electric,2,98,Petrol,24.1,1,0,4.2,48,4.058
India,Omnivore,320,Natural Gas,3,100,EV,3.9,2,1,3.1,0,5.784
USA,Omnivore,528,Heat Pump,3,74,Petrol,30.2,1,3,3.2,0,7.498
Norway,Omnivore,222,Electric,1,49,Diesel,1.8,3,0,0.8,51,4.714
India,Vegetarian,424,Oil,3,16,Petrol,28.1,0,0,1.8,0,5.133
Nigeria,Pescatarian,307,Natural Gas,3,42,None,6.8,4,0,0.5,28,3.213
Russia,Heavy Meat,182,Natural Gas,2,23,None,33.3,4,1,8.0,10,7.66
Canada,Pescatarian,643,Heat Pump,2,56,Diesel,42.4,5,1,2.9,16,6.311
UK,Heavy Meat,492,Natural Gas,2,47,Petrol,19.2,0,1,0.9,45,6.288
Mexico,Heavy Meat,175,Electric,2,91,Petrol,2.0,6,0,2.8,37,4.351
Nigeria,Omnivore,540,Natural Gas,4,83,Petrol,2.8,3,2,6.7,32,5.105
India,Omnivore,199,Natural Gas,2,43,Petrol,4.6,3,0,4.7,26,4.8
China,Heavy Meat,318,Natural Gas,3,11,Hybrid,8.0,1,3,4.9,35,8.183
Brazil,Heavy Meat,186,Electric,4,37,EV,1.5,1,0,2.5,72,1.69
France,Heavy Meat,162,Electric,2,31,Petrol,11.5,4,2,3.8,10,6.271
USA,Omnivore,225,Natural Gas,2,40,Petrol,39.1,0,0,2.5,50,6.363
Canada,Omnivore,268,Electric,1,39,None,16.5,2,2,5.0,33,8.185
India,Omnivore,374,Natural Gas,1,41,Diesel,22.7,1,1,6.1,26,10.837
Italy,Omnivore,264,Natural Gas,4,37,Petrol,7.1,2,0,3.9,36,3.38
China,Vegetarian,132,Natural Gas,5,44,Petrol,29.8,5,1,0.8,35,5.402
Mexico,Heavy Meat,151,Electric,1,18,Petrol,3.3,1,0,3.9,17,4.928
Mexico,Omnivore,418,Electric,2,30,EV,9.3,2,1,2.7,32,6.168
China,Heavy Meat,674,Natural Gas,5,58,Petrol,1.2,2,0,5.1,48,5.418
China,Omnivore,304,Natural Gas,3,19,None,2.2,1,0,1.5,16,4.241
Indonesia,Heavy Meat,108,Oil,4,56,Petrol,28.0,5,3,0.2,2,5.843
UK,Omnivore,556,Oil,4,50,Diesel,7.9,2,2,6.4,0,5.67
India,Vegetarian,299,Wood,6,30,Diesel,11.9,2,0,2.1,40,3.432
Canada,Heavy Meat,197,Electric,4,65,None,5.8,1,0,5.8,9,2.777
UK,Omnivore,324,Electric,4,30,Hybrid,2.0,3,0,8.7,51,2.079
France,Omnivore,264,Electric,5,29,Diesel,30.5,2,0,6.0,0,2.749
India,Pescatarian,334,Natural Gas,3,9,EV,0.9,2,1,6.4,10,4.965
India,Omnivore,267,Natural Gas,5,18,EV,5.4,2,0,12.2,42,3.39
France,Omnivore,640,Natural Gas,3,41,Hybrid,1.4,4,0,1.0,48,3.911
Mexico,Heavy Meat,60,Electric,2,6,Diesel,19.3,2,1,3.0,32,4.685
India,Omnivore,232,Oil,2,32,None,4.9,1,1,0.3,25,5.459
Japan,Heavy Meat,723,Electric,2,33,Petrol,20.9,2,0,1.2,8,7.177
USA,Omnivore,178,Natural Gas,2,42,Diesel,23.2,1,1,5.9,44,6.155
Brazil,Omnivore,452,Natural Gas,3,45,None,24.7,2,1,0.3,41,3.04
France,Vegan,585,Wood,1,26,Petrol,4.7,2,2,4.4,71,6.57
Indonesia,Pescatarian,200,Electric,1,47,Petrol,1.9,3,0,2.7,45,5.516
Indonesia,Vegetarian,288,Oil,3,10,Petrol,6.7,4,0,6.7,21,3.547
Japan,Omnivore,524,Electric,1,64,Petrol,13.8,4,0,0.0,10,8.632
India,Omnivore,299,Oil,1,33,Petrol,29.1,2,1,2.6,30,11.263
Australia,Pescatarian,325,Natural Gas,1,57,Petrol,48.5,1,0,2.6,19,9.597
India,Omnivore,440,Electric,5,34,Diesel,13.9,2,1,3.8,18,5.435
China,Omnivore,320,Heat Pump,2,49,None,4.3,1,2,7.5,11,6.298
USA,Omnivore,152,Electric,4,53,None,1.8,2,1,4.0,26,3.853
China,Vegetarian,408,Wood,3,19,Diesel,40.6,1,2,0.9,30,6.879
India,Heavy Meat,332,Electric,2,39,Diesel,3.9,1,0,17.5,24,5.543
Brazil,Omnivore,434,Oil,4,59,Diesel,21.4,1,0,2.2,33,2.016
China,Omnivore,267,Natural Gas,5,59,None,43.6,1,1,0.7,38,4.469
India,Omnivore,152,Heat Pump,1,90,Petrol,20.4,4,0,4.2,19,7.423
France,Omnivore,479,Natural Gas,4,40,Hybrid,26.2,2,1,9.4,46,4.46
Sweden,Omnivore,438,Electric,3,58,Petrol,38.2,2,1,12.8,19,5.025
Brazil,Omnivore,398,Natural Gas,1,58,Hybrid,28.9,1,2,10.2,41,8.015
Australia,Omnivore,374,Heat Pump,4,20,Petrol,26.1,2,0,3.5,20,4.3
UK,Omnivore,482,Heat Pump,1,37,Petrol,21.4,1,2,7.5,27,9.293
India,Pescatarian,296,Natural Gas,3,24,Diesel,27.6,2,2,3.0,23,6.404
China,Heavy Meat,229,Natural Gas,3,10,None,14.2,1,0,14.5,32,5.014
USA,Omnivore,530,Natural Gas,4,61,Petrol,25.3,1,0,2.1,5,5.021
Australia,Omnivore,261,Heat Pump,2,20,Petrol,2.8,3,1,7.0,45,5.439
UK,Omnivore,155,Natural Gas,6,94,None,15.0,0,0,9.6,39,2.568
China,Omnivore,201,Natural Gas,5,47,Hybrid,14.8,2,0,1.7,21,4.254
Sweden,Pescatarian,156,Natural Gas,3,39,EV,55.7,3,1,1.6,0,5.14
China,Omnivore,203,Heat Pump,2,36,Petrol,3.7,3,0,2.5,24,4.493
India,Omnivore,518,Oil,3,24,Petrol,69.3,1,1,2.6,32,9.681
China,Omnivore,238,Heat Pump,6,71,Diesel,2.0,2,0,6.3,35,2.205
India,Vegetarian,226,Heat Pump,3,73,Hybrid,0.4,2,1,21.7,38,4.156
France,Omnivore,515,Electric,3,13,Petrol,43.5,3,0,4.1,15,4.684
Germany,Vegan,281,Natural Gas,2,17,Petrol,58.9,2,2,7.0,2,8.755
USA,Omnivore,643,Heat Pump,6,22,Diesel,16.3,3,0,0.8,8,3.59
Mexico,Omnivore,394,Heat Pump,4,72,Petrol,12.6,0,1,5.3,0,4.4
South Korea,Omnivore,442,Oil,2,39,Diesel,40.0,3,0,11.2,23,7.988
Russia,Omnivore,548,Electric,3,71,Petrol,31.7,1,0,2.6,21,5.159
India,Pescatarian,135,Oil,4,44,None,37.1,3,0,0.3,0,2.439
India,Omnivore,539,Electric,6,50,Petrol,10.2,1,2,2.3,35,5.751
Brazil,Omnivore,291,Natural Gas,1,58,Petrol,4.2,1,0,0.5,17,3.605
France,Omnivore,638,Natural Gas,3,42,Hybrid,8.7,3,0,0.6,17,3.424
China,Heavy Meat,334,Natural Gas,4,93,Diesel,0.9,2,1,6.4,20,5.888
Indonesia,Omnivore,514,Natural Gas,2,52,Petrol,19.2,3,0,5.8,11,7.544
India,Omnivore,89,Electric,2,21,Petrol,16.6,2,1,0.1,26,5.107
China,Omnivore,288,Electric,5,66,Hybrid,45.3,1,2,0.0,38,4.793
UK,Heavy Meat,151,Electric,2,0,Petrol,58.5,0,2,1.4,42,7.816
South Africa,Omnivore,209,Wood,5,52,Petrol,32.8,3,0,1.7,5,4.531
China,Heavy Meat,272,Natural Gas,3,12,None,95.3,4,0,0.4,14,6.366
Germany,Omnivore,92,Natural Gas,3,24,EV,15.9,5,0,2.9,30,4.072
Nigeria,Omnivore,381,Oil,2,50,Hybrid,16.8,1,3,10.9,2,8.549
India,Heavy Meat,274,Natural Gas,2,31,Petrol,15.3,3,0,0.8,0,6.236
Brazil,Pescatarian,533,Heat Pump,3,16,Diesel,14.2,2,1,4.6,36,2.661
China,Omnivore,379,Natural Gas,2,41,Petrol,11.5,1,0,5.6,16,7.28
China,Pescatarian,145,Natural Gas,2,26,Petrol,7.9,4,2,3.4,8,8.425
Mexico,Omnivore,569,Electric,5,19,Petrol,52.9,3,0,1.3,23,4.79
India,Omnivore,352,Natural Gas,4,29,Hybrid,11.1,4,0,1.1,27,4.117
UK,Heavy Meat,446,Wood,2,59,Petrol,31.6,2,2,0.2,28,7.177
Germany,Omnivore,266,Electric,3,31,Petrol,6.7,0,0,5.0,35,3.079
China,Omnivore,185,Electric,6,43,Petrol,2.9,1,2,1.4,26,3.073
UK,Omnivore,377,Wood,2,80,Petrol,4.8,0,0,2.2,29,3.17
France,Pescatarian,424,Heat Pump,2,69,EV,69.0,3,0,5.1,30,3.205
Italy,Pescatarian,378,Heat Pump,5,37,Petrol,14.7,1,0,0.0,0,2.845
South Korea,Omnivore,402,Natural Gas,3,46,Petrol,10.3,1,2,0.1,48,6.175
France,Omnivore,237,Wood,2,14,Diesel,10.4,3,0,4.2,26,4.021
Brazil,Omnivore,360,Heat Pump,2,40,Diesel,12.2,2,2,18.1,41,5.565
Japan,Omnivore,517,Electric,1,22,Petrol,2.0,5,2,4.8,0,11.684
South Korea,Omnivore,179,Heat Pump,2,71,Diesel,4.8,8,0,8.3,32,4.54
India,Omnivore,505,Wood,2,54,Hybrid,19.2,3,1,9.3,0,7.968
Nigeria,Omnivore,593,Wood,2,71,Petrol,9.8,2,0,7.8,6,5.981
China,Heavy Meat,403,Heat Pump,4,54,Petrol,13.0,1,2,12.2,2,4.768
Nigeria,Omnivore,108,Electric,3,29,Hybrid,19.2,2,0,4.7,10,2.718
USA,Omnivore,246,Natural Gas,4,27,Petrol,20.6,0,0,3.4,0,3.784
China,Vegan,205,Wood,1,64,Petrol,6.1,1,2,2.9,0,7.913
Nigeria,Omnivore,266,Natural Gas,5,36,Hybrid,10.4,1,1,5.9,0,2.976
Nigeria,Heavy Meat,309,Natural Gas,3,61,EV,13.8,2,1,0.2,38,4.718
Indonesia,Omnivore,148,Electric,4,64,Diesel,10.2,5,0,2.7,2,3.659
Norway,Omnivore,510,Natural Gas,2,24,Petrol,35.7,4,1,8.2,12,8.403
UK,Heavy Meat,236,Natural Gas,2,4,Petrol,10.1,2,2,1.3,9,7.592
India,Pescatarian,241,Natural Gas,4,32,EV,2.2,2,0,0.5,7,3.304
India,Omnivore,162,Natural Gas,3,67,Diesel,11.4,1,0,1.5,18,3.305
India,Omnivore,337,Natural Gas,3,34,None,14.9,4,0,4.2,0,4.869
China,Omnivore,490,Electric,2,0,None,2.0,4,1,4.1,26,7.171
USA,Pescatarian,580,Electric,4,39,Petrol,39.3,1,2,3.0,29,6.095
Italy,Omnivore,519,Electric,3,48,Diesel,4.3,0,1,10.7,10,3.734
Italy,Omnivore,455,Electric,5,30,Petrol,10.0,3,0,2.8,5,3.057
India,Heavy Meat,249,Electric,5,55,Hybrid,35.0,3,2,11.3,7,4.608
Australia,Vegetarian,147,Heat Pump,1,37,Hybrid,20.2,2,0,0.9,25,4.971
Italy,Omnivore,572,Natural Gas,2,46,Petrol,32.7,1,0,3.0,54,7.388
Italy,Omnivore,244,Natural Gas,4,24,Diesel,13.6,2,2,4.6,52,5.367
Australia,Heavy Meat,265,Wood,2,22,Hybrid,4.0,3,1,11.2,22,5.746
France,Heavy Meat,347,Wood,2,13,EV,18.4,0,0,1.6,23,3.261
Russia,Vegan,452,Heat Pump,1,57,Petrol,4.2,4,0,3.0,24,4.796
China,Vegan,379,Wood,6,63,Petrol,29.4,2,0,12.2,30,3.194
Germany,Pescatarian,502,Electric,1,37,Petrol,22.4,0,0,2.2,0,6.795
UK,Omnivore,266,Electric,2,34,Diesel,3.8,1,0,3.2,21,3.304
USA,Omnivore,655,Natural Gas,2,48,Petrol,16.6,2,1,5.9,2,8.648
Mexico,Omnivore,125,Electric,3,32,Hybrid,21.7,0,0,6.9,11,2.83
China,Heavy Meat,359,Electric,1,61,Hybrid,26.3,1,2,6.2,30,11.026
Brazil,Omnivore,489,Natural Gas,2,74,None,11.4,0,1,2.6,54,3.449
Brazil,Vegan,114,Wood,2,44,Hybrid,26.1,2,2,5.0,0,4.488
India,Omnivore,478,Wood,2,15,Petrol,12.7,1,2,0.9,42,9.216
India,Heavy Meat,241,Natural Gas,2,40,Diesel,14.9,0,1,6.0,38,6.392
Mexico,Omnivore,201,Electric,2,2,Petrol,30.9,2,0,1.5,4,4.701
France,Omnivore,185,Natural Gas,2,21,EV,4.9,1,2,1.1,0,6.355
USA,Omnivore,212,Electric,4,98,Petrol,13.8,3,1,5.3,3,3.969
France,Omnivore,222,Natural Gas,3,49,EV,28.3,1,0,5.1,23,2.739
Japan,Heavy Meat,164,Heat Pump,1,57,Diesel,52.1,3,0,0.3,24,8.509
Germany,Omnivore,507,Electric,5,90,Petrol,3.0,2,1,0.4,17,3.676
Indonesia,Omnivore,552,Natural Gas,1,6,Petrol,5.9,4,1,2.9,24,12.128
USA,Omnivore,501,Electric,1,3,Petrol,21.1,3,0,3.8,23,8.447
India,Vegan,275,Heat Pump,1,63,Diesel,59.6,1,0,4.2,7,8.894
Russia,Pescatarian,408,Wood,4,84,Hybrid,18.2,3,0,2.7,0,3.276
UK,Omnivore,516,Natural Gas,2,44,Petrol,0.2,2,0,11.4,38,5.048
India,Omnivore,250,Electric,2,61,Petrol,18.8,2,1,1.7,6,6.125
Germany,Heavy Meat,190,Oil,3,41,Diesel,38.9,1,2,7.2,36,7.913
India,Heavy Meat,206,Electric,5,37,None,75.3,1,0,3.4,44,3.255
China,Omnivore,167,Natural Gas,1,54,Petrol,14.0,3,0,2.4,27,8.806
India,Heavy Meat,352,Electric,6,38,Diesel,14.7,4,0,6.6,73,4.132
Germany,Omnivore,241,Oil,4,43,None,44.3,4,1,0.5,64,4.75
India,Omnivore,532,Wood,3,2,EV,53.2,3,0,2.9,33,6.08
France,Omnivore,192,Natural Gas,6,46,Petrol,17.3,3,0,0.5,0,2.756
UK,Omnivore,450,Heat Pump,1,78,Petrol,11.8,5,0,8.6,11,5.883
South Korea,Vegan,157,Oil,4,54,Petrol,15.3,2,2,2.5,0,5.286
Italy,Omnivore,172,Electric,5,57,None,35.7,2,0,2.1,10,1.675
Australia,Omnivore,166,Oil,2,56,Diesel,16.8,1,0,0.9,9,5.035
India,Vegetarian,223,Electric,2,35,None,0.6,4,0,2.8,0,4.318
India,Omnivore,201,Electric,3,93,Hybrid,74.3,3,0,3.2,25,5.481
South Korea,Omnivore,548,Wood,3,60,Hybrid,32.1,2,2,4.0,24,6.787
China,Omnivore,286,Electric,6,84,Diesel,1.4,1,1,1.9,6,3.182
Indonesia,Omnivore,242,Natural Gas,2,23,Hybrid,58.4,2,0,7.1,50,5.981
Brazil,Heavy Meat,235,Oil,1,23,Petrol,16.8,4,2,2.0,16,9.377
Japan,Omnivore,137,Natural Gas,4,7,None,31.3,2,3,6.1,21,5.368
Germany,Omnivore,694,Electric,2,29,Hybrid,3.4,3,1,2.2,52,6.492
Canada,Omnivore,186,Natural Gas,2,37,Petrol,23.5,1,3,11.8,13,9.43
China,Heavy Meat,299,Natural Gas,1,64,None,44.6,2,0,10.1,65,8.823
India,Omnivore,576,Natural Gas,5,41,EV,37.8,2,1,1.5,0,5.073
India,Pescatarian,195,Natural Gas,3,52,None,6.2,0,2,8.6,52,4.283
UK,Pescatarian,264,Natural Gas,2,85,None,14.9,1,2,1.5,57,6.234
China,Heavy Meat,447,Natural Gas,2,25,Diesel,31.4,3,1,1.3,25,10.429
Sweden,Omnivore,232,Natural Gas,3,41,None,12.6,3,0,0.2,20,4.017
Canada,Pescatarian,115,Wood,6,1,Hybrid,14.1,4,1,2.9,52,2.45
China,Omnivore,439,Electric,4,79,Hybrid,41.5,1,1,2.4,46,5.014
China,Omnivore,675,Natural Gas,5,46,Hybrid,14.3,2,0,9.2,27,5.395
USA,Pescatarian,503,Natural Gas,2,49,None,2.4,3,0,1.4,34,5.153
USA,Vegan,421,Electric,1,29,None,15.3,2,1,0.3,27,6.264
China,Omnivore,205,Natural Gas,2,75,None,34.1,1,0,2.1,17,5.885
Indonesia,Omnivore,396,Electric,3,52,Diesel,12.7,1,1,13.6,9,6.218
India,Omnivore,326,Oil,1,25,Petrol,5.7,1,0,2.0,38,8.419
South Korea,Omnivore,527,Electric,5,13,Diesel,13.8,3,1,1.9,0,4.015
Canada,Omnivore,593,Oil,5,49,Diesel,28.0,4,0,0.9,21,4.585
Norway,Vegetarian,176,Heat Pump,5,28,None,40.6,1,2,2.7,4,2.311
Japan,Pescatarian,755,Natural Gas,6,27,EV,22.6,1,0,0.8,80,3.895
India,Vegetarian,272,Natural Gas,3,72,None,41.2,1,0,5.5,74,3.433
India,Omnivore,431,Electric,3,29,Petrol,20.3,0,1,1.8,10,6.459
China,Heavy Meat,33,Electric,2,0,Petrol,19.9,2,0,11.5,33,4.674
USA,Omnivore,174,Natural Gas,3,30,None,7.7,0,1,3.8,12,4.516
Poland,Omnivore,443,Electric,3,30,Petrol,7.3,0,0,1.6,43,4.335
China,Omnivore,533,Heat Pump,3,40,Petrol,9.6,3,0,12.0,60,4.553
Italy,Omnivore,504,Electric,5,42,Petrol,10.5,2,1,0.5,2,3.358
Japan,Omnivore,233,Oil,3,60,EV,29.4,0,0,6.6,0,3.972
UK,Omnivore,101,Natural Gas,4,62,EV,17.3,1,0,0.4,8,3.258
Italy,Omnivore,515,Electric,2,72,Diesel,0.6,2,0,7.4,50,3.877
Poland,Pescatarian,622,Wood,3,25,Hybrid,30.9,0,1,1.5,31,5.992
Poland,Vegetarian,218,Heat Pump,1,50,Petrol,4.9,1,0,3.2,58,4.32
Indonesia,Omnivore,72,Wood,3,59,Petrol,5.7,3,0,2.4,20,3.185
India,Vegan,175,Natural Gas,5,29,Hybrid,10.0,2,2,1.9,15,3.317
India,Pescatarian,465,Electric,1,53,Petrol,16.1,1,0,17.6,8,9.721
China,Heavy Meat,248,Electric,2,3,Hybrid,5.3,2,3,3.0,36,8.814
Canada,Heavy Meat,514,Wood,4,22,Diesel,34.4,3,1,3.3,9,4.353
Japan,Vegan,277,Wood,4,45,Hybrid,3.2,5,1,4.6,22,3.089
China,Omnivore,688,Electric,2,72,Petrol,3.5,0,0,5.0,8,6.323
Norway,Omnivore,342,Heat Pump,4,8,Petrol,10.9,2,0,1.2,20,2.46
India,Omnivore,204,Natural Gas,2,60,EV,11.2,3,0,9.4,65,4.37
China,Vegetarian,244,Wood,3,11,Hybrid,23.3,3,0,21.5,52,3.748
South Africa,Omnivore,348,Wood,3,39,None,26.3,1,1,5.5,5,5.473
Germany,Omnivore,295,Oil,4,78,None,8.7,1,3,21.9,21,6.064
France,Heavy Meat,879,Electric,3,36,Diesel,15.5,5,1,1.8,50,4.772
Russia,Pescatarian,65,Heat Pump,3,2,None,21.8,0,2,0.4,40,3.438
USA,Heavy Meat,281,Electric,2,40,Petrol,4.4,1,1,6.0,29,5.567
Nigeria,Pescatarian,263,Oil,6,23,Hybrid,10.6,1,1,0.8,2,2.926
China,Omnivore,422,Natural Gas,5,56,Petrol,7.9,0,3,9.2,6,6.635
China,Omnivore,363,Electric,4,49,EV,3.7,2,0,4.4,40,3.112
South Korea,Omnivore,333,Natural Gas,6,20,EV,13.3,0,0,1.8,8,1.722
India,Heavy Meat,238,Natural Gas,4,40,EV,83.9,1,0,0.4,37,3.955
Italy,Omnivore,201,Oil,5,65,EV,7.5,1,1,11.7,55,4.161
Poland,Omnivore,162,Electric,1,6,Hybrid,3.7,3,2,34.9,5,9.238
USA,Vegan,245,Electric,4,53,Petrol,25.3,0,2,0.6,13,4.059
China,Pescatarian,106,Electric,4,36,None,14.0,1,3,11.2,12,4.653
Canada,Omnivore,87,Oil,4,37,Petrol,5.5,2,2,0.3,14,5.92
China,Heavy Meat,279,Wood,2,35,EV,17.5,2,1,10.8,17,5.517
India,Heavy Meat,285,Natural Gas,3,68,None,36.5,4,1,5.4,33,5.91
South Korea,Vegetarian,187,Heat Pump,1,11,Petrol,4.5,1,2,7.4,38,7.108
Mexico,Vegetarian,301,Electric,2,63,Diesel,33.9,0,0,15.7,0,4.229
Russia,Heavy Meat,274,Natural Gas,3,29,Petrol,26.7,1,0,1.5,16,5.787
Indonesia,Heavy Meat,380,Natural Gas,2,76,EV,5.8,5,2,1.7,29,8.277
China,Heavy Meat,108,Wood,3,38,EV,4.0,1,0,1.7,19,2.56
UK,Omnivore,380,Electric,2,52,None,62.8,2,0,4.6,54,3.44
South Africa,Heavy Meat,189,Natural Gas,3,0,None,3.4,5,2,0.1,16,6.881
Russia,Vegan,358,Natural Gas,4,48,None,2.6,0,2,16.7,14,5.26
USA,Vegetarian,222,Heat Pump,1,0,Hybrid,29.5,4,2,14.7,36,9.205
USA,Heavy Meat,280,Wood,2,25,Petrol,32.5,1,0,5.1,46,5.555
India,Heavy Meat,272,Heat Pump,1,64,Hybrid,13.6,5,1,8.9,40,9.476
India,Omnivore,235,Electric,4,50,EV,7.6,2,1,4.1,42,4.055
Indonesia,Vegetarian,124,Electric,3,91,EV,2.0,1,2,4.8,25,3.594
Germany,Vegan,197,Electric,6,62,Petrol,1.2,3,1,6.1,69,1.364
USA,Heavy Meat,208,Electric,5,64,Petrol,8.8,2,0,6.4,35,2.811
Canada,Omnivore,251,Oil,3,16,None,3.0,3,1,1.3,20,6.344
Italy,Omnivore,315,Natural Gas,2,0,Petrol,6.9,0,3,7.7,60,8.372
Germany,Omnivore,252,Electric,4,26,Petrol,21.0,0,0,5.9,41,3.48
China,Heavy Meat,300,Natural Gas,3,66,None,12.4,1,0,0.9,0,5.519
India,Omnivore,517,Electric,2,61,Hybrid,0.3,2,0,0.7,0,6.632
South Korea,Heavy Meat,421,Natural Gas,3,46,Petrol,23.2,0,2,10.3,39,7.541
USA,Vegetarian,170,Electric,2,7,Petrol,25.2,0,0,2.9,10,4.214
India,Omnivore,330,Oil,2,41,Hybrid,5.5,1,0,6.4,21,5.66
China,Pescatarian,501,Electric,4,0,Petrol,23.9,1,1,6.2,48,5.161
Germany,Omnivore,351,Heat Pump,2,44,Petrol,15.3,0,1,3.0,20,5.847
China,Heavy Meat,383,Electric,2,75,Petrol,32.6,2,1,4.9,36,8.2
Australia,Omnivore,196,Oil,5,42,Diesel,25.9,4,0,1.4,21,4.012
Germany,Heavy Meat,367,Natural Gas,1,53,EV,10.6,0,1,4.4,38,9.109
Italy,Omnivore,165,Wood,5,24,None,15.2,3,0,2.9,26,2.02
Nigeria,Omnivore,314,Electric,4,27,None,28.4,1,2,0.1,13,4.458
France,Heavy Meat,78,Natural Gas,4,72,None,34.7,2,0,3.6,6,2.859
India,Omnivore,96,Heat Pump,2,24,None,1.8,0,2,1.7,39,5.356
Sweden,Heavy Meat,386,Electric,5,66,Petrol,0.6,3,0,5.5,9,2.324
South Korea,Omnivore,462,Electric,3,50,None,2.8,4,0,1.0,43,4.016
India,Omnivore,477,Natural Gas,1,52,Diesel,12.2,1,0,1.1,21,10.093
Germany,Omnivore,238,Heat Pump,4,33,None,56.7,1,0,0.3,11,2.38
India,Omnivore,373,Heat Pump,2,49,None,14.9,1,0,0.2,22,5.247
Norway,Omnivore,168,Heat Pump,2,33,None,27.9,0,1,3.8,0,4.043
USA,Vegan,547,Electric,2,55,Petrol,45.2,2,0,0.5,36,6.266
Brazil,Heavy Meat,247,Electric,5,31,None,17.9,3,2,1.6,10,2.725
India,Omnivore,293,Heat Pump,2,8,Diesel,0.7,1,0,4.9,24,4.902
Canada,Heavy Meat,526,Natural Gas,5,39,Hybrid,2.2,2,1,5.5,11,4.071
India,Vegetarian,384,Natural Gas,3,57,Petrol,30.1,0,1,21.2,24,6.083
South Africa,Omnivore,161,Oil,4,23,Hybrid,11.6,1,2,2.0,17,6.243
France,Omnivore,197,Natural Gas,2,25,Petrol,6.0,0,0,3.7,21,4.039
India,Omnivore,219,Heat Pump,2,66,None,35.8,2,1,3.3,18,5.2
Germany,Omnivore,239,Electric,3,0,EV,36.9,3,1,11.5,55,3.93
France,Vegetarian,462,Electric,3,56,None,6.3,1,1,7.1,0,2.562
Russia,Omnivore,121,Oil,2,48,Diesel,2.4,3,1,1.9,38,7.574
Italy,Omnivore,40,Wood,4,59,Hybrid,33.1,4,1,1.9,0,3.294
Mexico,Omnivore,275,Natural Gas,2,47,Hybrid,4.0,2,0,3.9,35,4.138
Japan,Heavy Meat,192,Wood,4,9,Diesel,0.4,1,0,7.5,18,2.385
Italy,Omnivore,363,Natural Gas,4,19,Petrol,23.6,0,0,3.7,42,4.311
Indonesia,Pescatarian,182,Electric,1,49,Petrol,36.6,1,1,1.1,11,8.677
Russia,Heavy Meat,124,Natural Gas,2,33,Petrol,24.5,2,1,13.0,6,7.995
USA,Vegan,160,Natural Gas,4,42,Diesel,37.7,4,0,10.1,23,3.436
Brazil,Vegetarian,235,Heat Pump,4,59,None,1.4,3,1,0.4,72,2.051
South Korea,Omnivore,130,Electric,2,50,EV,2.4,3,0,15.9,39,3.665
China,Omnivore,197,Electric,4,14,None,5.6,1,2,8.6,9,4.135
France,Omnivore,184,Natural Gas,4,23,Hybrid,14.4,2,0,1.9,37,3.34
UK,Heavy Meat,540,Natural Gas,4,30,Petrol,23.0,5,1,12.2,41,5.446
China,Vegetarian,196,Oil,1,84,Diesel,0.6,2,1,0.2,5,10.131
Italy,Heavy Meat,430,Natural Gas,4,30,Diesel,25.2,1,2,5.4,0,5.861
China,Omnivore,664,Wood,3,48,Hybrid,10.4,0,1,4.7,19,6.379
Germany,Omnivore,397,Oil,2,47,Hybrid,27.1,1,0,1.6,0,6.718
China,Omnivore,149,Oil,4,32,EV,1.2,0,0,1.1,46,4.089
Italy,Heavy Meat,305,Wood,6,39,Petrol,20.2,2,1,6.4,0,3.634
Russia,Vegetarian,276,Heat Pump,3,38,None,9.7,2,3,12.5,34,4.976
Nigeria,Vegan,314,Natural Gas,3,58,Hybrid,44.6,2,1,5.0,51,4.651
USA,Omnivore,234,Natural Gas,2,39,Petrol,0.6,2,0,2.5,55,4.693
China,Omnivore,381,Natural Gas,3,28,None,17.2,2,2,0.0,35,7.077
France,Omnivore,306,Electric,1,39,None,12.3,2,1,16.2,24,5.498
USA,Pescatarian,318,Electric,2,1,Petrol,33.3,5,2,1.7,35,7.628
India,Heavy Meat,372,Electric,1,82,Petrol,9.2,1,1,0.1,25,10.988
China,Omnivore,495,Natural Gas,1,25,Diesel,2.0,0,1,1.0,0,12.005
India,Omnivore,171,Wood,4,16,Hybrid,20.4,3,1,3.1,55,3.685
Russia,Omnivore,183,Oil,4,20,None,33.4,1,1,4.4,13,5.085
India,Vegetarian,362,Natural Gas,5,37,None,14.0,0,0,4.9,8,3.485
UK,Heavy Meat,390,Oil,5,15,Petrol,41.9,1,0,22.9,8,4.863
Nigeria,Omnivore,527,Natural Gas,4,81,Diesel,62.6,3,0,3.5,35,5.155
Australia,Heavy Meat,363,Electric,2,45,Diesel,21.5,1,0,0.4,31,6.792
USA,Omnivore,318,Oil,1,15,Petrol,14.8,2,0,4.5,64,9.06
India,Omnivore,529,Wood,5,63,Petrol,5.2,2,0,0.9,29,4.201
India,Pescatarian,192,Electric,3,53,Petrol,1.7,2,1,6.9,31,3.687
Sweden,Omnivore,103,Natural Gas,3,66,Diesel,7.5,1,0,10.8,32,4.375
USA,Heavy Meat,215,Electric,3,58,EV,48.8,3,2,12.0,34,5.312
India,Omnivore,265,Electric,4,59,Petrol,10.8,3,0,15.6,43,3.759
Germany,Omnivore,337,Electric,3,49,Petrol,11.6,4,0,4.3,38,4.022
USA,Heavy Meat,257,Natural Gas,3,31,None,11.1,2,0,1.2,42,3.655
Nigeria,Omnivore,179,Heat Pump,6,44,Diesel,7.5,0,1,5.0,40,2.224
Australia,Omnivore,329,Natural Gas,1,64,Petrol,10.6,1,0,3.3,29,7.568
India,Heavy Meat,227,Natural Gas,4,8,Petrol,18.2,0,0,4.9,12,3.895
USA,Heavy Meat,355,Natural Gas,5,28,Hybrid,34.3,1,0,5.0,28,3.831
Australia,Omnivore,325,Electric,3,62,Petrol,1.4,3,0,3.1,21,3.946
Nigeria,Pescatarian,487,Natural Gas,5,32,Petrol,50.9,2,0,2.4,0,4.053
Canada,Pescatarian,492,Natural Gas,3,23,None,30.8,2,1,2.3,27,4.982
India,Omnivore,370,Natural Gas,3,65,Diesel,35.9,5,0,7.2,8,6.12
Indonesia,Omnivore,257,Electric,5,44,Petrol,23.9,1,1,2.3,47,4.067
Indonesia,Omnivore,224,Natural Gas,3,81,Petrol,24.2,6,2,13.8,14,6.239
USA,Omnivore,156,Electric,3,78,Petrol,58.7,4,0,8.1,13,4.987
Brazil,Omnivore,459,Electric,6,0,Hybrid,19.5,2,1,6.0,35,2.35
China,Vegetarian,272,Natural Gas,5,38,Petrol,18.1,1,1,6.6,43,5.054
India,Pescatarian,346,Wood,4,58,Hybrid,4.8,2,2,21.2,60,5.03
South Korea,Omnivore,201,Natural Gas,5,41,EV,66.5,3,1,2.6,50,3.777
China,Omnivore,637,Electric,2,65,Hybrid,9.9,0,1,2.8,56,6.972
Nigeria,Omnivore,185,Natural Gas,2,99,Petrol,11.4,0,0,10.0,19,3.935
China,Omnivore,404,Oil,3,10,Diesel,34.7,1,0,7.0,28,7.769
South Korea,Omnivore,159,Electric,1,46,EV,8.4,3,1,1.8,20,6.487
Germany,Vegan,365,Natural Gas,3,34,Petrol,20.8,0,1,14.4,16,4.408
India,Omnivore,260,Natural Gas,4,72,None,122.5,0,1,1.9,17,3.666
France,Heavy Meat,728,Natural Gas,3,38,Hybrid,25.1,4,0,3.2,12,4.333
France,Vegetarian,247,Wood,3,42,Hybrid,43.9,0,1,1.0,10,3.422
USA,Heavy Meat,196,Electric,3,75,None,0.1,2,0,3.8,0,2.501
Mexico,Omnivore,386,Natural Gas,1,63,EV,11.9,2,0,12.1,0,6.001
Australia,Heavy Meat,320,Electric,3,58,Hybrid,21.4,1,3,0.8,44,7.518
USA,Omnivore,182,Electric,5,47,Petrol,55.9,1,1,5.1,36,5.137
South Korea,Heavy Meat,193,Natural Gas,6,9,Hybrid,0.9,1,0,2.0,31,3.072
Australia,Omnivore,354,Oil,4,22,Hybrid,2.6,1,0,3.2,18,3.885
India,Heavy Meat,409,Natural Gas,3,27,None,21.5,1,0,19.1,1,5.537
UK,Vegan,113,Natural Gas,4,54,None,26.9,4,1,0.6,39,3.351
Germany,Heavy Meat,225,Natural Gas,2,57,None,28.9,2,0,4.3,27,5.17
USA,Vegetarian,200,Oil,2,38,Hybrid,48.3,2,0,5.5,30,5.853
Nigeria,Pescatarian,345,Electric,3,38,Petrol,4.2,0,0,4.3,38,3.104
Brazil,Heavy Meat,251,Electric,3,81,Petrol,26.5,1,1,9.5,54,3.99
Brazil,Heavy Meat,364,Natural Gas,6,18,Petrol,84.0,2,0,10.6,33,4.982
India,Omnivore,258,Natural Gas,2,36,Hybrid,7.1,0,0,3.2,30,4.937
South Korea,Vegetarian,120,Natural Gas,1,38,Petrol,25.6,0,1,1.4,2,7.466
China,Heavy Meat,381,Wood,2,20,Diesel,9.6,0,1,9.1,19,6.907
Norway,Vegetarian,283,Natural Gas,1,39,Diesel,1.3,1,0,5.1,13,5.543
Nigeria,Omnivore,534,Natural Gas,2,33,Petrol,11.8,1,1,7.4,27,7.376
China,Omnivore,513,Wood,1,9,None,6.1,0,0,0.5,31,7.204
Brazil,Heavy Meat,164,Wood,3,61,Hybrid,16.8,1,0,0.1,0,2.623
South Africa,Pescatarian,484,Heat Pump,2,11,Diesel,18.4,2,0,14.8,0,7.511
India,Heavy Meat,115,Natural Gas,1,21,EV,49.3,2,1,1.3,42,7.568
Sweden,Heavy Meat,478,Natural Gas,4,58,EV,8.1,3,0,2.6,30,3.877
South Africa,Omnivore,202,Electric,1,59,Petrol,5.0,3,1,0.4,23,8.035
Norway,Omnivore,157,Natural Gas,4,63,Diesel,10.5,5,0,0.2,10,4.174
USA,Heavy Meat,244,Natural Gas,5,41,Petrol,41.3,1,1,15.4,37,5.37
Russia,Pescatarian,486,Heat Pump,4,30,Diesel,8.3,1,0,9.3,0,3.341
China,Pescatarian,488,Natural Gas,6,21,Hybrid,7.0,1,1,20.6,5,4.677
France,Heavy Meat,478,Electric,5,81,Diesel,5.5,2,0,2.0,17,2.596
South Korea,Omnivore,132,Natural Gas,5,22,Petrol,0.6,1,1,4.4,28,3.054
India,Omnivore,211,Electric,3,40,Diesel,25.6,6,1,0.1,33,5.902
India,Omnivore,561,Wood,2,54,Diesel,25.1,2,0,11.1,5,7.877
Italy,Heavy Meat,228,Electric,6,43,Petrol,31.3,1,2,8.4,5,3.749
Norway,Vegan,439,Wood,1,40,None,48.5,2,2,2.0,42,6.01
Germany,Omnivore,260,Electric,2,41,EV,29.6,2,0,1.5,27,4.218
China,Vegetarian,345,Heat Pump,4,56,Petrol,14.2,2,1,14.5,26,4.164
Brazil,Heavy Meat,383,Wood,1,48,Petrol,10.3,2,0,15.5,2,5.099
India,Pescatarian,763,Natural Gas,2,50,Hybrid,45.7,4,0,0.0,26,10.278
USA,Omnivore,201,Natural Gas,1,36,Petrol,23.9,0,0,5.3,35,7.62
China,Vegan,100,Electric,3,62,None,4.3,3,1,18.2,12,3.224
Germany,Omnivore,69,Natural Gas,1,49,EV,18.9,2,0,6.8,34,6.183
Nigeria,Omnivore,319,Oil,2,22,Hybrid,16.1,2,0,10.2,32,3.943
China,Omnivore,423,Natural Gas,1,26,Hybrid,56.9,1,0,6.9,13,12.432
India,Pescatarian,356,Natural Gas,4,35,None,12.5,2,0,0.5,32,4.202
India,Omnivore,696,Natural Gas,3,43,Petrol,28.0,2,1,6.2,18,9.159
China,Omnivore,105,Oil,3,43,Petrol,85.0,3,1,2.5,34,9.752
China,Pescatarian,157,Natural Gas,5,0,Hybrid,6.2,4,1,1.2,18,4.457
UK,Omnivore,216,Heat Pump,1,87,Hybrid,34.0,1,0,1.6,15,4.949
China,Omnivore,490,Wood,1,19,Hybrid,39.8,0,1,2.0,30,9.999
China,Omnivore,319,Oil,6,42,Petrol,15.1,0,1,2.0,45,5.402
USA,Omnivore,341,Oil,5,43,None,14.0,1,0,6.9,56,3.555
South Korea,Omnivore,329,Electric,3,21,EV,8.6,1,1,3.9,43,4.04
Italy,Omnivore,186,Electric,3,53,Petrol,38.2,2,0,4.1,29,4.445
China,Heavy Meat,125,Oil,4,52,EV,45.2,2,2,4.7,38,6.946
Russia,Omnivore,216,Natural Gas,6,40,Petrol,5.8,3,3,5.7,42,5.8
India,Omnivore,196,Natural Gas,5,55,None,3.7,3,1,5.1,16,3.403
Russia,Pescatarian,288,Oil,5,83,Petrol,1.4,3,0,1.8,1,4.212
Canada,Omnivore,327,Natural Gas,4,61,EV,3.5,1,1,4.5,11,4.378
Italy,Heavy Meat,121,Natural Gas,3,43,Diesel,10.8,2,1,17.6,31,5.428
Nigeria,Heavy Meat,564,Electric,2,49,Hybrid,10.6,2,2,3.4,25,8.049
Italy,Heavy Meat,222,Oil,2,95,None,8.7,1,1,1.8,42,6.455
USA,Omnivore,207,Electric,1,81,None,1.8,1,1,4.2,0,6.288
Australia,Omnivore,128,Natural Gas,4,49,None,1.8,0,0,7.8,41,2.544
USA,Heavy Meat,510,Natural Gas,2,27,Petrol,2.8,1,1,2.8,22,7.301
India,Omnivore,204,Oil,2,65,Diesel,1.3,1,1,2.2,0,5.046
China,Omnivore,446,Oil,3,46,Petrol,3.0,1,1,7.7,43,7.346
China,Vegetarian,408,Electric,3,41,Diesel,4.8,3,1,2.4,60,4.941
UK,Omnivore,343,Electric,5,34,None,6.4,3,1,4.7,0,2.397
India,Omnivore,379,Oil,4,22,Petrol,76.9,1,1,0.9,17,7.791
Japan,Heavy Meat,351,Electric,3,25,Hybrid,21.0,2,0,1.9,26,4.262
Italy,Omnivore,435,Oil,5,15,Petrol,0.0,1,1,0.2,46,4.089
UK,Omnivore,234,Heat Pump,1,10,Petrol,1.4,5,0,6.1,58,5.5
France,Omnivore,279,Natural Gas,1,27,Diesel,74.3,0,1,4.3,0,10.956
Indonesia,Heavy Meat,605,Natural Gas,1,8,EV,10.0,2,0,9.7,58,10.267
India,Heavy Meat,243,Electric,4,29,Petrol,3.1,2,1,8.2,20,4.439
UK,Vegetarian,199,Natural Gas,5,44,EV,0.1,1,0,5.8,39,2.325
Mexico,Omnivore,362,Heat Pump,5,56,None,4.5,2,2,0.1,47,4.006
UK,Omnivore,223,Oil,1,48,Petrol,50.0,3,0,0.6,33,10.392
Sweden,Heavy Meat,770,Natural Gas,4,9,Hybrid,1.9,4,0,1.6,14,4.3
Brazil,Omnivore,90,Natural Gas,6,14,Petrol,5.6,1,1,20.5,32,1.503
UK,Heavy Meat,278,Natural Gas,2,30,Hybrid,47.6,2,1,0.4,20,7.641
USA,Omnivore,122,Electric,1,57,Hybrid,34.6,3,2,1.7,43,9.764
China,Omnivore,146,Natural Gas,1,65,Diesel,26.3,2,2,4.1,0,12.72
Russia,Heavy Meat,213,Natural Gas,2,49,EV,64.2,0,0,1.2,26,6.485
Germany,Omnivore,364,Natural Gas,3,26,Petrol,13.4,2,0,7.0,3,5.153
India,Heavy Meat,272,Natural Gas,2,47,Diesel,14.9,4,0,0.6,36,6.324
Mexico,Omnivore,189,Natural Gas,1,17,Petrol,0.2,0,1,14.5,0,5.536
India,Pescatarian,159,Oil,4,59,Hybrid,24.6,3,0,2.6,50,3.07
USA,Omnivore,795,Oil,4,74,Petrol,0.0,2,1,3.1,11,5.981
USA,Omnivore,241,Oil,5,63,Petrol,0.8,3,0,0.2,37,3.822
USA,Heavy Meat,219,Natural Gas,3,64,Petrol,6.1,2,1,0.9,23,5.066
India,Heavy Meat,138,Oil,3,30,Petrol,12.6,0,0,2.3,36,3.867
Mexico,Vegetarian,237,Natural Gas,1,40,Petrol,6.8,1,1,6.7,0,5.714
India,Heavy Meat,339,Wood,2,88,Petrol,61.0,0,3,17.6,24,11.384
India,Vegetarian,166,Natural Gas,2,40,Hybrid,31.3,3,2,1.0,5,6.576
Nigeria,Omnivore,348,Oil,3,36,Petrol,2.6,2,0,7.3,36,3.738
China,Vegan,183,Natural Gas,5,40,Petrol,26.5,1,1,2.1,51,4.813
India,Omnivore,233,Wood,4,45,Petrol,23.9,3,0,3.5,17,3.791
China,Pescatarian,528,Oil,2,38,Petrol,57.4,1,1,10.9,39,11.796
China,Omnivore,255,Electric,2,52,EV,17.9,2,1,7.2,42,5.211
India,Omnivore,277,Natural Gas,6,17,Petrol,31.3,2,1,8.4,17,4.212
UK,Omnivore,278,Electric,3,48,EV,42.6,1,0,6.0,13,3.621
China,Heavy Meat,226,Electric,3,49,Diesel,25.4,0,1,0.4,0,5.156
China,Omnivore,188,Natural Gas,2,3,Petrol,14.7,3,2,14.3,0,9.03
China,Omnivore,203,Natural Gas,4,26,Petrol,36.1,4,0,2.9,11,6.016
USA,Pescatarian,189,Natural Gas,2,35,Petrol,14.7,2,0,9.9,3,4.935
Canada,Pescatarian,352,Oil,3,11,Diesel,14.9,1,2,2.8,24,7.042
Germany,Heavy Meat,427,Electric,4,56,Petrol,11.8,0,2,3.8,1,4.492
UK,Vegetarian,342,Electric,2,8,None,18.3,1,0,28.5,0,2.467
Indonesia,Vegan,121,Natural Gas,1,44,Diesel,31.1,4,0,1.0,25,6.252
South Korea,Heavy Meat,603,Natural Gas,3,27,None,38.7,2,0,22.9,43,5.73
Nigeria,Omnivore,143,Wood,2,96,None,36.4,1,0,1.9,23,2.821
Indonesia,Pescatarian,291,Electric,2,51,Diesel,43.1,2,1,2.8,29,6.922
USA,Vegetarian,240,Electric,3,65,Petrol,33.8,2,2,1.1,22,5.015
UK,Vegetarian,722,Electric,4,49,EV,4.3,1,0,6.2,72,2.697
South Africa,Omnivore,621,Wood,2,2,Hybrid,108.4,1,0,0.3,9,11.449
India,Omnivore,444,Natural Gas,3,0,Petrol,40.9,0,0,2.6,35,6.5
USA,Omnivore,143,Electric,5,24,Diesel,7.7,1,0,3.0,2,2.309
USA,Omnivore,940,Natural Gas,1,49,Petrol,39.1,6,2,1.2,13,17.292
India,Omnivore,244,Wood,5,71,Hybrid,24.0,1,1,3.1,31,4.112
Japan,Omnivore,103,Electric,2,21,Petrol,13.7,3,1,8.8,10,4.972
India,Omnivore,357,Wood,2,0,Petrol,37.7,2,1,0.9,46,8.69
USA,Pescatarian,517,Natural Gas,1,46,Petrol,0.1,3,0,6.7,46,7.937
UK,Pescatarian,164,Oil,4,49,Hybrid,2.1,2,2,1.1,13,4.235
Australia,Heavy Meat,377,Oil,2,36,Diesel,41.0,1,1,1.3,29,8.887
USA,Heavy Meat,193,Oil,4,20,Petrol,6.8,3,1,0.7,0,5.792
USA,Omnivore,335,Electric,2,41,Diesel,0.7,1,1,8.0,0,4.23
India,Omnivore,390,Oil,1,23,Hybrid,23.5,0,0,0.5,4,9.204
China,Vegetarian,220,Natural Gas,1,39,Hybrid,49.8,1,0,3.7,25,9.132
USA,Omnivore,262,Electric,3,49,Hybrid,60.5,3,1,4.4,68,5.484
China,Omnivore,151,Oil,5,51,Petrol,0.2,2,1,2.7,36,4.998
USA,Heavy Meat,247,Electric,4,14,None,14.2,2,1,8.3,29,3.817
South Africa,Omnivore,370,Wood,3,39,Hybrid,21.7,2,0,2.8,17,4.896
Indonesia,Heavy Meat,154,Electric,2,46,Petrol,5.1,1,0,10.3,32,3.442
India,Omnivore,123,Natural Gas,5,0,EV,54.9,2,2,2.9,31,3.842
Brazil,Heavy Meat,268,Natural Gas,2,31,Diesel,30.7,2,0,3.4,37,4.908
France,Vegan,529,Natural Gas,2,0,None,14.2,2,0,1.8,3,2.426
USA,Omnivore,123,Oil,4,77,None,16.2,2,1,5.0,27,4.487
UK,Heavy Meat,329,Electric,2,56,Petrol,6.4,2,1,1.0,17,4.573
USA,Omnivore,173,Natural Gas,6,26,None,23.9,4,0,1.1,15,2.65
Germany,Omnivore,179,Oil,3,56,Hybrid,9.6,3,1,0.7,23,5.752
India,Omnivore,601,Natural Gas,3,30,Diesel,15.8,0,3,0.8,23,9.386
USA,Heavy Meat,278,Natural Gas,2,5,None,7.0,1,1,1.3,23,6.373
Nigeria,Heavy Meat,352,Electric,4,32,Petrol,6.1,0,1,19.5,31,3.772
Japan,Heavy Meat,148,Heat Pump,1,9,Hybrid,5.6,4,2,3.0,15,8.952
Sweden,Omnivore,173,Heat Pump,4,51,Diesel,12.2,3,2,6.1,59,3.546
India,Omnivore,432,Natural Gas,2,7,Hybrid,12.1,2,0,1.7,42,6.963
China,Omnivore,378,Natural Gas,5,26,Diesel,20.6,3,1,10.8,36,6.251
China,Vegetarian,576,Electric,6,32,None,10.2,1,1,2.0,40,3.973
South Korea,Omnivore,240,Heat Pump,3,62,EV,63.7,3,2,0.1,48,4.83
USA,Omnivore,304,Electric,3,55,None,25.3,3,0,3.1,8,3.777
China,Pescatarian,46,Wood,6,0,Diesel,7.0,2,0,1.6,8,1.721
India,Omnivore,665,Heat Pump,4,51,None,7.8,2,0,29.5,16,5.982
Mexico,Omnivore,283,Natural Gas,2,6,Petrol,10.6,1,0,2.5,21,4.691
USA,Vegetarian,402,Natural Gas,3,43,Petrol,60.0,1,0,2.3,51,5.687
USA,Omnivore,493,Natural Gas,2,22,Petrol,47.9,1,1,7.2,14,9.635
USA,Heavy Meat,63,Natural Gas,3,28,Petrol,1.3,2,0,0.8,15,3.092
China,Omnivore,253,Electric,2,34,None,5.3,1,1,13.9,0,5.387
Poland,Omnivore,436,Natural Gas,5,73,Hybrid,1.6,0,2,1.6,32,5.432
China,Omnivore,124,Natural Gas,3,61,Hybrid,30.5,1,4,12.4,0,8.393
India,Omnivore,645,Electric,2,43,None,17.1,2,0,1.7,40,7.899
Brazil,Vegetarian,485,Natural Gas,2,0,Diesel,47.0,4,0,0.0,0,4.961
India,Omnivore,222,Electric,2,44,None,0.2,1,0,0.7,5,4.709
Italy,Omnivore,272,Natural Gas,4,45,Petrol,58.6,0,1,3.7,28,5.952
South Korea,Omnivore,390,Electric,4,60,Diesel,24.5,2,2,1.9,30,5.553
China,Heavy Meat,170,Heat Pump,4,27,None,7.1,0,1,6.4,0,3.588
India,Omnivore,265,Oil,5,35,None,3.4,2,1,4.6,31,4.101
Poland,Pescatarian,391,Electric,4,27,Hybrid,22.2,2,3,4.3,0,5.849
USA,Omnivore,310,Electric,1,83,None,40.9,2,0,2.5,15,5.311
China,Pescatarian,500,Oil,2,75,Diesel,2.7,3,0,6.1,0,8.736
China,Omnivore,220,Oil,1,0,None,40.4,4,0,0.4,57,11.385
Russia,Heavy Meat,382,Electric,3,1,None,45.3,0,0,7.0,45,3.963
Italy,Omnivore,360,Electric,2,40,Petrol,9.5,3,0,0.8,31,4.433
India,Omnivore,355,Electric,1,62,Diesel,46.3,0,1,23.2,28,11.475
China,Heavy Meat,265,Oil,2,14,Petrol,25.9,3,1,1.6,0,10.023
Russia,Heavy Meat,157,Electric,3,58,Diesel,15.4,3,2,0.6,5,6.063
China,Pescatarian,89,Heat Pump,4,62,EV,2.7,1,2,3.2,30,2.876
India,Vegetarian,146,Electric,2,14,Hybrid,1.5,1,0,1.7,37,2.93
China,Omnivore,239,Natural Gas,5,11,Petrol,24.8,1,2,0.4,2,5.87
Russia,Omnivore,278,Natural Gas,4,47,Petrol,23.8,2,1,3.8,0,5.501
UK,Heavy Meat,391,Electric,2,3,Hybrid,3.8,1,0,8.1,22,3.44
Germany,Omnivore,321,Natural Gas,3,45,Petrol,5.6,1,0,0.3,10,3.993
China,Omnivore,109,Natural Gas,3,0,Petrol,2.6,2,2,0.9,0,6.277
Norway,Heavy Meat,386,Electric,2,23,Petrol,15.7,5,0,4.8,31,4.699
USA,Vegetarian,356,Natural Gas,3,16,Petrol,3.1,1,1,3.0,12,4.377
Poland,Omnivore,155,Electric,4,19,Petrol,8.1,2,0,10.2,10,3.284
USA,Heavy Meat,663,Wood,3,45,Petrol,9.6,0,2,3.0,14,6.335
USA,Vegetarian,275,Electric,3,0,Petrol,6.7,2,0,8.4,32,2.65
Sweden,Vegan,338,Natural Gas,2,61,None,48.5,2,2,8.5,12,5.891
Sweden,Omnivore,738,Natural Gas,3,79,Petrol,14.0,2,0,20.0,36,4.387
India,Heavy Meat,372,Oil,4,39,EV,2.1,1,0,5.6,0,4.305
China,Vegetarian,807,Heat Pump,2,15,EV,25.7,0,2,2.7,24,8.55
Sweden,Vegan,242,Wood,3,34,Diesel,9.1,0,1,13.4,0,2.02
Italy,Vegetarian,281,Electric,2,0,None,24.3,1,1,4.1,18,3.611
USA,Omnivore,411,Wood,5,22,Petrol,13.5,1,1,2.5,12,3.381
China,Pescatarian,393,Natural Gas,2,33,None,28.9,2,2,3.0,20,8.591
UK,Omnivore,195,Oil,3,10,None,73.7,2,0,4.3,29,4.13
USA,Pescatarian,348,Natural Gas,5,36,None,88.8,7,3,4.3,0,5.728
Brazil,Heavy Meat,77,Natural Gas,5,59,Hybrid,23.5,1,4,0.3,47,4.9
India,Heavy Meat,240,Natural Gas,5,29,None,3.3,2,1,5.1,27,3.77
USA,Heavy Meat,394,Electric,2,41,Petrol,5.4,1,1,1.1,0,5.56
Italy,Heavy Meat,543,Natural Gas,5,40,Hybrid,7.5,0,1,5.2,12,4.262
India,Omnivore,733,Wood,2,27,EV,25.5,2,1,8.6,0,10.01
USA,Vegetarian,376,Natural Gas,3,61,Diesel,20.6,3,0,0.9,26,4.23
Nigeria,Omnivore,515,Wood,4,100,None,21.0,2,0,0.7,33,3.378
Japan,Heavy Meat,237,Natural Gas,1,0,Diesel,16.4,0,0,4.1,7,8.629
China,Pescatarian,190,Natural Gas,2,35,EV,6.8,0,1,2.5,9,6.32
India,Omnivore,88,Oil,2,13,EV,24.6,2,1,0.3,7,4.677
France,Vegan,201,Electric,2,81,Hybrid,3.3,3,1,7.4,46,2.748
China,Heavy Meat,626,Natural Gas,2,19,EV,19.3,4,1,7.4,17,10.136
China,Heavy Meat,571,Natural Gas,5,100,EV,3.2,2,1,9.5,15,6.06
Norway,Omnivore,358,Natural Gas,4,40,Petrol,0.9,5,0,12.2,28,3.692
China,Pescatarian,315,Natural Gas,5,26,Diesel,1.1,3,0,3.2,12,4.158
Sweden,Vegan,176,Wood,3,12,None,7.0,5,0,4.7,10,2.229
China,Heavy Meat,181,Electric,3,24,Diesel,7.1,2,1,4.6,0,4.825
UK,Heavy Meat,452,Natural Gas,2,42,Petrol,35.0,2,0,4.3,19,6.787
India,Pescatarian,355,Oil,4,41,Hybrid,10.5,2,1,11.6,23,5.032
India,Heavy Meat,525,Oil,5,46,Hybrid,21.5,3,1,1.0,21,5.787
Russia,Omnivore,91,Electric,1,36,Petrol,17.0,2,1,6.4,7,7.747
Mexico,Omnivore,114,Wood,2,17,Petrol,20.5,2,0,1.8,48,4.207
France,Omnivore,352,Wood,2,59,None,17.5,1,0,15.0,0,2.809
UK,Omnivore,405,Electric,4,36,Petrol,6.0,4,2,0.8,18,4.33
Russia,Omnivore,294,Oil,5,17,None,30.1,0,1,2.7,39,5.08
Russia,Omnivore,325,Natural Gas,2,53,Diesel,29.7,0,0,1.4,4,6.199
USA,Omnivore,799,Electric,2,95,Petrol,4.6,1,0,1.6,46,5.804
China,Omnivore,244,Heat Pump,3,76,Petrol,69.3,1,0,7.8,38,5.735
India,Omnivore,170,Heat Pump,1,73,None,42.0,2,0,3.9,45,5.858
India,Vegan,192,Wood,4,82,Petrol,15.9,3,1,3.9,28,4.087
China,Heavy Meat,347,Natural Gas,4,46,Diesel,17.9,1,1,1.9,37,6.02
China,Heavy Meat,142,Oil,2,54,Diesel,6.6,0,1,0.3,53,8.153
Italy,Vegetarian,100,Electric,4,64,Diesel,11.4,4,1,7.0,36,2.585
France,Omnivore,345,Wood,1,38,EV,2.0,1,1,12.8,23,5.395
Nigeria,Vegetarian,497,Natural Gas,3,43,Hybrid,22.8,3,0,13.3,46,4.001
Italy,Heavy Meat,442,Wood,4,56,None,22.5,1,1,0.4,2,3.968
Germany,Heavy Meat,347,Natural Gas,5,51,Petrol,131.1,2,0,3.4,12,7.441
South Korea,Heavy Meat,233,Natural Gas,1,90,None,18.3,3,0,5.7,23,6.772
India,Omnivore,539,Electric,2,69,Hybrid,17.8,3,2,6.5,0,10.269
USA,Omnivore,277,Wood,4,45,Petrol,4.0,5,0,9.0,16,3.114
USA,Heavy Meat,190,Electric,4,41,Diesel,18.0,0,0,1.0,19,2.906
USA,Omnivore,453,Natural Gas,1,75,None,1.0,1,0,0.1,9,7.477
USA,Omnivore,378,Natural Gas,1,30,EV,5.1,0,3,4.0,34,12.141
South Africa,Heavy Meat,220,Wood,2,41,Petrol,16.0,2,1,11.8,20,7.679
Brazil,Heavy Meat,380,Oil,4,57,Petrol,4.3,5,0,7.9,28,2.638
Poland,Omnivore,413,Heat Pump,3,29,Petrol,63.6,1,1,6.0,11,7.338
Italy,Omnivore,192,Wood,2,70,Hybrid,9.0,3,0,5.6,12,3.587
Norway,Omnivore,251,Wood,5,36,EV,36.8,1,1,2.6,27,2.121
Russia,Heavy Meat,218,Natural Gas,2,48,EV,20.1,4,1,5.2,33,7.447
Indonesia,Omnivore,364,Natural Gas,2,70,Petrol,1.8,1,0,1.2,35,5.467
India,Heavy Meat,276,Oil,4,44,Petrol,15.0,1,0,12.3,23,4.729
South Korea,Omnivore,219,Heat Pump,4,36,Hybrid,5.7,3,0,5.0,37,2.927
USA,Heavy Meat,130,Electric,2,39,EV,61.2,0,1,8.7,9,4.453
Brazil,Heavy Meat,246,Natural Gas,5,63,Petrol,44.2,2,2,0.3,37,4.942
Canada,Omnivore,623,Natural Gas,5,9,None,2.1,2,2,1.6,35,5.212
Japan,Vegan,256,Electric,1,3,Diesel,1.2,6,0,0.3,46,5.533
Russia,Omnivore,150,Electric,3,47,Petrol,16.9,3,1,6.1,20,4.915
South Korea,Heavy Meat,713,Electric,4,24,Hybrid,2.9,2,0,0.8,43,3.916
USA,Omnivore,220,Natural Gas,4,33,None,1.4,0,0,15.1,8,2.638
India,Vegetarian,384,Electric,4,39,Hybrid,5.0,7,0,1.8,2,4.354
China,Omnivore,586,Natural Gas,3,14,Petrol,44.0,3,3,5.1,29,11.319
Brazil,Omnivore,597,Natural Gas,2,22,None,36.5,2,0,4.1,41,2.814
China,Omnivore,177,Electric,1,36,Petrol,0.8,1,2,7.8,39,8.489
China,Omnivore,429,Natural Gas,3,54,Diesel,16.1,3,0,20.7,53,6.354
China,Heavy Meat,244,Electric,5,34,Hybrid,47.2,1,2,0.6,42,5.002
Brazil,Omnivore,354,Natural Gas,2,15,Diesel,2.1,2,0,3.4,67,2.534
China,Omnivore,360,Natural Gas,2,66,Diesel,6.1,2,0,10.1,11,6.627
Japan,Heavy Meat,370,Natural Gas,4,25,None,50.7,1,1,1.2,55,4.728
India,Omnivore,217,Oil,2,40,Petrol,29.6,3,1,6.3,29,7.042
South Korea,Pescatarian,169,Electric,6,22,EV,11.1,4,1,0.7,31,2.627
China,Pescatarian,87,Natural Gas,5,46,Petrol,5.1,4,2,2.9,37,5.631
China,Heavy Meat,382,Natural Gas,1,69,Diesel,13.4,1,1,4.5,5,12.7
USA,Pescatarian,129,Natural Gas,4,39,Petrol,36.9,4,0,2.4,36,4.789
France,Omnivore,631,Natural Gas,1,21,Hybrid,10.3,1,2,6.3,8,9.154
India,Omnivore,739,Wood,4,61,Petrol,92.0,5,0,8.0,41,9.736
USA,Heavy Meat,604,Oil,3,65,None,79.7,1,1,7.9,0,6.628
India,Omnivore,238,Natural Gas,1,0,Petrol,5.1,4,2,3.8,16,10.878
Australia,Omnivore,365,Wood,2,83,None,9.4,2,2,3.3,0,7.149
China,Omnivore,183,Electric,1,92,Diesel,6.6,0,2,11.2,47,8.429
Australia,Omnivore,425,Electric,4,41,EV,5.9,0,1,2.8,19,4.101
India,Heavy Meat,317,Natural Gas,1,33,Petrol,11.1,5,0,2.6,0,9.373
India,Heavy Meat,321,Natural Gas,3,80,None,29.4,1,1,8.9,1,5.158
France,Vegetarian,183,Heat Pump,4,33,Diesel,8.0,3,2,7.1,51,3.34
UK,Heavy Meat,297,Wood,2,29,Petrol,5.5,1,2,6.7,41,6.096
India,Omnivore,288,Oil,1,52,Diesel,12.1,2,2,1.7,27,11.118
India,Heavy Meat,122,Wood,2,31,Diesel,0.8,5,1,3.6,17,6.014
USA,Vegetarian,332,Oil,6,45,Hybrid,0.3,1,2,0.6,17,3.93
UK,Vegetarian,427,Natural Gas,3,59,Hybrid,47.5,3,0,3.1,0,4.834
USA,Heavy Meat,393,Natural Gas,3,1,Diesel,26.2,0,4,3.0,8,9.012
Germany,Omnivore,320,Electric,4,35,Petrol,1.1,1,0,5.8,21,2.89
Nigeria,Omnivore,276,Wood,2,69,Petrol,12.0,5,0,0.1,15,4.996
India,Omnivore,190,Natural Gas,4,67,EV,7.6,1,2,1.6,43,4.818
China,Heavy Meat,356,Wood,2,1,Petrol,8.7,4,2,6.0,50,7.788
China,Omnivore,239,Wood,1,0,Hybrid,5.6,3,0,1.2,22,6.107
India,Heavy Meat,309,Electric,1,0,Diesel,14.9,3,0,0.3,42,8.807
UK,Omnivore,396,Natural Gas,2,25,Petrol,30.7,4,1,7.5,23,8.111
Sweden,Omnivore,307,Natural Gas,3,12,None,73.6,2,1,8.6,39,5.247
Indonesia,Omnivore,240,Electric,4,66,Diesel,22.3,0,2,7.2,11,5.066
USA,Omnivore,214,Electric,3,46,None,2.2,1,0,1.0,54,3.004
Japan,Pescatarian,176,Natural Gas,3,14,None,38.3,0,0,6.7,18,3.193
Russia,Omnivore,300,Natural Gas,2,40,None,17.5,5,1,2.0,11,7.556
UK,Omnivore,264,Heat Pump,3,95,None,24.7,5,2,3.5,56,4.787
UK,Vegetarian,280,Oil,3,42,Hybrid,19.2,3,1,4.2,23,5.31
India,Vegan,535,Electric,4,25,Petrol,10.2,1,0,1.3,8,4.672
USA,Vegetarian,83,Wood,1,36,Petrol,5.8,0,1,8.2,31,4.615
France,Omnivore,644,Natural Gas,2,32,Hybrid,15.5,0,0,0.5,12,4.236
USA,Pescatarian,229,Natural Gas,1,28,Petrol,36.8,2,0,0.6,0,8.609
China,Heavy Meat,148,Oil,4,60,Petrol,64.5,3,0,11.3,0,7.486
USA,Omnivore,144,Heat Pump,2,37,Hybrid,12.6,3,0,3.3,0,3.671
Germany,Omnivore,423,Natural Gas,2,15,Hybrid,7.2,2,0,4.7,56,5.284
Sweden,Heavy Meat,339,Oil,2,35,Petrol,20.4,3,2,2.4,32,9.56
India,Omnivore,435,Natural Gas,2,61,Diesel,35.9,1,0,1.9,39,7.444
India,Omnivore,151,Electric,2,57,Hybrid,26.3,1,0,3.2,22,4.578
Canada,Heavy Meat,422,Wood,4,53,Diesel,8.9,1,0,0.4,6,2.771
USA,Omnivore,499,Natural Gas,2,22,Hybrid,11.4,4,0,2.6,37,6.421
Mexico,Vegan,668,Natural Gas,4,31,EV,9.0,1,2,1.3,24,5.379
USA,Omnivore,510,Heat Pump,4,48,Petrol,14.0,2,2,0.9,13,5.241
UK,Pescatarian,155,Wood,2,86,EV,11.2,3,1,11.7,0,4.026
India,Omnivore,368,Heat Pump,2,10,Petrol,4.1,0,1,24.3,20,6.062
Russia,Omnivore,332,Electric,3,59,Diesel,12.7,2,2,4.2,45,5.582
South Africa,Omnivore,120,Electric,4,60,Petrol,19.2,4,0,4.6,41,3.66
China,Omnivore,274,Natural Gas,3,64,Petrol,3.5,3,0,8.1,13,5.318
Nigeria,Omnivore,233,Natural Gas,4,51,Hybrid,26.9,1,2,7.9,15,4.531
Russia,Heavy Meat,172,Natural Gas,1,17,Diesel,0.3,2,0,5.2,24,8.309
Brazil,Heavy Meat,394,Oil,3,40,None,14.2,4,0,5.6,36,3.105
China,Omnivore,209,Natural Gas,3,16,Petrol,4.6,6,0,5.6,33,5.526
Germany,Pescatarian,152,Natural Gas,4,24,None,9.6,2,3,0.0,44,5.14
UK,Omnivore,620,Oil,2,12,Hybrid,4.2,1,0,1.3,28,5.55
India,Heavy Meat,154,Oil,3,16,Petrol,30.3,2,0,8.2,27,4.535
Norway,Omnivore,500,Wood,3,56,Diesel,31.1,0,1,0.8,51,3.516
China,Heavy Meat,441,Electric,3,44,Diesel,9.6,0,0,10.8,15,4.492
China,Heavy Meat,212,Wood,5,39,Diesel,35.3,1,0,6.3,40,3.615
Norway,Vegetarian,238,Natural Gas,2,7,None,3.1,3,1,0.6,84,5.516
India,Heavy Meat,212,Natural Gas,4,43,Diesel,1.1,1,1,1.7,29,3.83
UK,Heavy Meat,441,Natural Gas,3,58,Petrol,40.8,1,1,0.6,24,6.304
Nigeria,Pescatarian,204,Wood,4,54,Hybrid,5.6,0,1,5.6,29,2.46
Australia,Omnivore,242,Natural Gas,2,76,Petrol,16.6,5,3,4.7,33,8.938
Indonesia,Heavy Meat,377,Heat Pump,2,42,Diesel,40.4,4,0,1.6,13,7.386
Indonesia,Vegetarian,304,Natural Gas,2,24,Hybrid,1.1,1,3,5.5,29,7.786
France,Pescatarian,153,Oil,1,33,Diesel,20.3,0,1,2.6,0,8.564
USA,Heavy Meat,488,Natural Gas,1,7,None,16.0,3,2,4.7,2,11.87
UK,Omnivore,612,Electric,3,29,None,9.9,0,0,6.0,39,2.984
UK,Omnivore,226,Oil,4,77,None,37.7,2,1,1.2,17,4.509
USA,Omnivore,246,Electric,4,34,EV,9.2,2,3,7.1,27,4.746
China,Heavy Meat,350,Wood,5,50,None,54.5,1,1,1.2,38,4.04
Japan,Heavy Meat,190,Natural Gas,2,86,Petrol,6.1,4,1,11.1,0,6.557
China,Heavy Meat,130,Electric,3,22,Hybrid,11.9,1,0,3.1,4,3.55
Nigeria,Omnivore,239,Natural Gas,4,0,Diesel,19.3,2,2,3.0,51,4.907
India,Heavy Meat,313,Oil,1,27,Hybrid,38.7,1,0,4.9,0,9.28
China,Omnivore,173,Natural Gas,1,22,Hybrid,17.6,1,3,3.1,23,13.352
Mexico,Omnivore,145,Heat Pump,2,44,Petrol,16.9,2,0,3.3,25,3.617
India,Heavy Meat,387,Natural Gas,3,44,Hybrid,9.4,1,2,7.9,20,6.895
UK,Omnivore,488,Natural Gas,1,90,None,20.7,2,1,2.6,54,7.889
Brazil,Pescatarian,373,Oil,2,68,None,6.3,2,1,4.0,40,3.405
India,Heavy Meat,223,Heat Pump,4,0,Diesel,50.6,2,1,3.0,20,5.93
Poland,Heavy Meat,312,Wood,1,74,EV,15.1,2,2,3.7,35,9.777
Canada,Vegan,489,Electric,2,29,Hybrid,30.8,1,0,3.5,6,3.396
USA,Omnivore,225,Oil,3,21,EV,17.4,5,0,8.3,33,4.932
Indonesia,Omnivore,307,Oil,2,57,Petrol,3.8,0,1,19.3,48,5.775
South Korea,Vegan,250,Wood,2,20,Petrol,32.4,1,2,1.7,31,6.655
Italy,Heavy Meat,382,Natural Gas,1,15,Hybrid,10.3,1,1,10.9,39,8.919
USA,Omnivore,449,Wood,3,24,Petrol,20.2,5,2,5.8,22,6.825
South Korea,Vegan,292,Natural Gas,4,31,Diesel,6.9,1,1,1.7,68,4.426
China,Omnivore,189,Natural Gas,3,42,Petrol,3.4,1,0,0.7,47,4.736
USA,Vegan,153,Wood,6,44,Diesel,15.2,0,2,7.9,37,2.9
South Africa,Pescatarian,209,Natural Gas,5,50,None,23.0,0,4,6.2,1,5.94
Japan,Omnivore,367,Electric,4,27,Petrol,17.0,2,0,1.5,17,3.604
China,Vegetarian,307,Electric,3,17,Diesel,20.1,2,1,3.0,61,5.081
India,Omnivore,313,Oil,5,73,None,9.0,4,2,0.7,0,5.281
South Africa,Omnivore,397,Natural Gas,4,30,EV,5.4,3,1,24.2,0,6.042
Poland,Vegan,636,Wood,3,54,Diesel,7.9,0,1,1.9,18,5.532
USA,Heavy Meat,642,Natural Gas,3,13,None,6.6,1,0,1.5,27,5.073
India,Omnivore,212,Electric,4,33,Petrol,13.9,2,1,2.7,47,4.616
South Africa,Omnivore,334,Electric,3,57,None,1.3,0,1,4.7,41,5.503
Japan,Omnivore,617,Natural Gas,2,53,Diesel,21.9,1,0,9.2,0,7.069
Germany,Vegetarian,575,Oil,3,25,Diesel,35.6,1,1,1.1,0,6.618
Indonesia,Pescatarian,413,Wood,2,31,None,7.6,1,0,1.1,50,4.752
Poland,Heavy Meat,143,Oil,4,33,None,44.2,4,0,4.5,36,5.119
Russia,Omnivore,367,Wood,2,4,Petrol,34.2,1,0,5.4,34,5.279
Canada,Omnivore,404,Oil,3,36,Petrol,17.9,1,0,3.2,31,5.762
India,Omnivore,363,Oil,1,69,None,4.2,0,0,6.1,18,7.282
India,Omnivore,620,Electric,4,30,None,16.3,2,0,3.1,25,5.599
China,Heavy Meat,117,Electric,2,1,Diesel,8.1,1,1,1.8,52,5.513
France,Heavy Meat,356,Electric,5,10,Hybrid,35.0,1,0,9.5,63,2.319
USA,Heavy Meat,360,Electric,4,7,Petrol,36.8,2,0,2.5,37,4.778
USA,Heavy Meat,98,Natural Gas,2,13,Petrol,12.4,3,0,1.3,64,5.808
China,Omnivore,593,Natural Gas,4,50,Diesel,38.9,2,1,0.5,27,8.246
UK,Omnivore,583,Oil,3,12,Diesel,2.7,1,0,15.4,26,4.901
China,Heavy Meat,862,Natural Gas,3,34,Petrol,1.0,2,1,5.8,10,8.806
South Africa,Vegetarian,504,Oil,1,38,None,22.9,4,1,1.7,0,13.689
Indonesia,Vegan,528,Natural Gas,1,42,Hybrid,7.6,4,1,0.4,28,10.206
Mexico,Heavy Meat,565,Heat Pump,2,37,Petrol,4.1,0,0,0.4,20,5.463
UK,Omnivore,178,Natural Gas,1,38,Petrol,41.5,3,1,0.0,16,10.738
Canada,Vegan,286,Wood,4,15,Petrol,18.2,5,3,5.4,40,4.632
France,Omnivore,377,Wood,4,86,Petrol,74.7,2,2,3.4,35,5.963
UK,Omnivore,226,Oil,5,71,Petrol,39.3,1,0,1.2,14,4.046
China,Omnivore,488,Natural Gas,3,58,Petrol,30.0,2,0,2.6,29,6.846
India,Omnivore,282,Natural Gas,4,21,EV,26.9,3,3,1.4,55,6.21
India,Omnivore,337,Electric,1,40,Diesel,2.4,3,0,1.8,29,8.568
India,Vegetarian,116,Electric,2,11,Petrol,2.2,4,1,8.6,19,4.274
UK,Vegetarian,107,Oil,1,11,Petrol,29.9,3,0,5.7,25,8.36
Australia,Omnivore,230,Electric,2,37,None,2.3,0,0,5.7,59,4.128
India,Omnivore,422,Natural Gas,5,67,Diesel,44.1,1,0,2.7,51,5.14
China,Pescatarian,228,Electric,5,15,Petrol,2.3,1,0,2.5,29,2.5
Sweden,Omnivore,400,Oil,5,78,Hybrid,6.4,0,0,6.2,12,3.492
Italy,Omnivore,216,Wood,3,28,Diesel,60.5,1,0,2.7,35,4.557
USA,Heavy Meat,215,Electric,3,50,Petrol,24.0,0,0,0.5,49,3.698
Canada,Vegetarian,265,Natural Gas,4,75,EV,4.2,0,0,7.9,27,3.121
India,Omnivore,459,Natural Gas,4,35,None,45.8,4,0,3.9,54,4.098
China,Omnivore,489,Oil,2,54,Petrol,4.0,4,0,1.9,8,8.536
Italy,Omnivore,653,Heat Pump,6,65,EV,4.8,1,1,0.2,31,2.863
India,Omnivore,145,Natural Gas,3,38,Petrol,10.8,1,3,9.1,76,5.825
Mexico,Omnivore,351,Wood,4,28,None,0.5,4,0,0.4,2,3.293
France,Omnivore,146,Wood,3,35,Petrol,19.9,1,0,3.4,0,2.554
USA,Omnivore,517,Wood,5,23,None,5.9,3,0,4.0,63,3.276
China,Omnivore,802,Oil,3,54,None,8.9,3,0,5.1,18,8.126
China,Omnivore,212,Natural Gas,4,75,Petrol,1.5,3,1,10.2,25,4.373
Brazil,Vegetarian,581,Natural Gas,2,86,Diesel,23.3,1,0,0.3,35,3.257
India,Omnivore,96,Oil,3,88,None,15.6,0,1,7.7,58,3.423
Germany,Vegetarian,570,Heat Pump,3,3,Petrol,0.9,5,0,3.5,27,3.487
China,Omnivore,665,Natural Gas,2,12,Petrol,23.5,1,1,11.5,6,10.664
USA,Heavy Meat,573,Electric,2,79,Petrol,23.3,2,1,2.5,18,7.323
Germany,Pescatarian,357,Wood,5,22,None,2.6,1,0,0.7,50,2.366
India,Omnivore,285,Heat Pump,5,30,Petrol,49.9,2,1,0.4,49,4.686
France,Omnivore,477,Electric,2,0,EV,9.1,4,0,2.7,17,3.992
Japan,Heavy Meat,332,Wood,6,30,Petrol,11.2,1,0,10.2,52,2.991
Australia,Vegan,133,Heat Pump,1,35,Hybrid,33.5,2,0,13.0,47,4.8
Germany,Pescatarian,452,Natural Gas,2,32,Petrol,2.1,1,1,3.1,61,5.907
South Africa,Omnivore,1185,Electric,3,57,Diesel,2.5,3,3,4.8,15,13.193
Australia,Omnivore,555,Wood,5,40,EV,10.1,1,0,6.7,24,4.372
USA,Vegetarian,209,Electric,2,31,Petrol,14.8,2,2,2.5,24,5.504
South Africa,Omnivore,282,Oil,1,67,Petrol,32.2,1,4,0.6,6,18.192
India,Omnivore,666,Natural Gas,3,16,EV,3.4,2,1,3.5,44,8.132
Russia,Heavy Meat,299,Natural Gas,2,45,Petrol,25.9,3,0,0.3,17,7.464
Mexico,Omnivore,205,Wood,2,20,Diesel,44.2,3,0,4.8,46,5.316
India,Omnivore,424,Electric,4,50,Petrol,22.6,3,0,1.8,19,5.002
India,Omnivore,214,Heat Pump,3,41,EV,18.0,1,1,12.6,53,5.076
Indonesia,Omnivore,613,Heat Pump,1,64,Petrol,10.7,1,0,3.1,6,10.105
USA,Heavy Meat,167,Heat Pump,3,51,Diesel,56.7,1,0,10.0,9,5.016
Nigeria,Heavy Meat,382,Natural Gas,2,38,None,19.7,2,0,1.1,9,4.99
Germany,Omnivore,246,Electric,2,40,Diesel,14.4,2,1,6.0,53,5.213
Canada,Omnivore,559,Natural Gas,3,15,Petrol,9.3,2,0,2.9,2,4.854
China,Heavy Meat,178,Natural Gas,2,40,None,35.8,3,0,1.0,6,5.96
Norway,Omnivore,746,Oil,4,38,Diesel,40.1,1,0,2.1,57,5.004
Japan,Pescatarian,446,Oil,2,0,None,10.3,2,0,8.8,1,6.112
Sweden,Vegetarian,284,Electric,2,51,EV,6.8,2,1,4.8,27,3.463
France,Omnivore,428,Natural Gas,4,0,Hybrid,22.2,1,0,5.8,6,3.108
Mexico,Vegetarian,240,Natural Gas,3,46,Petrol,40.3,1,1,9.8,0,4.436
UK,Heavy Meat,651,Heat Pump,4,62,None,8.4,1,3,1.9,7,5.493
Brazil,Omnivore,321,Wood,3,37,Petrol,35.9,5,0,0.7,28,4.406
India,Vegetarian,544,Wood,4,34,Petrol,25.5,3,0,11.8,49,5.056
China,Omnivore,249,Natural Gas,3,49,Diesel,3.9,2,1,2.0,0,6.212
Poland,Vegan,92,Electric,4,56,None,8.1,2,0,8.5,14,0.821
Mexico,Heavy Meat,252,Wood,4,18,Petrol,19.4,1,1,4.8,11,4.188
Germany,Omnivore,184,Heat Pump,1,46,Diesel,2.9,2,3,0.3,0,9.605
South Africa,Omnivore,185,Electric,6,54,Petrol,33.9,0,0,2.0,45,3.622
Brazil,Omnivore,402,Oil,3,7,Petrol,49.1,4,0,18.7,67,5.274
South Korea,Heavy Meat,107,Wood,5,52,Diesel,2.0,2,1,6.2,49,2.82
Canada,Vegetarian,106,Electric,2,31,Petrol,2.4,2,0,9.0,54,2.59
Nigeria,Heavy Meat,367,Oil,2,61,Petrol,2.2,3,1,9.3,39,6.025
Sweden,Heavy Meat,240,Wood,3,69,None,9.8,0,0,5.6,31,2.13
USA,Omnivore,206,Oil,5,59,Petrol,19.5,7,0,1.5,14,4.273
India,Vegetarian,526,Heat Pump,4,31,Petrol,24.2,3,1,8.2,18,6.12
France,Heavy Meat,323,Natural Gas,2,31,Hybrid,35.1,2,0,7.4,30,5.066
China,Vegan,298,Wood,3,71,EV,11.0,1,0,1.8,10,2.604
USA,Omnivore,452,Heat Pump,5,75,EV,23.2,0,1,2.7,41,2.522
Mexico,Omnivore,631,Wood,4,12,Diesel,25.6,2,0,1.5,36,5.057
Poland,Omnivore,251,Natural Gas,5,74,Hybrid,40.2,2,1,0.6,0,5.344
Brazil,Vegetarian,295,Natural Gas,4,84,Petrol,65.3,2,0,1.8,16,3.418
Mexico,Vegetarian,365,Oil,1,39,Hybrid,8.3,2,1,8.4,30,7.739
USA,Heavy Meat,127,Electric,1,61,Petrol,55.6,2,1,0.8,38,10.529
Canada,Vegan,177,Oil,3,5,EV,11.1,1,0,2.8,0,4.546
China,Pescatarian,360,Electric,3,21,Diesel,29.3,3,1,22.1,0,6.046
France,Heavy Meat,204,Natural Gas,5,49,Hybrid,33.2,2,0,0.1,29,3.393
USA,Vegetarian,287,Natural Gas,3,77,Hybrid,34.1,6,1,0.9,41,5.098
India,Omnivore,689,Wood,2,56,Hybrid,18.0,1,2,2.6,36,10.824
South Africa,Omnivore,261,Oil,6,55,Diesel,10.2,0,0,3.6,46,3.681
Indonesia,Omnivore,229,Oil,2,31,Hybrid,15.5,1,0,9.2,33,4.451
USA,Omnivore,704,Heat Pump,1,60,Petrol,5.1,1,1,0.6,35,9.05
Sweden,Pescatarian,225,Electric,3,0,None,19.4,2,1,1.9,62,3.278
India,Omnivore,250,Natural Gas,3,53,EV,9.8,0,2,0.2,12,5.641
USA,Vegetarian,329,Natural Gas,3,19,Diesel,23.8,2,0,2.8,16,4.612
Indonesia,Vegetarian,273,Natural Gas,3,9,None,21.5,2,1,2.2,14,4.27
Germany,Heavy Meat,204,Oil,2,19,Diesel,26.9,2,0,5.8,17,6.608
USA,Omnivore,321,Natural Gas,3,15,Hybrid,1.3,1,0,3.2,42,3.482
France,Omnivore,154,Oil,1,0,None,8.0,4,1,7.8,43,8.734
USA,Omnivore,342,Electric,4,23,EV,15.3,2,0,5.2,26,2.945
China,Omnivore,459,Heat Pump,3,0,EV,54.3,3,1,0.8,17,5.838
Germany,Omnivore,100,Natural Gas,3,17,Petrol,37.3,1,1,4.6,6,5.873
India,Vegetarian,154,Electric,2,8,Petrol,30.6,2,0,2.7,16,4.607
UK,Pescatarian,324,Wood,2,26,Petrol,8.9,2,0,21.5,26,3.553
China,Omnivore,592,Natural Gas,5,52,None,15.8,3,0,1.9,32,5.112
China,Omnivore,254,Oil,5,45,None,30.0,0,0,1.1,32,4.558
India,Omnivore,311,Natural Gas,3,34,Petrol,5.9,2,1,5.4,12,5.351
India,Pescatarian,110,Natural Gas,3,37,None,1.0,1,0,0.2,45,2.405
Norway,Heavy Meat,310,Electric,3,31,EV,68.9,4,0,11.3,30,3.575
Poland,Omnivore,534,Natural Gas,2,33,Diesel,3.4,3,1,7.0,60,9.53
Japan,Pescatarian,334,Natural Gas,3,70,Petrol,39.5,1,1,9.7,20,6.214
China,Omnivore,422,Electric,3,0,Petrol,41.8,2,1,1.3,0,6.905
USA,Omnivore,172,Electric,4,14,Petrol,0.0,4,2,2.7,22,4.067
Canada,Omnivore,317,Electric,3,0,Petrol,12.9,4,0,7.4,33,3.54
USA,Omnivore,434,Natural Gas,4,8,None,42.5,0,2,3.2,0,4.631
Poland,Omnivore,193,Natural Gas,1,30,Hybrid,23.7,3,1,3.0,20,11.813
UK,Omnivore,615,Electric,3,64,EV,15.8,2,1,0.2,46,4.779
Mexico,Vegetarian,145,Oil,5,41,None,15.9,4,0,4.7,40,2.137
India,Pescatarian,257,Natural Gas,6,57,Petrol,19.0,3,2,1.1,7,4.024
France,Omnivore,277,Electric,2,72,EV,5.2,2,0,0.9,12,3.313
Sweden,Omnivore,409,Wood,1,17,Hybrid,21.9,2,2,3.4,29,7.681
India,Vegetarian,412,Heat Pump,2,67,Diesel,10.7,3,0,3.5,35,5.624
India,Omnivore,199,Electric,5,0,None,4.3,1,0,4.4,26,2.278
France,Omnivore,536,Heat Pump,4,44,Diesel,4.7,0,0,1.1,39,1.668
USA,Omnivore,302,Wood,3,23,Petrol,1.4,1,1,0.9,1,4.148
South Korea,Heavy Meat,187,Natural Gas,2,71,Petrol,2.6,2,2,0.8,57,7.485
Indonesia,Omnivore,233,Heat Pump,5,24,Diesel,35.5,2,1,2.3,12,4.757
France,Omnivore,490,Natural Gas,2,53,Hybrid,12.6,0,1,5.6,43,4.614
Indonesia,Pescatarian,498,Oil,2,3,Hybrid,11.2,2,2,2.7,72,8.181
India,Omnivore,99,Electric,3,48,Hybrid,32.4,4,0,1.6,0,4.042
India,Heavy Meat,293,Oil,4,17,Petrol,15.7,4,0,2.4,27,5.035
Norway,Omnivore,249,Wood,3,28,Petrol,20.3,1,0,8.3,28,3.406
India,Omnivore,304,Wood,5,11,Petrol,23.7,2,0,6.7,34,3.604
Indonesia,Omnivore,301,Wood,2,44,None,13.0,2,0,0.5,6,4.958
Japan,Omnivore,454,Natural Gas,1,52,Petrol,9.5,3,3,1.3,0,13.919
India,Heavy Meat,650,Electric,3,0,None,33.9,1,1,7.3,43,8.135
Mexico,Omnivore,380,Heat Pump,4,31,Petrol,29.5,3,0,2.8,2,4.331
Germany,Omnivore,222,Natural Gas,3,61,None,22.5,2,0,1.9,0,3.117
South Africa,Heavy Meat,191,Natural Gas,5,34,None,1.1,2,2,6.1,20,4.923
South Korea,Pescatarian,81,Natural Gas,2,26,None,3.8,4,0,6.9,17,4.258
China,Omnivore,471,Natural Gas,3,6,Petrol,27.0,2,1,2.3,0,7.658
USA,Vegan,114,Electric,3,62,Diesel,29.6,0,0,4.1,1,2.596
India,Vegan,98,Electric,2,17,None,19.4,3,0,0.2,61,2.313
China,Vegan,171,Natural Gas,2,56,Hybrid,41.0,3,3,2.1,34,8.957
Japan,Pescatarian,677,Natural Gas,5,4,Petrol,72.2,1,0,5.9,15,6.139
South Korea,Heavy Meat,351,Electric,2,4,Diesel,20.2,1,2,1.3,46,7.752
Indonesia,Omnivore,665,Wood,1,43,Hybrid,17.8,1,1,1.0,38,12.517
India,Omnivore,518,Natural Gas,6,9,None,18.7,5,1,4.2,11,5.626
Nigeria,Heavy Meat,548,Oil,4,81,Petrol,22.9,3,1,0.1,21,5.509
Norway,Omnivore,398,Wood,2,43,Petrol,19.6,3,1,4.1,13,4.45
Sweden,Heavy Meat,93,Natural Gas,3,15,Petrol,15.7,2,1,0.9,7,6.367
France,Heavy Meat,144,Electric,4,38,Petrol,8.5,0,2,3.9,8,4.156
Brazil,Heavy Meat,210,Electric,1,45,Hybrid,21.2,3,0,0.9,22,5.1
UK,Omnivore,240,Electric,1,28,None,19.9,1,1,8.2,39,5.421
France,Omnivore,270,Heat Pump,3,21,Diesel,13.2,5,0,17.0,0,3.574
China,Omnivore,237,Natural Gas,2,42,Petrol,38.1,1,0,4.5,0,7.365
Indonesia,Pescatarian,520,Heat Pump,1,48,None,19.0,0,1,1.0,8,9.623
Sweden,Omnivore,392,Natural Gas,4,0,Petrol,0.8,4,2,10.6,31,5.495
Indonesia,Omnivore,260,Natural Gas,5,55,Petrol,59.5,0,1,7.4,42,5.122
Canada,Omnivore,233,Natural Gas,2,53,None,36.6,0,0,12.0,9,4.898
USA,Omnivore,835,Natural Gas,5,100,Petrol,0.0,2,0,2.6,35,4.512
India,Vegetarian,654,Wood,1,41,Hybrid,29.0,1,0,2.2,0,11.714
Indonesia,Heavy Meat,324,Wood,1,29,None,11.2,2,0,5.0,57,7.21
Poland,Heavy Meat,279,Electric,5,32,None,33.3,1,0,5.6,10,3.033
China,Heavy Meat,290,Natural Gas,6,43,None,43.2,0,3,0.4,52,5.31
India,Heavy Meat,69,Oil,2,49,Petrol,12.6,3,1,5.2,0,5.86
China,Omnivore,176,Natural Gas,1,88,None,12.2,2,0,3.9,43,8.426
Russia,Heavy Meat,589,Oil,1,41,Hybrid,38.1,3,1,9.2,28,14.498
India,Omnivore,547,Electric,1,31,Petrol,23.2,6,1,3.1,72,14.406
USA,Omnivore,263,Natural Gas,4,8,Hybrid,8.4,3,1,0.4,0,5.067
India,Omnivore,527,Heat Pump,2,32,Petrol,12.4,0,0,1.2,23,7.09
Mexico,Vegan,452,Heat Pump,4,47,Petrol,47.2,1,2,4.8,55,5.176
Japan,Omnivore,374,Oil,5,64,Petrol,7.6,3,1,8.3,24,4.67
USA,Vegetarian,515,Heat Pump,1,28,Petrol,29.8,2,1,9.4,69,9.6
Russia,Omnivore,400,Oil,2,50,Petrol,0.3,2,0,3.3,76,7.084
UK,Omnivore,257,Natural Gas,1,63,Petrol,4.6,4,0,2.9,37,6.908
France,Heavy Meat,154,Oil,3,45,Petrol,2.0,1,1,6.9,32,5.409
China,Heavy Meat,171,Natural Gas,3,18,Petrol,14.8,2,1,1.2,42,6.916
India,Heavy Meat,501,Electric,6,18,Hybrid,7.0,3,1,7.7,21,5.162
China,Vegan,114,Natural Gas,3,2,EV,16.0,0,2,2.3,10,5.028
Japan,Omnivore,144,Natural Gas,5,8,EV,11.4,0,1,8.0,20,4.108
China,Pescatarian,487,Electric,3,18,EV,4.5,1,0,3.1,27,4.126
Brazil,Vegetarian,482,Heat Pump,5,37,Petrol,0.1,2,0,16.5,33,1.315
USA,Omnivore,585,Wood,2,23,Diesel,14.8,2,0,11.2,28,5.465
Australia,Omnivore,316,Oil,2,38,None,27.1,3,0,1.1,22,4.878
Indonesia,Vegan,382,Natural Gas,2,4,Diesel,7.0,6,0,4.5,26,5.732
Russia,Omnivore,272,Natural Gas,1,65,Diesel,5.4,2,1,2.5,1,9.483
India,Omnivore,205,Heat Pump,5,17,None,26.7,4,0,2.2,55,2.735
Indonesia,Heavy Meat,354,Natural Gas,3,36,Diesel,0.7,2,2,6.4,0,6.36
Poland,Vegetarian,592,Natural Gas,4,38,None,24.4,2,0,6.6,32,5.198
Italy,Omnivore,423,Natural Gas,1,46,Hybrid,58.7,3,1,2.4,24,10.918
India,Omnivore,783,Natural Gas,1,77,Petrol,57.3,2,1,8.0,10,17.998
Russia,Omnivore,145,Natural Gas,2,75,Petrol,37.2,1,0,4.0,68,6.898
South Africa,Omnivore,281,Electric,3,64,Hybrid,3.7,2,0,3.6,0,4.026
Indonesia,Heavy Meat,368,Natural Gas,4,49,None,22.0,3,2,1.5,16,6.107
Mexico,Omnivore,135,Oil,1,56,EV,16.2,2,1,6.7,5,6.23
USA,Vegetarian,276,Natural Gas,4,64,EV,0.8,0,1,1.1,23,3.116
Nigeria,Omnivore,291,Oil,3,29,None,18.2,2,1,6.3,11,3.86
France,Omnivore,525,Wood,1,65,Petrol,1.5,2,1,4.8,28,5.742
Indonesia,Pescatarian,360,Natural Gas,4,78,Diesel,16.9,4,1,0.7,1,4.733
Italy,Omnivore,499,Natural Gas,6,8,None,10.2,2,3,0.7,30,4.703
China,Vegan,222,Natural Gas,4,0,Petrol,13.3,1,1,3.9,33,4.313
South Africa,Pescatarian,437,Natural Gas,3,0,Petrol,7.2,5,1,10.1,30,7.866
Brazil,Pescatarian,414,Natural Gas,5,1,None,0.1,5,1,5.1,30,2.123
Sweden,Pescatarian,416,Wood,3,47,EV,11.8,1,0,0.2,0,2.038
China,Vegetarian,421,Electric,1,32,Diesel,22.0,3,0,8.6,48,7.727
South Korea,Pescatarian,395,Oil,4,66,None,4.5,3,2,2.2,32,5.537
UK,Omnivore,59,Oil,2,58,Hybrid,1.7,4,1,6.0,51,5.194
India,Heavy Meat,222,Electric,6,74,EV,8.6,3,0,15.7,19,2.387
India,Heavy Meat,279,Natural Gas,1,27,Petrol,22.1,2,1,7.5,17,11.202
India,Vegan,272,Electric,5,64,EV,1.8,5,0,7.5,7,2.866
Australia,Vegan,491,Natural Gas,6,50,Diesel,9.6,0,0,1.6,37,3.285
France,Heavy Meat,580,Natural Gas,4,23,EV,85.3,3,1,0.5,2,4.633
Germany,Omnivore,252,Electric,1,29,Petrol,39.2,4,2,1.6,0,11.803
USA,Omnivore,456,Natural Gas,1,14,None,4.6,0,1,1.8,26,8.98
Nigeria,Omnivore,151,Oil,2,36,None,54.7,2,1,5.9,26,4.74
Nigeria,Vegetarian,213,Electric,3,44,Petrol,14.4,2,1,5.5,30,4.119
Russia,Heavy Meat,195,Wood,1,72,Petrol,50.3,3,1,5.6,43,10.707
China,Omnivore,500,Natural Gas,2,46,EV,26.9,1,0,2.0,27,7.391
Mexico,Omnivore,480,Natural Gas,3,40,Petrol,7.2,0,0,4.0,31,4.634
India,Omnivore,342,Natural Gas,1,20,Diesel,7.2,1,0,16.8,30,8.451
Sweden,Vegan,244,Wood,2,24,Petrol,37.7,3,1,1.7,0,4.711
India,Vegetarian,296,Wood,2,7,EV,4.7,0,0,9.1,20,3.89
India,Omnivore,270,Electric,6,54,EV,0.9,0,1,1.7,40,3.734
USA,Omnivore,270,Natural Gas,1,46,None,23.9,2,0,4.6,3,6.934
USA,Omnivore,302,Oil,3,53,Diesel,17.9,2,0,3.6,0,5.18
Germany,Omnivore,55,Oil,3,0,None,1.4,1,2,1.2,6,5.897
Indonesia,Pescatarian,38,Wood,2,62,Diesel,2.6,6,1,9.0,36,4.507
Indonesia,Omnivore,376,Natural Gas,4,74,None,70.9,0,0,5.8,33,3.682
UK,Omnivore,326,Natural Gas,4,26,Diesel,1.2,1,0,0.9,12,2.963
USA,Vegetarian,55,Wood,4,58,Diesel,6.9,3,4,19.4,45,5.291
India,Omnivore,124,Electric,3,60,Petrol,14.7,0,0,1.6,1,3.217
China,Pescatarian,793,Electric,2,61,Hybrid,73.8,3,1,0.6,12,9.91
India,Pescatarian,114,Electric,1,46,None,19.7,3,0,9.5,0,3.876
USA,Omnivore,463,Heat Pump,2,66,Petrol,13.6,1,1,10.0,17,5.852
China,Heavy Meat,308,Natural Gas,3,39,Petrol,33.0,3,1,12.4,64,7.514
China,Pescatarian,676,Electric,2,51,Hybrid,0.1,1,1,14.1,64,6.951
Indonesia,Pescatarian,498,Natural Gas,2,43,Diesel,19.1,0,0,4.1,28,6.859
Russia,Omnivore,411,Heat Pump,4,25,Diesel,30.2,2,1,5.8,30,4.443
Norway,Omnivore,334,Wood,6,91,Diesel,8.1,3,0,5.2,15,1.81
USA,Heavy Meat,570,Natural Gas,3,15,None,4.3,2,1,5.6,69,6.071
India,Omnivore,139,Heat Pump,1,73,None,3.7,6,0,2.7,0,6.411
Mexico,Omnivore,255,Oil,4,0,Hybrid,70.4,2,1,3.8,48,5.024
Canada,Omnivore,526,Natural Gas,4,42,Petrol,16.4,4,0,9.7,20,4.763
USA,Omnivore,207,Heat Pump,6,46,Petrol,50.4,4,1,14.5,28,4.461
China,Omnivore,128,Wood,2,17,None,26.5,3,0,0.5,42,3.29
South Korea,Heavy Meat,330,Natural Gas,4,32,None,6.9,1,1,6.5,15,4.257
India,Heavy Meat,359,Natural Gas,3,23,Diesel,18.1,1,2,5.3,33,7.845
Germany,Omnivore,152,Wood,1,64,Diesel,13.3,2,1,3.6,12,6.541
Japan,Vegetarian,451,Electric,4,26,Petrol,7.5,2,0,0.6,0,3.506
France,Omnivore,400,Natural Gas,6,49,None,9.0,5,0,8.0,52,2.389
USA,Omnivore,245,Electric,3,46,Diesel,20.8,4,3,6.3,40,6.912
Poland,Omnivore,391,Electric,3,49,Petrol,3.2,1,0,0.9,46,4.276
Japan,Omnivore,212,Natural Gas,1,54,Petrol,62.6,4,2,4.8,32,14.806
Italy,Omnivore,350,Wood,6,66,Petrol,51.9,1,0,12.8,7,3.417
South Africa,Omnivore,579,Electric,4,49,Petrol,8.3,6,0,7.5,17,6.884
India,Vegetarian,252,Wood,5,18,None,18.8,3,1,4.0,33,3.184
South Africa,Pescatarian,571,Natural Gas,3,46,None,32.1,1,0,2.6,23,7.722
India,Vegetarian,277,Electric,2,29,Petrol,131.5,4,2,5.9,4,12.639
France,Omnivore,191,Natural Gas,2,60,EV,6.1,3,0,7.0,17,4.405
India,Vegetarian,380,Electric,4,72,Hybrid,11.0,2,1,5.1,55,4.851
Indonesia,Omnivore,578,Heat Pump,4,63,Diesel,37.4,3,1,10.2,10,7.14
China,Omnivore,105,Electric,4,34,Diesel,8.0,3,1,4.0,0,4.244
UK,Heavy Meat,79,Wood,3,28,EV,7.6,5,1,16.6,40,4.35
China,Heavy Meat,411,Natural Gas,3,40,None,1.1,2,0,0.2,8,6.288
India,Vegetarian,327,Oil,6,57,EV,11.8,2,3,1.3,20,5.03
France,Pescatarian,553,Heat Pump,6,39,Diesel,60.0,4,0,6.5,64,3.008
Sweden,Heavy Meat,369,Oil,1,0,None,10.4,1,0,2.5,0,9.138
India,Omnivore,366,Electric,3,21,None,1.6,3,2,1.2,51,7.425
Brazil,Omnivore,183,Natural Gas,2,72,Diesel,21.5,2,0,15.1,52,3.957
Germany,Omnivore,391,Natural Gas,3,12,Diesel,20.5,2,0,5.3,15,4.878
India,Heavy Meat,242,Natural Gas,3,20,EV,97.4,1,0,2.7,18,4.665
France,Omnivore,411,Electric,2,0,Diesel,5.4,4,0,5.6,0,3.381
USA,Omnivore,254,Natural Gas,4,37,EV,0.9,4,1,12.9,27,4.408
Germany,Pescatarian,297,Oil,4,38,None,2.5,1,0,0.5,49,3.678
Poland,Heavy Meat,353,Wood,2,38,None,5.0,2,0,6.1,22,4.883
India,Omnivore,376,Heat Pump,2,4,Petrol,0.9,2,0,9.2,33,6.208
Germany,Omnivore,154,Oil,3,71,None,10.9,1,0,0.2,9,3.332
Brazil,Omnivore,399,Heat Pump,2,21,None,4.2,3,0,1.4,16,2.468
India,Omnivore,152,Electric,1,76,Petrol,15.0,1,3,1.7,32,10.564
South Africa,Heavy Meat,262,Oil,4,19,None,36.5,0,1,29.3,60,5.376
China,Omnivore,369,Natural Gas,3,7,None,3.5,1,2,0.5,22,7.418
China,Omnivore,153,Wood,1,0,Diesel,10.7,0,1,0.6,15,6.605
Japan,Vegetarian,234,Natural Gas,2,61,Petrol,3.6,2,1,0.6,37,4.808
Italy,Omnivore,203,Natural Gas,4,37,None,29.2,3,1,4.9,0,3.803
Sweden,Omnivore,276,Electric,2,42,Petrol,6.5,1,3,0.1,58,6.512
South Korea,Heavy Meat,254,Natural Gas,1,49,EV,46.7,2,1,1.6,10,9.386
USA,Omnivore,455,Natural Gas,3,29,Diesel,10.6,1,1,0.0,46,6.068
Italy,Omnivore,350,Wood,2,36,Petrol,26.5,1,1,0.6,49,5.599
India,Omnivore,593,Electric,3,10,None,34.2,0,0,5.3,45,6.144
China,Pescatarian,385,Electric,1,39,Hybrid,8.6,1,0,0.2,43,6.933
Brazil,Heavy Meat,204,Natural Gas,5,17,Diesel,7.9,2,0,3.3,56,1.547
Nigeria,Vegetarian,213,Electric,6,56,Petrol,22.4,2,1,0.4,46,3.192
Mexico,Vegan,272,Natural Gas,4,0,Diesel,14.6,2,1,2.8,45,3.641
UK,Omnivore,236,Natural Gas,3,40,None,15.5,3,2,1.8,6,5.441
China,Omnivore,420,Natural Gas,4,13,Hybrid,34.8,1,0,7.9,31,5.6
Poland,Vegan,247,Electric,1,50,Petrol,11.0,2,0,5.0,47,5.596
Italy,Heavy Meat,269,Wood,2,8,Diesel,18.8,0,1,1.2,16,5.209
India,Omnivore,318,Natural Gas,3,49,None,4.5,3,1,2.0,56,5.669
Mexico,Omnivore,347,Oil,5,0,Petrol,21.6,1,0,7.4,13,3.608
UK,Omnivore,112,Electric,5,41,None,41.8,3,3,0.1,3,4.408
India,Omnivore,277,Wood,2,71,Petrol,7.8,4,1,2.5,10,6.44
USA,Vegetarian,226,Natural Gas,2,61,EV,19.6,1,0,1.0,12,4.319
China,Omnivore,774,Wood,1,25,Diesel,24.8,3,0,0.2,13,11.478
China,Vegan,344,Wood,2,50,None,5.3,1,1,6.7,45,3.825
South Africa,Heavy Meat,317,Electric,3,72,Petrol,3.2,1,0,2.4,18,4.449
USA,Omnivore,132,Natural Gas,2,0,Petrol,4.6,1,1,4.8,10,6.194
USA,Omnivore,519,Wood,3,80,Petrol,25.0,3,0,0.8,8,5.228
UK,Omnivore,413,Natural Gas,2,51,Petrol,15.2,2,0,2.3,13,5.006
France,Omnivore,398,Electric,3,26,Petrol,23.0,1,1,1.6,31,3.855
China,Omnivore,204,Oil,6,21,Diesel,18.3,2,2,6.1,51,6.199
Poland,Omnivore,520,Oil,4,41,None,127.6,3,1,3.3,17,7.257
Brazil,Heavy Meat,298,Oil,2,60,Petrol,27.6,2,2,7.0,46,6.248
South Korea,Pescatarian,340,Electric,4,48,Petrol,43.9,1,0,1.0,61,4.394
China,Vegetarian,520,Oil,2,44,None,1.7,0,0,7.6,20,7.521
China,Heavy Meat,212,Natural Gas,5,96,Hybrid,12.7,2,0,1.0,25,3.857
Australia,Heavy Meat,377,Wood,4,77,Petrol,6.9,3,2,0.1,36,5.861
Germany,Pescatarian,538,Heat Pump,3,96,None,33.5,2,0,13.8,17,3.279
China,Omnivore,129,Natural Gas,2,29,None,28.6,3,0,2.4,25,5.588
Canada,Omnivore,184,Natural Gas,6,75,None,49.1,3,2,2.5,57,4.121
Brazil,Heavy Meat,580,Natural Gas,2,24,None,24.4,1,0,1.3,11,2.89
India,Vegetarian,226,Natural Gas,3,56,Petrol,1.8,3,1,1.8,0,4.18
Germany,Omnivore,297,Natural Gas,5,22,Petrol,16.6,1,1,7.7,33,4.839
Nigeria,Omnivore,297,Electric,3,51,Petrol,3.5,2,0,7.1,32,3.858
China,Vegetarian,423,Oil,3,20,None,35.3,1,0,1.8,1,5.444
Russia,Omnivore,201,Natural Gas,3,84,Petrol,9.9,1,0,0.0,31,4.938
France,Omnivore,461,Natural Gas,4,62,None,0.6,2,0,4.6,35,3.113
USA,Heavy Meat,322,Electric,1,48,Petrol,30.6,0,0,3.5,14,7.44
USA,Omnivore,272,Natural Gas,5,0,Petrol,18.8,1,0,9.7,0,3.579
Nigeria,Vegan,223,Oil,3,75,Petrol,26.1,3,2,7.4,15,5.268
USA,Omnivore,209,Natural Gas,4,41,None,6.8,2,0,6.7,37,3.778
South Korea,Heavy Meat,232,Wood,4,58,Diesel,10.5,2,2,4.4,16,5.089
UK,Omnivore,235,Oil,3,57,Petrol,10.2,2,0,6.2,0,4.377
Brazil,Pescatarian,840,Natural Gas,4,30,None,6.5,3,1,4.5,23,3.319
India,Omnivore,293,Electric,3,23,Petrol,1.8,3,2,13.3,28,6.162
India,Omnivore,200,Natural Gas,1,62,Diesel,36.5,0,0,0.0,33,7.673
China,Omnivore,220,Oil,3,25,Diesel,9.4,1,0,1.0,16,6.123
USA,Omnivore,745,Electric,4,43,Diesel,71.4,4,1,10.0,48,7.3
India,Omnivore,228,Heat Pump,2,61,Diesel,3.6,1,0,3.3,19,4.65
China,Omnivore,355,Electric,2,20,Hybrid,3.6,1,0,4.7,31,4.923
Germany,Heavy Meat,1200,Wood,3,69,None,5.3,2,2,21.3,32,7.458
Canada,Heavy Meat,306,Heat Pump,4,48,Hybrid,8.9,1,1,0.3,40,3.771
UK,Omnivore,444,Electric,2,24,Petrol,5.9,2,0,10.5,10,3.57
China,Heavy Meat,202,Oil,2,56,Petrol,51.1,1,1,3.0,0,10.467
Germany,Heavy Meat,634,Wood,4,2,Diesel,4.1,1,2,0.9,40,4.942
Germany,Omnivore,171,Heat Pump,4,24,None,10.6,2,0,7.4,89,2.168
Indonesia,Omnivore,279,Electric,3,50,Diesel,8.3,3,0,2.1,13,4.114
Mexico,Heavy Meat,138,Oil,2,67,Hybrid,47.3,3,4,5.1,40,9.118
China,Omnivore,473,Natural Gas,3,69,Petrol,5.9,2,0,11.5,24,6.679
USA,Heavy Meat,377,Natural Gas,5,15,Diesel,7.6,2,0,9.6,45,3.828
Australia,Omnivore,241,Natural Gas,4,12,Petrol,12.5,0,1,4.1,0,3.824
China,Omnivore,279,Electric,3,77,Hybrid,7.3,2,0,9.7,0,3.945
Indonesia,Omnivore,330,Natural Gas,4,39,EV,1.2,3,1,2.5,17,3.971
India,Omnivore,291,Electric,3,20,Petrol,2.2,2,2,9.2,28,6.336
Mexico,Vegan,129,Heat Pump,1,71,None,8.0,2,2,1.3,32,5.843
Brazil,Omnivore,234,Natural Gas,2,0,Petrol,20.8,2,0,0.9,0,3.94
UK,Omnivore,245,Natural Gas,2,52,Hybrid,22.3,1,0,0.8,34,5.124
China,Omnivore,164,Electric,4,53,Diesel,12.0,2,2,7.2,5,4.341
Sweden,Omnivore,256,Electric,3,25,Hybrid,48.3,4,0,7.0,44,4.187
South Africa,Heavy Meat,387,Electric,6,50,None,30.0,2,0,2.7,31,3.582
Mexico,Pescatarian,393,Electric,3,29,Petrol,5.6,2,0,4.9,5,3.344
China,Pescatarian,433,Natural Gas,1,45,None,15.0,3,1,2.5,32,11.356
South Korea,Omnivore,483,Electric,2,39,Hybrid,6.5,2,1,6.3,38,6.004
Norway,Heavy Meat,233,Natural Gas,2,60,Petrol,47.5,1,1,0.4,35,8.117
Sweden,Omnivore,184,Electric,3,25,Petrol,3.0,3,0,1.1,32,2.326
USA,Omnivore,294,Oil,2,74,Diesel,33.6,2,2,10.4,21,8.759
South Africa,Heavy Meat,480,Natural Gas,1,28,Hybrid,3.3,0,1,3.1,4,13.245
USA,Omnivore,478,Wood,4,50,Hybrid,2.5,4,2,0.7,28,4.952
China,Vegetarian,485,Natural Gas,1,45,EV,37.3,1,1,0.7,24,11.256
USA,Vegetarian,597,Electric,4,34,Diesel,26.6,0,0,10.5,6,3.437
India,Omnivore,292,Oil,1,21,Petrol,4.2,0,0,11.9,7,6.706
UK,Omnivore,201,Electric,4,15,Petrol,30.5,2,1,2.0,10,4.486
India,Heavy Meat,592,Natural Gas,3,0,Hybrid,39.6,2,0,3.2,0,7.543
Poland,Omnivore,192,Heat Pump,6,30,None,12.3,3,1,5.4,13,3.567
UK,Omnivore,146,Oil,6,41,Petrol,3.2,2,1,0.3,42,3.214
USA,Omnivore,179,Natural Gas,6,65,Petrol,5.1,1,2,2.1,14,4.097
China,Vegan,181,Natural Gas,3,17,Petrol,20.3,0,1,11.9,60,5.537
China,Pescatarian,280,Heat Pump,2,55,Petrol,17.7,3,1,7.7,25,5.466
India,Omnivore,558,Electric,4,100,Petrol,24.6,0,2,10.5,78,6.923
USA,Omnivore,425,Natural Gas,3,0,Petrol,17.2,4,1,4.6,0,6.319
China,Omnivore,300,Heat Pump,2,62,None,15.5,2,0,5.3,31,4.016
China,Omnivore,467,Heat Pump,1,18,Petrol,22.3,3,1,3.7,29,10.558
UK,Heavy Meat,440,Wood,4,20,Hybrid,21.6,2,1,5.7,19,4.017
Nigeria,Vegetarian,201,Heat Pump,3,11,None,22.9,2,0,4.4,9,2.181
China,Omnivore,423,Natural Gas,3,40,Petrol,23.3,3,0,0.9,0,6.948
China,Vegetarian,279,Wood,3,0,Hybrid,4.7,2,0,8.2,27,3.416
Mexico,Omnivore,306,Electric,4,23,Petrol,1.4,3,1,7.5,36,4.355
Germany,Omnivore,277,Oil,2,4,Petrol,21.8,1,1,7.8,0,7.442
USA,Vegetarian,601,Natural Gas,4,66,Hybrid,22.0,0,1,2.3,15,4.342
China,Omnivore,547,Oil,2,28,Diesel,25.5,0,2,7.9,8,11.65
Russia,Omnivore,424,Natural Gas,1,34,Petrol,11.5,2,0,1.5,32,9.912
Norway,Heavy Meat,173,Wood,4,0,Hybrid,12.4,3,0,4.0,4,2.387
India,Vegan,250,Natural Gas,4,45,None,31.5,3,1,0.3,38,3.705
China,Heavy Meat,261,Natural Gas,1,34,None,16.3,3,2,2.4,61,13.115
China,Heavy Meat,423,Heat Pump,6,20,Petrol,10.3,1,1,0.2,10,4.644
France,Vegan,289,Electric,2,83,Hybrid,19.1,1,2,4.8,39,4.338
Germany,Heavy Meat,337,Electric,2,27,EV,10.2,1,0,1.0,2,4.173
China,Omnivore,399,Heat Pump,4,0,Diesel,50.7,2,0,1.2,31,5.446
Indonesia,Omnivore,195,Electric,4,67,EV,6.5,1,1,2.5,13,3.736
China,Omnivore,168,Heat Pump,1,0,EV,7.8,3,1,1.3,42,7.119
Italy,Pescatarian,406,Oil,3,31,Hybrid,14.9,4,2,9.6,47,6.296
South Korea,Omnivore,195,Electric,4,64,Petrol,7.0,1,1,13.7,36,2.77
USA,Heavy Meat,621,Natural Gas,1,0,Diesel,16.0,1,2,3.0,17,12.635
Nigeria,Omnivore,225,Natural Gas,5,59,Hybrid,1.6,1,1,3.4,19,2.325
Italy,Omnivore,182,Oil,2,4,Hybrid,21.7,0,1,0.4,21,5.97
USA,Omnivore,163,Wood,1,49,Diesel,6.4,2,0,6.5,16,5.543
Germany,Omnivore,143,Electric,4,11,Hybrid,15.8,1,2,0.3,49,4.441
Australia,Vegetarian,172,Heat Pump,3,3,Hybrid,0.1,0,0,6.4,35,1.963
USA,Heavy Meat,576,Natural Gas,2,45,None,29.6,1,0,2.0,22,6.344
USA,Pescatarian,479,Electric,3,1,Diesel,0.7,3,0,2.8,0,3.67
China,Omnivore,187,Electric,3,7,Hybrid,2.0,1,0,1.4,37,2.963
Australia,Pescatarian,259,Natural Gas,1,34,Hybrid,45.7,1,1,11.9,51,8.974
India,Omnivore,275,Oil,5,31,Diesel,18.6,3,0,1.2,2,3.203
South Africa,Pescatarian,106,Electric,3,52,Petrol,24.7,5,1,8.7,77,4.838
China,Omnivore,226,Natural Gas,2,25,Petrol,5.2,3,2,2.9,19,9.04
Brazil,Omnivore,275,Natural Gas,2,12,Petrol,7.3,0,1,3.2,42,4.276
South Africa,Heavy Meat,488,Electric,1,33,Petrol,12.3,4,0,4.5,43,11.476
India,Pescatarian,439,Wood,2,15,None,1.7,9,2,6.7,25,9.343
Poland,Heavy Meat,347,Electric,3,67,Petrol,11.0,4,0,13.4,56,5.008
Japan,Omnivore,351,Oil,3,48,Diesel,30.7,1,0,4.9,15,5.982
UK,Omnivore,209,Natural Gas,3,37,Diesel,7.8,2,0,0.3,0,3.972
Japan,Vegetarian,206,Natural Gas,3,28,Diesel,19.9,3,0,9.2,47,4.096
USA,Vegan,560,Electric,6,0,Diesel,23.9,1,2,2.1,0,3.773
Japan,Vegetarian,290,Electric,4,0,Petrol,5.1,3,0,3.7,17,2.901
Mexico,Vegetarian,159,Wood,3,13,Petrol,3.2,1,0,0.0,58,1.989
South Africa,Heavy Meat,302,Electric,2,16,Petrol,22.3,0,1,4.8,22,7.745
Mexico,Omnivore,188,Electric,3,52,Petrol,29.2,2,0,4.5,32,3.802
Sweden,Omnivore,322,Electric,3,57,Diesel,26.3,1,0,1.2,19,3.639
Germany,Omnivore,293,Natural Gas,4,69,Petrol,40.3,1,0,1.7,32,4.39
Italy,Omnivore,359,Heat Pump,1,0,Diesel,12.1,2,0,0.6,51,5.695
India,Omnivore,194,Oil,4,4,Hybrid,7.8,4,2,2.3,12,4.995
India,Omnivore,222,Oil,4,70,Petrol,2.5,1,0,2.9,32,3.492
France,Omnivore,209,Natural Gas,2,57,Petrol,27.5,2,1,8.6,73,7.156
Sweden,Vegetarian,232,Natural Gas,2,16,Petrol,13.3,4,0,2.6,49,5.059
India,Omnivore,457,Heat Pump,1,81,Petrol,7.3,0,0,4.3,20,9.158
China,Heavy Meat,286,Natural Gas,3,22,Diesel,12.1,1,1,2.8,19,7.258
South Korea,Omnivore,304,Electric,6,44,Petrol,31.5,1,0,2.1,46,2.645
South Korea,Pescatarian,226,Electric,6,26,Diesel,6.3,1,0,4.6,15,1.604
China,Heavy Meat,207,Natural Gas,3,0,None,8.7,1,0,0.7,42,5.047
USA,Omnivore,253,Natural Gas,2,59,EV,37.2,1,0,6.6,27,4.833
China,Vegetarian,342,Natural Gas,1,12,None,2.7,4,1,2.4,48,10.676
Brazil,Vegan,427,Natural Gas,2,29,Petrol,8.6,5,2,20.1,29,5.281
UK,Omnivore,483,Electric,4,49,Petrol,44.0,2,2,4.3,16,5.394
Indonesia,Vegan,498,Oil,4,52,Petrol,14.6,2,2,3.8,27,5.933
Sweden,Omnivore,117,Heat Pump,2,13,Diesel,28.5,5,1,0.5,30,5.392
India,Heavy Meat,166,Oil,4,58,None,18.4,1,2,5.8,5,4.79
China,Omnivore,129,Wood,1,7,Diesel,1.2,0,1,0.2,16,5.975
Nigeria,Omnivore,191,Wood,1,74,Diesel,6.1,2,0,5.1,18,5.37
China,Omnivore,82,Natural Gas,4,40,Petrol,37.2,4,0,11.6,29,5.339
Japan,Heavy Meat,79,Natural Gas,3,30,None,17.9,3,0,7.5,18,4.189
Germany,Omnivore,453,Electric,3,25,Petrol,20.3,3,1,1.8,0,5.037
South Korea,Pescatarian,202,Oil,4,47,Diesel,31.2,3,2,1.3,1,6.628
India,Omnivore,168,Natural Gas,3,75,None,4.2,1,0,1.3,22,3.214
India,Heavy Meat,629,Heat Pump,2,30,Hybrid,34.8,4,0,4.5,0,9.785
South Africa,Omnivore,934,Heat Pump,5,17,None,83.8,2,0,10.8,37,7.021
Nigeria,Vegetarian,306,Electric,3,43,Diesel,32.5,2,0,7.1,17,4.093
India,Heavy Meat,200,Heat Pump,2,21,Petrol,61.4,2,1,5.1,52,8.621
South Africa,Heavy Meat,554,Natural Gas,2,23,EV,11.8,3,1,10.8,26,10.632
Norway,Omnivore,442,Electric,5,36,None,15.7,3,0,7.7,57,2.137
USA,Vegetarian,175,Natural Gas,4,0,Diesel,46.8,2,0,2.3,55,3.605
Indonesia,Omnivore,426,Natural Gas,2,30,Petrol,2.6,4,0,17.9,28,5.63
India,Omnivore,187,Natural Gas,1,22,Hybrid,59.1,7,0,0.5,15,9.899
China,Omnivore,160,Oil,5,63,Hybrid,14.8,2,0,13.4,25,4.644
France,Vegan,156,Natural Gas,4,56,Diesel,8.6,6,1,11.5,41,3.344
Mexico,Omnivore,244,Oil,4,43,Petrol,0.4,2,0,0.8,8,3.045
India,Vegetarian,278,Natural Gas,3,69,Hybrid,2.6,4,1,0.7,0,5.493
India,Omnivore,489,Natural Gas,4,43,None,25.2,3,1,2.2,15,5.195
Sweden,Heavy Meat,665,Natural Gas,6,15,Petrol,49.3,1,3,9.0,28,7.077
France,Omnivore,340,Wood,1,36,None,38.2,0,1,3.3,22,5.249
India,Omnivore,354,Wood,4,16,Petrol,30.7,3,0,7.4,15,5.231
India,Heavy Meat,295,Oil,1,38,Hybrid,19.1,5,1,3.1,0,10.916
UK,Omnivore,234,Wood,3,13,EV,28.0,0,2,3.9,41,5.239
Nigeria,Omnivore,245,Electric,2,4,Petrol,2.5,1,4,4.5,21,7.711
India,Omnivore,164,Wood,1,63,Petrol,5.2,3,0,1.3,47,6.075
USA,Omnivore,446,Oil,2,35,Hybrid,42.6,6,0,1.5,18,7.861
Russia,Vegetarian,181,Oil,3,9,EV,10.3,2,1,6.9,2,5.628
USA,Omnivore,299,Oil,2,14,Diesel,38.9,2,0,0.0,31,7.105
Japan,Pescatarian,177,Electric,4,9,Diesel,26.7,4,3,7.1,40,6.345
Brazil,Heavy Meat,345,Electric,1,45,Petrol,45.9,1,1,4.1,20,8.604
USA,Omnivore,399,Natural Gas,2,90,None,46.4,2,0,4.0,0,5.344
UK,Omnivore,276,Heat Pump,6,89,None,17.4,2,0,6.5,28,1.821
Norway,Omnivore,356,Natural Gas,4,8,Petrol,19.9,2,0,0.1,26,4.581
India,Heavy Meat,232,Electric,3,41,Hybrid,2.0,3,0,4.9,18,4.565
UK,Omnivore,185,Natural Gas,2,50,Diesel,5.8,1,0,2.4,0,4.505
Norway,Omnivore,299,Natural Gas,4,0,Diesel,1.4,2,0,1.0,0,3.245
Brazil,Heavy Meat,245,Electric,4,8,Petrol,20.1,1,1,2.5,28,3.669
Australia,Pescatarian,280,Natural Gas,1,3,Hybrid,29.7,2,2,4.3,0,10.699
India,Omnivore,261,Oil,3,42,Diesel,10.0,1,0,1.8,0,4.491
Norway,Omnivore,163,Natural Gas,3,88,Petrol,9.8,2,1,0.1,0,5.418
Japan,Omnivore,271,Electric,3,54,None,26.7,1,0,5.4,55,3.168
India,Omnivore,511,Natural Gas,2,38,Diesel,42.6,2,1,9.1,25,10.065
India,Heavy Meat,198,Oil,1,56,None,11.8,0,0,1.7,45,6.356
China,Omnivore,678,Electric,1,47,None,11.5,3,1,11.0,31,10.474
Russia,Vegan,216,Wood,2,12,Petrol,34.7,1,1,8.8,0,4.972
India,Omnivore,350,Oil,3,57,None,12.3,1,0,4.1,0,4.241
USA,Omnivore,422,Natural Gas,4,20,None,53.2,2,0,1.5,0,4.04
Japan,Omnivore,421,Wood,4,63,EV,1.4,1,1,20.4,1,3.969
UK,Heavy Meat,317,Oil,2,7,Diesel,15.1,1,1,6.6,0,6.841
Russia,Vegetarian,197,Heat Pump,3,53,Diesel,1.3,1,2,2.3,18,3.894
China,Omnivore,244,Electric,4,14,Hybrid,4.8,1,1,15.5,14,3.985
India,Vegetarian,426,Electric,1,9,Petrol,23.6,2,0,2.7,0,10.031
Mexico,Omnivore,214,Oil,5,22,Petrol,0.1,3,0,0.8,45,2.64
UK,Omnivore,293,Natural Gas,5,80,Petrol,3.7,0,1,15.4,60,3.532
Canada,Omnivore,489,Electric,2,29,Diesel,7.4,3,0,3.1,27,4.039
Japan,Omnivore,491,Heat Pump,3,41,None,39.5,0,2,14.1,3,5.567
India,Omnivore,137,Electric,4,52,Petrol,0.9,4,0,11.8,55,2.577
UK,Omnivore,282,Natural Gas,3,5,Diesel,13.7,1,0,2.0,33,3.967
China,Pescatarian,498,Natural Gas,2,34,Hybrid,5.1,1,0,11.2,0,6.712
Sweden,Omnivore,200,Oil,3,53,Petrol,26.7,4,1,0.2,25,6.997
China,Omnivore,599,Oil,3,33,None,7.3,2,0,2.2,29,7.274
Japan,Omnivore,502,Natural Gas,4,45,None,12.6,6,1,11.0,49,5.671
Germany,Heavy Meat,304,Natural Gas,3,63,Petrol,22.1,2,2,5.0,7,6.944
Japan,Omnivore,253,Oil,2,57,Petrol,2.3,1,2,4.0,16,7.93
USA,Heavy Meat,350,Natural Gas,1,79,EV,30.0,1,1,18.4,9,9.226
China,Omnivore,143,Natural Gas,4,57,Petrol,24.2,2,0,1.9,12,4.512
Germany,Vegan,421,Natural Gas,4,40,Diesel,49.0,4,0,5.6,44,4.792
Indonesia,Omnivore,321,Electric,4,16,Petrol,34.3,0,1,5.5,17,5.484
Germany,Omnivore,217,Oil,1,80,Petrol,47.5,0,1,11.7,1,11.361
South Korea,Omnivore,116,Natural Gas,4,22,Petrol,2.8,1,0,11.7,31,2.984
Italy,Omnivore,343,Natural Gas,2,0,Petrol,1.0,1,1,7.8,57,5.757
UK,Heavy Meat,458,Wood,1,20,Diesel,10.9,4,0,8.1,30,6.83
Germany,Vegetarian,233,Heat Pump,4,54,Petrol,11.9,3,1,4.2,48,3.793
China,Omnivore,81,Natural Gas,2,74,EV,14.4,3,0,0.9,59,5.347
South Africa,Vegetarian,16,Natural Gas,3,20,Diesel,18.3,2,2,3.4,24,5.503
Australia,Heavy Meat,277,Heat Pump,2,43,Hybrid,1.0,1,1,6.1,14,5.796
Japan,Omnivore,250,Wood,2,29,Petrol,25.5,3,0,1.0,24,4.926
Italy,Omnivore,245,Natural Gas,2,100,Hybrid,15.0,3,3,19.4,48,7.969
USA,Omnivore,141,Natural Gas,1,60,Petrol,38.8,3,0,0.5,6,8.91
UK,Heavy Meat,362,Natural Gas,3,75,Petrol,13.2,1,1,4.0,0,5.031
India,Omnivore,213,Electric,2,31,Petrol,0.4,2,0,0.1,22,4.646
Russia,Omnivore,515,Natural Gas,3,5,None,58.5,3,1,1.5,37,6.86
Sweden,Omnivore,261,Natural Gas,3,48,Petrol,8.1,4,0,5.7,1,4.44
France,Vegetarian,168,Natural Gas,3,54,Petrol,7.4,1,0,2.4,0,2.687
USA,Omnivore,400,Natural Gas,3,9,Hybrid,6.2,3,2,1.3,14,6.928
India,Vegan,104,Electric,4,0,Petrol,19.6,1,2,1.6,0,3.698
China,Heavy Meat,510,Electric,6,35,None,13.2,1,1,6.2,7,3.255
China,Heavy Meat,498,Natural Gas,3,31,None,20.8,2,0,0.8,23,5.86
India,Omnivore,429,Natural Gas,2,40,Petrol,4.0,1,0,0.5,27,5.86
China,Pescatarian,590,Electric,4,64,Hybrid,1.4,2,0,5.0,5,3.638
Germany,Omnivore,470,Oil,3,39,None,7.6,3,2,17.5,23,6.682
China,Heavy Meat,333,Natural Gas,1,20,Petrol,3.5,6,0,1.2,26,11.532
USA,Omnivore,64,Natural Gas,3,27,Diesel,17.9,0,2,0.4,0,5.874
China,Heavy Meat,525,Natural Gas,2,3,None,8.1,2,2,4.2,15,10.05
Canada,Omnivore,239,Oil,2,54,Hybrid,12.0,4,1,0.7,13,7.661
Brazil,Heavy Meat,351,Natural Gas,2,49,None,12.6,1,2,13.3,5,5.25
China,Omnivore,235,Oil,4,51,Petrol,12.1,3,0,0.2,0,5.516
China,Vegan,490,Natural Gas,3,0,Petrol,0.4,1,2,3.5,26,6.89
Nigeria,Omnivore,340,Electric,2,45,Petrol,11.8,2,1,1.0,5,6.262
Brazil,Omnivore,745,Natural Gas,5,67,Petrol,21.7,2,1,4.3,40,3.199
Brazil,Omnivore,190,Oil,4,21,Petrol,6.6,1,1,2.1,15,2.81
Germany,Pescatarian,198,Electric,5,45,None,3.2,0,3,0.0,48,3.9
Mexico,Vegetarian,291,Natural Gas,4,28,Diesel,13.9,2,1,0.3,34,3.458
India,Omnivore,69,Heat Pump,2,76,Petrol,15.0,2,0,0.9,31,3.385
USA,Heavy Meat,142,Heat Pump,3,51,EV,22.2,2,1,8.2,33,3.877
Russia,Heavy Meat,311,Natural Gas,1,42,Diesel,77.6,1,1,3.3,28,15.089
USA,Vegan,153,Electric,4,32,None,17.9,2,1,0.9,19,2.39
Indonesia,Omnivore,324,Natural Gas,4,2,None,25.5,2,2,4.4,36,4.696
Brazil,Omnivore,265,Natural Gas,2,57,Petrol,4.1,1,2,2.8,39,5.14
South Korea,Vegetarian,314,Heat Pump,3,53,Diesel,11.6,2,0,4.1,30,2.687
China,Omnivore,232,Oil,2,40,Petrol,10.7,3,1,13.8,42,9.02
Australia,Pescatarian,447,Electric,2,59,Petrol,10.8,4,1,4.1,25,7.202
USA,Heavy Meat,314,Natural Gas,3,33,None,8.8,3,0,5.2,23,4.08
India,Omnivore,485,Wood,6,12,Petrol,10.1,1,0,2.4,16,3.874
South Africa,Omnivore,257,Electric,2,35,Diesel,60.9,2,2,14.2,0,10.162
USA,Omnivore,247,Natural Gas,5,40,EV,82.5,4,0,5.7,59,3.894
USA,Omnivore,326,Electric,2,30,Diesel,2.6,1,1,0.9,56,5.351
India,Vegan,389,Heat Pump,3,45,Hybrid,18.4,0,0,0.8,0,4.159
Germany,Heavy Meat,82,Natural Gas,2,58,Diesel,1.6,3,0,3.9,15,5.137
Japan,Omnivore,386,Electric,3,61,Diesel,10.0,1,3,0.5,31,6.696
China,Heavy Meat,475,Wood,4,38,Petrol,16.6,1,1,6.0,69,5.377
India,Vegetarian,135,Oil,4,45,Petrol,27.1,2,1,0.6,21,4.277
Norway,Heavy Meat,371,Natural Gas,3,16,Petrol,12.5,5,0,3.6,0,5.146
Germany,Vegan,357,Natural Gas,2,44,Petrol,55.3,0,0,11.2,2,6.26
UK,Omnivore,404,Natural Gas,4,27,Petrol,1.4,5,2,9.3,75,4.972
France,Omnivore,184,Natural Gas,6,65,None,69.6,2,1,0.6,10,2.554
Canada,Pescatarian,150,Natural Gas,4,28,Diesel,3.6,2,1,1.9,58,4.216
Canada,Vegetarian,512,Wood,4,62,Hybrid,34.1,1,2,1.3,22,3.51
India,Pescatarian,208,Natural Gas,2,60,EV,21.2,1,0,1.5,57,4.214
India,Heavy Meat,74,Electric,3,28,Petrol,37.5,2,3,0.2,41,7.023
India,Vegetarian,156,Natural Gas,4,16,Petrol,18.4,0,0,0.5,1,2.328
USA,Heavy Meat,518,Natural Gas,3,34,Diesel,22.2,2,2,9.5,20,7.956
USA,Omnivore,308,Natural Gas,4,45,None,12.2,3,0,3.5,11,3.922
Canada,Omnivore,55,Natural Gas,3,9,Hybrid,23.4,0,1,5.2,0,5.366
Australia,Pescatarian,164,Oil,3,43,Petrol,2.4,2,1,0.4,22,3.814
South Africa,Heavy Meat,433,Oil,1,12,Hybrid,6.5,4,2,2.3,15,16.723
India,Heavy Meat,167,Natural Gas,1,50,Petrol,9.3,0,0,4.6,13,6.394
Russia,Omnivore,804,Heat Pump,2,44,Petrol,16.6,1,1,1.8,0,6.668
Germany,Omnivore,378,Natural Gas,3,91,None,2.9,0,2,2.5,15,5.846
UK,Heavy Meat,768,Oil,4,0,Diesel,26.4,0,0,11.9,31,5.025
Russia,Omnivore,201,Heat Pump,2,100,None,1.6,2,0,2.6,19,3.144
UK,Heavy Meat,298,Natural Gas,2,73,Petrol,30.3,3,1,0.2,8,7.405
Italy,Pescatarian,184,Heat Pump,3,45,EV,2.6,1,1,6.9,0,3.464
Mexico,Omnivore,225,Oil,6,61,Hybrid,9.2,1,1,11.9,38,3.198
Germany,Vegetarian,383,Natural Gas,4,42,Petrol,10.1,3,0,5.1,10,3.602
Mexico,Heavy Meat,387,Heat Pump,4,39,Petrol,163.0,0,1,0.1,45,9.421
Sweden,Vegan,556,Oil,1,40,Diesel,55.9,3,0,13.0,33,10.247
Germany,Omnivore,149,Natural Gas,4,57,Diesel,7.0,2,0,1.5,32,3.472
Germany,Omnivore,183,Heat Pump,4,21,Hybrid,15.3,2,0,0.1,23,3.063
India,Omnivore,293,Heat Pump,1,52,EV,8.2,0,1,18.5,27,8.405
France,Heavy Meat,232,Wood,2,69,Petrol,26.1,2,0,0.5,22,4.295
China,Omnivore,245,Electric,3,37,None,1.2,1,1,0.4,25,4.635
India,Vegetarian,462,Heat Pump,3,55,Petrol,58.5,0,2,0.9,58,8.899
South Korea,Omnivore,343,Electric,4,49,EV,0.1,1,1,0.4,26,3.793
China,Vegetarian,376,Electric,4,0,None,30.3,3,1,1.2,59,3.862
France,Omnivore,163,Natural Gas,3,0,Hybrid,14.4,4,3,11.4,69,6.985
India,Omnivore,504,Natural Gas,2,59,Petrol,34.7,2,0,9.3,35,8.356
Germany,Heavy Meat,73,Electric,3,8,None,6.2,3,1,6.3,0,3.402
Norway,Omnivore,265,Electric,2,65,Hybrid,11.5,3,1,5.5,18,4.402
USA,Pescatarian,604,Natural Gas,3,15,None,1.9,1,1,4.2,49,5.087
Australia,Omnivore,400,Natural Gas,4,37,Petrol,10.3,2,0,0.5,58,4.058
Japan,Omnivore,123,Heat Pump,1,22,Petrol,0.5,2,3,2.2,5,9.49
India,Omnivore,211,Electric,1,23,Petrol,0.4,3,1,7.9,17,7.896
India,Pescatarian,351,Electric,4,29,Hybrid,4.6,0,2,2.4,28,4.612
India,Omnivore,521,Electric,3,57,EV,5.1,3,0,0.2,29,5.858
UK,Heavy Meat,423,Natural Gas,5,42,None,10.2,1,2,7.8,19,4.411
Germany,Heavy Meat,322,Oil,3,13,None,13.2,4,0,5.7,46,4.468
South Africa,Omnivore,82,Electric,5,42,None,27.5,1,1,7.6,50,2.68
France,Omnivore,460,Electric,2,55,None,14.7,4,0,1.5,17,3.499
India,Omnivore,170,Electric,1,71,Diesel,92.1,1,1,8.8,20,12.247
Sweden,Heavy Meat,237,Natural Gas,1,40,None,10.8,2,2,0.6,62,10.58
Mexico,Omnivore,181,Natural Gas,4,19,None,20.6,3,2,15.2,27,4.12
UK,Omnivore,503,Heat Pump,3,64,None,28.9,1,0,4.4,63,2.889
Poland,Pescatarian,156,Oil,2,66,Diesel,15.1,4,0,11.2,0,8.138
France,Omnivore,227,Oil,2,77,Petrol,38.1,1,0,1.5,13,5.902
South Africa,Omnivore,302,Electric,2,24,Petrol,59.2,2,2,0.7,45,10.998
India,Heavy Meat,156,Heat Pump,4,54,Diesel,11.3,2,0,0.2,0,3.729
China,Omnivore,498,Oil,5,67,Petrol,28.2,3,1,9.5,0,6.475
Russia,Heavy Meat,290,Natural Gas,4,26,Petrol,0.2,5,0,4.7,9,5.144
USA,Omnivore,603,Natural Gas,3,0,None,5.4,1,0,4.1,46,5.057
India,Omnivore,410,Natural Gas,4,58,Petrol,17.2,0,0,0.9,42,4.988
India,Vegetarian,127,Natural Gas,2,36,Hybrid,39.4,1,0,0.9,27,3.642
Germany,Omnivore,288,Natural Gas,3,42,Hybrid,15.0,2,1,1.6,49,5.234
Indonesia,Omnivore,220,Natural Gas,3,38,None,50.0,1,0,5.8,7,3.517
China,Omnivore,435,Electric,5,36,EV,4.9,2,1,0.8,34,4.167
India,Pescatarian,291,Natural Gas,4,40,None,3.4,1,2,0.3,8,4.586
India,Heavy Meat,412,Heat Pump,1,27,Petrol,0.0,3,1,1.5,23,10.671
India,Heavy Meat,360,Electric,3,68,EV,2.7,3,0,5.5,44,4.372
China,Vegan,124,Natural Gas,6,40,None,41.4,2,2,4.8,0,3.289
China,Omnivore,137,Oil,4,23,Petrol,4.3,0,1,0.7,34,5.076
USA,Heavy Meat,488,Oil,2,29,EV,1.8,2,1,0.8,27,7.312
Brazil,Omnivore,260,Natural Gas,5,36,Petrol,7.0,2,1,0.3,0,2.047
Japan,Omnivore,353,Natural Gas,3,47,Diesel,78.3,2,1,3.9,12,7.845
Japan,Omnivore,279,Electric,1,100,None,17.1,3,0,2.9,37,5.593
France,Vegetarian,293,Electric,3,64,Petrol,65.5,1,0,25.1,51,4.33
France,Heavy Meat,56,Natural Gas,2,77,None,22.5,2,0,5.7,38,4.358
India,Pescatarian,521,Electric,2,58,Petrol,17.2,2,0,6.3,46,7.375
Germany,Pescatarian,381,Natural Gas,1,55,None,7.7,4,0,1.1,45,7.742
China,Omnivore,420,Natural Gas,4,74,Hybrid,12.3,1,0,12.0,33,5.103
Poland,Omnivore,138,Electric,2,42,Petrol,23.8,1,2,1.8,21,7.1
South Africa,Omnivore,374,Natural Gas,3,49,Petrol,14.2,1,4,1.0,55,10.252
China,Omnivore,341,Electric,4,18,Hybrid,0.1,0,1,15.6,19,4.211
China,Omnivore,190,Electric,4,45,Petrol,24.2,1,0,9.5,0,3.307
South Africa,Omnivore,199,Natural Gas,6,49,Hybrid,22.9,0,1,0.4,28,3.874
Germany,Omnivore,729,Electric,5,43,EV,40.0,2,1,0.2,70,4.173
Japan,Omnivore,494,Wood,3,53,Petrol,20.4,2,1,5.0,0,5.708
Norway,Omnivore,211,Natural Gas,2,16,Diesel,23.7,2,0,1.3,2,5.324
China,Pescatarian,80,Wood,3,75,Diesel,5.9,3,0,12.3,16,2.414
China,Omnivore,109,Oil,6,22,Petrol,37.3,1,0,3.6,35,4.968
India,Vegetarian,328,Natural Gas,1,26,Diesel,22.9,0,1,4.7,52,8.871
India,Omnivore,121,Natural Gas,6,0,Diesel,37.0,1,0,4.3,37,3.519
Japan,Pescatarian,189,Natural Gas,3,22,None,51.1,1,3,10.9,67,5.892
Germany,Pescatarian,456,Natural Gas,2,31,Petrol,6.5,1,1,2.9,4,5.853
France,Heavy Meat,264,Electric,3,62,Petrol,17.3,2,3,8.3,14,5.825
China,Omnivore,498,Oil,5,27,Petrol,0.0,2,0,1.0,36,5.724
India,Omnivore,210,Oil,2,25,EV,36.3,2,1,1.0,21,5.649
Brazil,Heavy Meat,532,Electric,4,46,Hybrid,22.3,3,1,5.9,5,3.576
Indonesia,Pescatarian,653,Natural Gas,2,48,Petrol,1.5,2,2,5.7,1,8.6
Mexico,Omnivore,390,Natural Gas,1,42,Diesel,51.8,0,0,8.3,2,8.959
Norway,Omnivore,94,Wood,4,50,Hybrid,8.6,3,2,15.1,1,3.227
Sweden,Omnivore,161,Oil,1,66,Petrol,54.5,5,1,3.9,30,13.638
India,Omnivore,280,Natural Gas,5,20,Petrol,34.8,1,0,11.6,33,3.908
China,Heavy Meat,355,Natural Gas,5,47,Diesel,10.7,4,0,0.4,15,4.847
India,Vegan,306,Oil,3,84,Petrol,7.5,1,1,1.9,21,4.797
India,Heavy Meat,114,Natural Gas,1,70,None,1.9,3,2,0.2,49,9.315
China,Pescatarian,289,Wood,1,74,EV,21.2,2,0,3.8,36,5.569
South Africa,Omnivore,190,Wood,3,43,Diesel,4.6,3,0,2.2,3,3.605
Sweden,Omnivore,228,Wood,3,60,Diesel,16.6,3,0,12.3,11,3.065
India,Omnivore,434,Natural Gas,2,49,Hybrid,77.8,1,0,14.0,0,8.511
Mexico,Vegan,264,Natural Gas,2,39,EV,6.2,2,1,1.1,0,4.202
China,Omnivore,461,Natural Gas,3,10,Petrol,22.8,2,0,9.5,13,6.649
Germany,Omnivore,320,Natural Gas,5,83,EV,3.9,2,2,16.7,21,4.765
Germany,Pescatarian,258,Natural Gas,4,49,Hybrid,5.8,3,1,2.8,32,3.887
Nigeria,Omnivore,210,Wood,2,9,Hybrid,16.5,3,0,11.1,3,3.858
UK,Omnivore,613,Natural Gas,3,37,Hybrid,4.7,2,0,2.2,43,4.58
China,Omnivore,540,Wood,4,64,Petrol,12.5,3,2,1.4,0,6.231
South Korea,Omnivore,585,Oil,2,31,Hybrid,30.6,1,0,4.8,24,7.81
Italy,Heavy Meat,332,Electric,4,58,Diesel,11.1,0,0,5.9,30,3.466
China,Heavy Meat,240,Oil,2,53,None,17.3,4,1,11.7,0,9.009
South Africa,Omnivore,408,Heat Pump,4,48,Diesel,18.8,2,0,0.7,16,4.923
Mexico,Heavy Meat,137,Electric,4,61,None,8.6,5,3,9.5,26,5.317
India,Heavy Meat,351,Wood,5,53,Diesel,6.0,4,0,1.5,12,4.439
Mexico,Omnivore,144,Natural Gas,3,87,Diesel,8.1,1,1,8.2,25,3.527
Mexico,Heavy Meat,694,Wood,5,43,Petrol,31.0,1,0,4.9,54,4.633
Canada,Omnivore,131,Wood,1,38,Petrol,51.5,0,0,2.2,29,7.561
Poland,Omnivore,257,Wood,4,45,Petrol,7.2,1,0,3.8,0,3.407
Canada,Vegetarian,262,Oil,4,63,Petrol,73.6,1,0,8.8,56,6.532
Germany,Vegetarian,161,Electric,2,42,Diesel,13.8,2,2,0.1,0,5.504
India,Omnivore,284,Wood,4,36,Diesel,10.5,1,3,0.2,32,6.515
China,Omnivore,378,Oil,2,8,EV,69.0,3,1,23.9,3,9.604
China,Vegan,168,Electric,4,14,Petrol,19.7,4,1,5.6,32,3.577
India,Heavy Meat,233,Natural Gas,4,3,Petrol,10.5,3,0,6.8,19,3.966
Australia,Omnivore,435,Oil,2,50,Diesel,1.1,2,0,1.7,31,5.815
France,Omnivore,620,Oil,3,33,Petrol,64.0,2,0,11.3,4,6.667
China,Heavy Meat,121,Electric,3,76,Diesel,27.4,5,2,5.7,7,6.314
France,Omnivore,334,Electric,3,75,Diesel,37.8,1,0,0.5,24,3.327
India,Omnivore,37,Wood,3,36,Petrol,8.3,2,0,0.2,32,2.65
UK,Vegetarian,90,Natural Gas,3,44,Petrol,19.8,3,0,2.1,8,3.828
India,Omnivore,522,Natural Gas,4,27,Hybrid,9.5,0,2,3.8,37,6.178
India,Heavy Meat,301,Oil,1,23,Diesel,40.7,1,1,11.9,49,12.198
Nigeria,Vegan,754,Electric,3,54,Petrol,13.5,2,1,1.5,15,5.948
Australia,Heavy Meat,255,Heat Pump,1,17,None,39.7,4,2,4.2,38,10.826
France,Omnivore,268,Natural Gas,3,40,Petrol,25.2,4,1,11.2,18,5.136
India,Omnivore,307,Natural Gas,3,30,EV,84.8,1,0,1.3,14,4.391
Mexico,Omnivore,249,Natural Gas,3,13,Petrol,6.9,0,0,3.8,41,2.872
Italy,Omnivore,664,Heat Pump,4,27,Petrol,12.0,1,3,2.0,0,5.482
China,Heavy Meat,107,Natural Gas,1,48,EV,7.7,3,1,0.3,38,10.222
Brazil,Omnivore,131,Electric,1,61,Diesel,4.8,3,1,2.8,32,5.693
India,Heavy Meat,423,Electric,3,47,None,29.4,2,0,0.7,38,5.536
India,Pescatarian,442,Natural Gas,4,33,Petrol,2.3,2,0,4.5,3,4.451
China,Omnivore,162,Electric,2,32,Diesel,25.1,5,1,3.0,22,6.548
Brazil,Heavy Meat,378,Wood,4,24,Petrol,5.0,2,0,1.7,3,2.46
China,Heavy Meat,392,Electric,2,14,Petrol,3.7,1,0,0.1,11,5.756
China,Heavy Meat,161,Natural Gas,4,38,Diesel,0.1,3,0,2.9,49,4.821
China,Vegetarian,197,Electric,2,36,None,68.4,2,0,4.6,5,3.156
UK,Pescatarian,378,Oil,4,21,None,8.1,2,1,11.7,34,3.85
India,Omnivore,301,Electric,3,27,Diesel,8.3,1,1,13.8,17,5.04
China,Heavy Meat,497,Wood,4,89,Petrol,0.0,1,0,0.5,33,3.65
South Africa,Omnivore,171,Natural Gas,1,23,Hybrid,8.4,3,3,3.3,26,12.652
India,Vegetarian,417,Heat Pump,4,9,Hybrid,8.7,2,0,5.9,26,3.828
China,Omnivore,123,Oil,5,35,EV,13.7,2,0,6.1,36,3.893
Mexico,Vegetarian,155,Natural Gas,5,0,Diesel,36.4,0,1,10.7,0,2.781
Canada,Omnivore,149,Natural Gas,3,0,None,7.8,3,1,7.7,16,5.202
UK,Heavy Meat,171,Oil,2,24,Petrol,35.5,1,3,2.7,0,10.311
USA,Vegan,165,Electric,2,44,Petrol,1.5,2,2,0.8,0,4.983
India,Omnivore,480,Oil,1,92,None,25.2,5,1,2.0,36,11.508
India,Omnivore,371,Natural Gas,5,32,Petrol,51.2,1,1,43.8,22,5.789
Australia,Omnivore,386,Natural Gas,3,80,Petrol,11.1,1,2,10.8,29,6.647
China,Omnivore,583,Oil,3,54,Petrol,34.6,3,0,6.4,48,8.356
India,Vegetarian,348,Natural Gas,1,64,Petrol,20.1,3,0,4.2,15,8.065
Mexico,Omnivore,231,Electric,6,50,None,8.1,1,1,0.5,63,2.258
India,Pescatarian,401,Heat Pump,4,24,Petrol,42.5,1,0,3.9,0,5.358
India,Pescatarian,275,Natural Gas,1,35,Diesel,107.0,1,2,1.7,0,16.027
Canada,Omnivore,182,Electric,2,19,Petrol,96.5,2,0,5.2,8,7.802
Mexico,Omnivore,305,Oil,1,100,EV,9.2,5,2,5.7,0,9.664
South Africa,Heavy Meat,230,Wood,2,50,None,2.0,0,2,2.1,48,7.093
India,Omnivore,440,Heat Pump,3,27,Diesel,2.1,2,0,17.7,68,4.755
Australia,Omnivore,397,Wood,4,54,Hybrid,32.6,2,1,1.1,0,4.937
South Africa,Omnivore,477,Oil,3,77,Hybrid,26.0,2,3,9.6,42,10.463
Italy,Omnivore,302,Natural Gas,5,69,Diesel,1.1,2,1,8.0,22,3.542
France,Vegetarian,198,Oil,2,30,None,28.8,2,0,4.4,10,3.538
Germany,Omnivore,584,Oil,4,51,Diesel,13.8,2,1,12.3,19,5.768
USA,Omnivore,170,Natural Gas,1,39,Petrol,0.4,3,0,2.2,25,6.367
France,Omnivore,634,Natural Gas,6,15,EV,30.9,3,0,0.6,32,2.451
Japan,Vegetarian,270,Natural Gas,2,71,Hybrid,22.8,2,0,4.4,0,5.033
Norway,Omnivore,100,Electric,5,40,EV,12.7,1,3,1.7,40,4.255
Indonesia,Omnivore,257,Electric,4,38,None,23.1,4,0,7.3,18,3.329
Brazil,Omnivore,265,Electric,3,6,None,16.9,2,0,13.8,46,2.152
Germany,Omnivore,271,Oil,1,62,Diesel,34.0,3,1,4.7,9,11.625
Mexico,Omnivore,395,Wood,5,33,None,13.2,1,1,1.3,17,3.101
India,Omnivore,231,Natural Gas,4,89,EV,19.2,1,2,0.6,77,4.216
Italy,Vegan,305,Natural Gas,4,69,Hybrid,4.2,0,1,1.3,34,2.862
China,Omnivore,229,Heat Pump,3,5,Hybrid,18.7,1,0,0.9,26,4.492
Brazil,Omnivore,362,Natural Gas,4,0,Hybrid,13.9,1,1,3.6,45,3.346
India,Omnivore,71,Heat Pump,4,12,Petrol,5.8,1,1,3.0,62,3.03
Italy,Heavy Meat,283,Electric,2,55,EV,10.4,0,0,3.8,5,3.57
Canada,Pescatarian,425,Electric,4,41,Petrol,6.7,3,1,3.1,0,3.706
India,Heavy Meat,253,Natural Gas,6,27,Petrol,2.6,3,0,22.9,0,3.501
USA,Heavy Meat,368,Natural Gas,4,52,None,19.4,0,0,5.3,26,3.431
UK,Omnivore,392,Electric,2,26,Diesel,7.4,2,1,2.0,31,5.198
UK,Pescatarian,157,Natural Gas,1,43,None,38.8,1,0,0.8,18,5.151
USA,Vegetarian,506,Electric,3,71,Diesel,12.8,1,0,1.9,29,3.765
Germany,Omnivore,727,Oil,3,11,Hybrid,58.1,0,1,6.2,11,7.427
India,Vegetarian,353,Heat Pump,1,42,Petrol,3.3,2,1,3.6,41,8.923
India,Vegetarian,306,Natural Gas,3,50,EV,10.5,3,0,8.7,0,4.214
Germany,Pescatarian,247,Electric,2,54,EV,19.9,2,2,0.0,4,5.257
South Korea,Pescatarian,137,Electric,2,46,Petrol,5.1,2,1,6.5,0,4.31
India,Omnivore,470,Electric,3,38,None,14.1,1,2,7.2,29,6.559
Russia,Omnivore,380,Natural Gas,5,25,Petrol,45.2,3,0,1.5,14,5.212
Japan,Omnivore,316,Heat Pump,5,27,Petrol,21.9,1,1,10.4,58,4.219
Nigeria,Omnivore,545,Natural Gas,5,73,None,5.8,2,1,5.1,39,3.411
South Korea,Omnivore,265,Electric,3,28,Diesel,15.0,3,0,12.6,49,3.307
Japan,Omnivore,309,Oil,2,47,Diesel,22.5,2,0,4.1,49,6.925
UK,Omnivore,187,Natural Gas,4,73,Petrol,9.6,1,2,1.4,20,4.973
France,Omnivore,639,Natural Gas,1,57,None,16.2,5,1,6.1,27,8.231
China,Vegetarian,260,Electric,4,21,Diesel,17.2,4,1,7.8,47,4.502
China,Omnivore,321,Oil,3,14,Petrol,6.2,2,3,6.1,36,9.016
France,Omnivore,311,Natural Gas,5,61,Petrol,2.3,1,3,4.3,53,4.655
India,Heavy Meat,722,Heat Pump,2,37,Petrol,1.3,2,1,2.4,12,10.207
China,Vegetarian,198,Natural Gas,4,49,None,49.8,3,1,5.5,3,4.742
Mexico,Omnivore,537,Oil,4,49,Petrol,1.7,2,0,0.6,43,4.108
India,Omnivore,172,Natural Gas,3,0,Petrol,17.7,1,0,1.9,13,3.862
South Korea,Heavy Meat,377,Electric,3,82,Diesel,47.0,1,2,8.5,42,6.409
South Korea,Omnivore,136,Natural Gas,5,46,Petrol,27.4,2,0,0.3,14,3.751
China,Heavy Meat,443,Natural Gas,4,32,Diesel,18.3,1,2,3.9,0,7.459
Brazil,Omnivore,157,Oil,4,11,Petrol,30.1,2,1,1.1,6,3.724
Japan,Omnivore,175,Wood,6,0,Diesel,9.2,2,1,5.3,12,3.431
UK,Pescatarian,278,Oil,3,0,EV,12.1,0,0,8.3,3,3.852
India,Pescatarian,362,Heat Pump,2,82,Hybrid,23.5,1,1,0.4,49,6.519
USA,Heavy Meat,184,Electric,2,26,Hybrid,9.8,1,0,16.2,44,4.213
India,Omnivore,583,Natural Gas,1,59,Diesel,20.4,0,2,3.9,12,14.392
Brazil,Pescatarian,220,Electric,2,34,Petrol,47.1,1,0,15.8,6,3.788
China,Omnivore,284,Oil,3,19,Petrol,67.8,1,0,2.9,41,8.387
Norway,Omnivore,612,Natural Gas,5,34,None,124.1,1,1,1.6,18,4.094
China,Omnivore,288,Wood,4,57,Hybrid,2.8,4,0,3.9,45,2.906
Nigeria,Omnivore,185,Oil,2,48,None,8.5,2,2,8.8,0,5.932
UK,Omnivore,396,Electric,5,3,Petrol,67.1,0,1,0.9,0,5.108
China,Omnivore,341,Natural Gas,5,48,Petrol,1.5,3,1,7.3,24,5.158
Mexico,Pescatarian,106,Natural Gas,4,28,Hybrid,18.1,1,1,2.2,18,3.181
Germany,Pescatarian,313,Natural Gas,3,61,Petrol,11.2,2,0,0.0,8,3.828
USA,Omnivore,120,Electric,2,42,None,33.2,2,0,1.9,21,3.558
USA,Omnivore,214,Wood,3,77,Diesel,15.0,1,0,1.8,6,3.977
France,Vegan,482,Oil,6,45,None,2.7,2,1,4.4,0,2.471
South Korea,Pescatarian,276,Natural Gas,3,49,Diesel,7.2,5,0,3.5,5,4.42
India,Omnivore,285,Oil,4,33,EV,16.0,1,1,7.8,45,4.336
Italy,Omnivore,429,Oil,2,49,Diesel,35.1,0,1,4.8,7,7.404
UK,Omnivore,449,Electric,1,75,Petrol,4.5,1,0,4.8,33,5.314
Australia,Pescatarian,184,Natural Gas,2,29,Petrol,32.7,2,2,1.7,17,7.06
Germany,Vegetarian,201,Oil,3,55,Diesel,11.1,1,1,7.3,13,4.969
Russia,Omnivore,285,Electric,2,0,Diesel,13.8,1,0,0.9,1,4.689
Canada,Heavy Meat,381,Electric,5,65,Hybrid,76.8,2,0,9.9,12,4.241
South Africa,Omnivore,133,Heat Pump,4,43,None,2.7,0,1,9.8,36,3.62
Germany,Omnivore,232,Natural Gas,5,0,EV,20.2,3,0,2.2,0,3.796
Indonesia,Heavy Meat,240,Electric,3,18,Petrol,43.9,3,0,1.4,27,5.363
Australia,Omnivore,402,Wood,2,56,Hybrid,10.3,2,0,11.0,15,4.838
France,Pescatarian,474,Electric,1,67,None,29.3,1,1,1.4,36,4.781
India,Omnivore,444,Natural Gas,1,51,Petrol,6.4,0,0,0.9,18,9.171
Nigeria,Omnivore,366,Oil,2,0,Diesel,17.5,0,0,0.3,37,5.347
Brazil,Pescatarian,619,Electric,3,76,None,18.4,2,0,2.9,78,2.661
Germany,Omnivore,99,Natural Gas,5,23,Petrol,62.9,1,0,10.6,0,4.931
Brazil,Omnivore,167,Natural Gas,5,57,Petrol,1.8,1,0,13.4,33,1.886
France,Omnivore,396,Heat Pump,3,64,None,0.0,3,2,7.6,20,4.111
India,Omnivore,341,Wood,5,31,Hybrid,25.8,2,2,2.0,15,4.63
Poland,Omnivore,500,Electric,2,12,Petrol,18.5,2,2,13.5,23,10.007
China,Omnivore,487,Natural Gas,4,41,Petrol,15.6,2,1,2.1,29,6.537
Canada,Omnivore,247,Electric,3,50,EV,21.0,2,1,3.1,3,3.371
China,Omnivore,454,Wood,2,100,Petrol,11.0,1,0,24.4,37,5.766
China,Omnivore,530,Natural Gas,2,54,Hybrid,55.8,2,2,3.9,4,11.485
USA,Omnivore,269,Natural Gas,5,27,Petrol,9.1,1,0,14.7,46,3.268
China,Omnivore,230,Wood,1,77,Diesel,34.7,1,0,5.5,41,7.884
South Korea,Pescatarian,287,Natural Gas,1,71,EV,5.8,1,1,11.6,31,7.98
China,Omnivore,169,Wood,1,32,None,37.1,2,1,3.1,25,6.387
Russia,Heavy Meat,379,Electric,1,73,Petrol,37.1,1,2,2.6,62,12.131
Germany,Omnivore,125,Electric,3,35,Diesel,8.0,1,2,6.4,26,4.71
China,Vegetarian,278,Wood,3,29,Petrol,30.1,1,2,0.0,0,5.686
China,Omnivore,325,Wood,4,21,Petrol,3.6,4,0,4.6,42,3.751
India,Heavy Meat,192,Natural Gas,4,19,Petrol,12.5,0,0,13.6,17,3.823
UK,Heavy Meat,402,Electric,2,64,Diesel,15.5,2,0,4.3,4,4.856
Australia,Omnivore,155,Electric,4,21,None,4.6,2,1,1.4,53,3.603
India,Pescatarian,339,Electric,3,72,Petrol,18.0,2,1,3.6,30,6.129
France,Omnivore,564,Heat Pump,4,39,Hybrid,45.8,2,0,5.8,44,2.513
India,Heavy Meat,253,Oil,5,40,Diesel,2.7,2,0,4.2,73,3.619
China,Vegetarian,152,Electric,2,46,Diesel,25.1,0,1,0.5,4,5.291
China,Omnivore,790,Heat Pump,2,72,Petrol,4.1,0,3,2.7,4,9.495
China,Omnivore,421,Natural Gas,5,30,Hybrid,29.5,1,2,1.2,42,6.767
Nigeria,Heavy Meat,229,Oil,2,77,EV,8.3,1,0,2.4,8,3.674
USA,Heavy Meat,264,Wood,2,29,Petrol,32.0,3,1,2.2,40,6.511
Russia,Pescatarian,295,Natural Gas,5,17,None,38.0,1,1,1.1,50,4.327
Germany,Omnivore,871,Electric,3,47,Petrol,11.9,3,0,15.8,22,5.305
Russia,Omnivore,274,Electric,1,42,None,34.3,1,1,13.2,3,6.956
France,Vegetarian,313,Natural Gas,3,66,Diesel,8.2,1,1,14.8,48,3.699
France,Heavy Meat,131,Natural Gas,6,15,Hybrid,36.1,1,0,5.3,12,3.343
Italy,Heavy Meat,422,Oil,1,21,None,6.1,1,2,9.7,0,10.906
India,Omnivore,374,Natural Gas,5,3,Petrol,34.0,1,2,1.5,33,5.903
Germany,Omnivore,414,Natural Gas,4,31,Petrol,33.0,0,1,0.6,0,5.481
China,Omnivore,341,Natural Gas,5,46,Petrol,110.9,2,0,5.7,0,7.291
India,Omnivore,130,Electric,2,92,Petrol,17.2,3,0,1.2,36,4.316
Nigeria,Omnivore,773,Natural Gas,2,7,None,16.6,4,0,0.1,27,6.668
Mexico,Omnivore,600,Oil,2,0,Diesel,0.5,3,0,5.2,44,5.479
Russia,Omnivore,256,Natural Gas,1,69,Diesel,11.1,3,1,4.7,23,10.792
China,Omnivore,375,Oil,4,59,Petrol,36.9,4,2,0.8,34,8.846
China,Vegan,206,Wood,4,29,Petrol,2.9,1,0,20.0,16,1.79
Nigeria,Omnivore,419,Natural Gas,2,45,Petrol,19.3,1,1,1.7,0,6.209
Indonesia,Omnivore,318,Natural Gas,2,25,Petrol,60.3,1,1,2.1,65,8.776
China,Omnivore,215,Heat Pump,4,55,Hybrid,27.7,2,1,0.7,43,4.196
India,Omnivore,71,Oil,5,0,None,7.5,3,0,11.3,20,1.885
China,Omnivore,279,Natural Gas,3,52,None,53.9,2,1,2.0,28,6.107
Nigeria,Vegan,391,Electric,1,18,Diesel,30.9,5,0,2.3,7,7.469
Brazil,Omnivore,186,Wood,1,63,None,13.8,0,0,3.8,25,3.611
Russia,Omnivore,348,Natural Gas,3,49,None,1.8,1,1,8.2,20,5.614
UK,Heavy Meat,336,Natural Gas,6,10,EV,26.6,1,0,2.4,10,2.004
Russia,Pescatarian,159,Oil,3,3,Petrol,4.5,3,0,10.8,14,5.363
USA,Omnivore,277,Natural Gas,1,55,None,0.7,0,1,1.8,54,7.858
USA,Heavy Meat,436,Electric,6,37,Hybrid,3.2,1,0,9.1,1,2.999
India,Omnivore,322,Natural Gas,5,28,None,12.6,2,0,4.7,42,3.588
China,Pescatarian,359,Heat Pump,3,26,None,22.2,2,1,6.5,18,4.265
Germany,Omnivore,208,Electric,5,22,Petrol,19.1,4,3,0.8,24,4.847
Australia,Pescatarian,520,Electric,3,13,None,10.3,1,0,1.6,36,5.032
Australia,Omnivore,430,Natural Gas,3,39,Petrol,27.4,2,0,0.0,32,5.912
China,Omnivore,376,Heat Pump,2,62,Petrol,3.2,1,1,2.3,35,5.751
USA,Omnivore,511,Wood,4,67,None,6.2,1,1,0.7,39,3.712
USA,Omnivore,191,Natural Gas,3,58,Petrol,38.0,4,1,3.7,15,6.753
India,Vegan,211,Natural Gas,1,54,Petrol,41.2,4,1,7.8,47,9.323
China,Vegan,229,Heat Pump,2,50,None,11.0,5,1,8.2,4,4.127
Canada,Omnivore,45,Natural Gas,5,52,Hybrid,5.3,0,1,13.5,33,3.617
Nigeria,Omnivore,216,Electric,2,47,Hybrid,16.5,2,0,3.7,0,3.966
India,Pescatarian,627,Electric,3,99,Hybrid,43.8,1,2,0.9,23,8.791
UK,Omnivore,433,Heat Pump,2,22,Hybrid,14.5,1,2,10.4,57,6.235
Japan,Vegetarian,246,Natural Gas,4,20,Petrol,16.4,1,0,12.7,21,3.775
Brazil,Heavy Meat,423,Oil,6,56,None,19.0,0,1,2.2,21,2.294
Sweden,Vegetarian,228,Oil,3,29,EV,26.0,0,2,2.8,18,5.958
India,Vegetarian,148,Wood,4,50,Petrol,44.4,1,1,3.5,16,4.397
India,Heavy Meat,169,Natural Gas,5,59,Diesel,32.9,2,1,2.2,28,4.166
Japan,Omnivore,278,Electric,4,55,Diesel,50.3,0,1,3.4,16,5.155
Mexico,Omnivore,486,Heat Pump,1,63,Hybrid,52.9,0,1,1.1,31,9.912
USA,Pescatarian,261,Electric,4,52,Petrol,22.7,1,0,18.0,23,3.03
UK,Omnivore,433,Natural Gas,2,26,None,60.0,5,2,4.4,5,7.443
USA,Omnivore,256,Natural Gas,5,64,Petrol,14.9,1,0,5.7,35,3.287
Canada,Omnivore,209,Oil,1,44,Hybrid,12.8,3,0,6.7,57,9.608
USA,Pescatarian,220,Natural Gas,5,19,Petrol,32.5,3,1,8.6,18,4.689
UK,Omnivore,107,Wood,1,47,Petrol,5.0,3,2,0.6,42,7.594
Germany,Vegetarian,131,Wood,3,21,EV,11.2,3,2,4.7,12,3.957
Poland,Heavy Meat,119,Natural Gas,1,33,Petrol,22.8,1,3,3.1,0,14.085
Russia,Heavy Meat,203,Natural Gas,4,62,Diesel,77.0,1,2,9.8,19,8.029
Germany,Omnivore,773,Natural Gas,3,50,Hybrid,8.9,4,2,5.3,67,7.749
India,Heavy Meat,256,Oil,4,26,Petrol,3.2,3,1,4.3,31,5.414
USA,Heavy Meat,224,Oil,5,37,Petrol,42.3,2,1,4.6,0,5.547
Nigeria,Omnivore,232,Oil,5,73,Petrol,17.6,0,2,1.9,26,4.401
USA,Pescatarian,576,Natural Gas,3,79,Diesel,2.7,1,1,10.5,66,5.45
Russia,Omnivore,480,Natural Gas,3,70,None,7.9,3,0,0.7,38,5.252
Germany,Omnivore,384,Oil,3,8,None,30.6,1,0,2.3,23,4.321
China,Omnivore,320,Electric,3,9,EV,0.1,3,0,2.9,27,4.216
India,Omnivore,168,Electric,4,8,EV,23.8,3,0,0.9,1,2.922
India,Omnivore,385,Electric,1,27,EV,26.7,0,2,7.2,58,11.169
China,Vegan,170,Heat Pump,1,29,Petrol,14.2,3,1,0.1,36,6.097
China,Heavy Meat,316,Heat Pump,2,20,Hybrid,61.2,0,1,2.2,36,7.768
China,Omnivore,61,Oil,5,74,Petrol,4.0,2,1,3.1,32,4.411
China,Pescatarian,634,Electric,1,80,None,35.9,3,1,2.0,29,9.958
UK,Heavy Meat,351,Natural Gas,3,67,EV,6.0,2,0,3.9,20,3.766
Canada,Omnivore,263,Heat Pump,4,48,Hybrid,2.9,3,1,10.5,25,2.602
Japan,Omnivore,654,Electric,6,77,None,48.8,1,2,2.9,44,4.663
Indonesia,Omnivore,201,Wood,4,52,Petrol,21.2,1,0,3.2,9,3.369
South Korea,Heavy Meat,313,Wood,3,66,Petrol,32.1,2,1,8.3,39,5.536
USA,Pescatarian,463,Heat Pump,2,78,Hybrid,33.8,0,1,2.9,20,5.639
China,Omnivore,267,Electric,5,24,Diesel,3.9,0,0,12.0,29,2.714
France,Heavy Meat,421,Wood,4,79,Hybrid,8.8,1,0,4.3,43,2.792
Indonesia,Omnivore,437,Natural Gas,2,43,None,5.3,7,1,12.8,42,7.812
South Korea,Omnivore,397,Electric,3,27,EV,3.6,3,1,3.4,48,4.728
Sweden,Vegan,297,Electric,2,28,Petrol,1.3,2,1,0.2,38,3.031
USA,Heavy Meat,351,Electric,3,13,Petrol,21.0,2,0,10.5,40,4.408
UK,Pescatarian,130,Heat Pump,2,0,None,5.0,0,0,2.3,29,2.789
France,Heavy Meat,397,Oil,2,52,None,26.2,4,1,0.1,29,5.993
India,Omnivore,276,Heat Pump,4,56,Petrol,6.2,2,0,0.4,55,3.761
Japan,Omnivore,228,Natural Gas,3,51,EV,2.9,5,0,11.2,13,4.978
France,Omnivore,615,Wood,2,7,Petrol,8.2,5,0,1.4,20,4.215
Nigeria,Vegetarian,221,Natural Gas,2,48,Diesel,49.5,3,1,20.7,20,6.337
South Korea,Omnivore,387,Wood,2,44,Petrol,9.1,4,1,4.1,22,6.575
China,Omnivore,374,Natural Gas,4,2,Diesel,13.4,2,4,1.4,9,8.182
USA,Heavy Meat,483,Wood,1,56,Diesel,63.0,5,2,1.0,0,14.61
China,Omnivore,156,Natural Gas,3,13,Diesel,9.1,2,0,1.8,28,5.024
Germany,Omnivore,558,Heat Pump,5,17,Diesel,23.4,2,0,0.9,48,3.234
Russia,Omnivore,394,Wood,3,0,Petrol,21.8,2,0,8.8,4,4.373
Brazil,Omnivore,286,Oil,3,22,None,4.0,1,0,4.0,5,2.624
India,Pescatarian,371,Natural Gas,5,36,Petrol,39.1,4,0,0.7,69,4.693
Germany,Omnivore,355,Electric,4,46,Petrol,7.4,2,2,6.2,65,4.393
India,Omnivore,185,Natural Gas,2,58,Petrol,33.0,1,1,9.9,32,6.772
China,Pescatarian,430,Natural Gas,3,36,Petrol,0.7,2,0,0.4,8,5.654
India,Heavy Meat,207,Wood,5,62,EV,7.1,2,2,3.3,33,4.783
China,Omnivore,216,Natural Gas,4,45,None,7.7,3,2,1.5,20,5.645
USA,Omnivore,502,Natural Gas,4,61,Diesel,18.1,1,3,17.4,9,6.302
Japan,Heavy Meat,394,Natural Gas,6,2,Petrol,1.8,1,0,11.0,31,3.278
India,Heavy Meat,544,Electric,2,54,Diesel,82.7,5,0,0.5,13,11.398
Japan,Omnivore,583,Oil,1,57,Diesel,24.4,1,4,13.5,0,17.539
India,Omnivore,214,Heat Pump,4,38,Petrol,16.9,1,1,9.5,13,4.347
Norway,Heavy Meat,79,Natural Gas,3,29,Petrol,17.4,2,0,0.7,35,4.982
India,Heavy Meat,536,Natural Gas,6,26,Hybrid,14.2,1,2,1.1,58,5.726
India,Pescatarian,189,Electric,5,10,Petrol,23.6,4,0,6.8,22,3.353
India,Vegetarian,728,Electric,4,65,Petrol,20.6,2,1,2.2,36,7.285
India,Omnivore,115,Natural Gas,3,22,EV,7.6,1,0,1.0,41,2.774
Germany,Pescatarian,463,Electric,2,38,Petrol,0.5,1,0,2.3,40,3.69
Mexico,Omnivore,550,Heat Pump,2,54,None,23.4,4,2,10.9,0,7.729
Brazil,Vegan,250,Wood,2,70,Petrol,38.9,2,1,20.5,1,4.251
India,Omnivore,211,Electric,5,24,Petrol,1.0,2,2,13.1,24,3.656
Sweden,Omnivore,333,Wood,5,42,Petrol,19.2,2,1,2.5,74,2.955
China,Heavy Meat,239,Heat Pump,3,49,Petrol,2.1,2,0,11.3,15,3.406
Indonesia,Omnivore,669,Heat Pump,2,46,Diesel,40.7,1,1,0.3,0,10.059
Brazil,Omnivore,269,Oil,4,57,Petrol,38.8,2,0,16.3,7,3.863
Nigeria,Pescatarian,60,Natural Gas,3,50,Diesel,29.0,1,0,1.1,32,2.492
USA,Heavy Meat,490,Natural Gas,3,38,None,5.7,2,1,3.8,48,6.064
China,Omnivore,278,Natural Gas,2,70,Petrol,82.2,2,0,5.5,44,10.255
Sweden,Omnivore,455,Natural Gas,3,83,Petrol,0.0,2,1,1.5,20,4.365
India,Omnivore,235,Wood,5,51,Hybrid,3.3,5,1,0.3,21,3.756
Russia,Omnivore,332,Natural Gas,4,35,Diesel,26.2,1,1,4.6,28,5.721
Nigeria,Omnivore,330,Oil,2,83,Petrol,15.7,1,1,0.4,42,5.471
Japan,Omnivore,235,Natural Gas,5,36,None,8.2,4,1,1.8,15,4.079
China,Omnivore,293,Electric,3,71,Petrol,60.3,2,0,16.7,34,6.102
USA,Vegetarian,140,Electric,2,2,None,47.6,2,0,11.4,37,2.275
USA,Heavy Meat,497,Natural Gas,2,50,None,7.6,2,1,4.6,0,6.968
China,Omnivore,209,Oil,1,11,None,1.0,3,0,5.9,80,10.965
India,Omnivore,167,Wood,2,45,Hybrid,16.4,0,0,1.2,33,3.949
France,Vegetarian,378,Wood,4,16,None,0.7,0,0,0.2,27,1.242
Mexico,Omnivore,278,Oil,3,53,Petrol,67.8,4,0,1.3,31,6.186
Mexico,Vegan,237,Electric,4,46,Petrol,41.3,1,1,2.1,14,4.23
Mexico,Omnivore,619,Natural Gas,3,30,Petrol,24.7,1,3,6.4,50,8.942
Japan,Omnivore,231,Natural Gas,2,82,Petrol,92.8,1,1,1.8,55,10.56
Indonesia,Pescatarian,283,Natural Gas,2,0,EV,6.8,1,3,8.7,41,7.845
China,Vegetarian,265,Natural Gas,3,73,EV,29.9,0,1,1.2,11,5.372
India,Heavy Meat,251,Natural Gas,4,81,Petrol,14.4,1,1,1.2,48,4.582
France,Omnivore,315,Wood,4,2,Diesel,4.6,3,3,7.0,1,5.314
India,Omnivore,265,Natural Gas,3,72,EV,29.3,3,1,4.2,24,4.647
USA,Omnivore,253,Natural Gas,6,38,Petrol,10.1,0,2,10.6,0,4.215
Japan,Omnivore,214,Natural Gas,2,37,None,25.7,5,1,6.1,37,6.228
USA,Omnivore,139,Oil,5,33,Petrol,0.3,2,0,2.7,16,3.495
Nigeria,Omnivore,360,Natural Gas,1,46,Petrol,42.9,3,0,3.0,30,9.528
South Africa,Omnivore,392,Natural Gas,6,53,Petrol,6.6,2,1,18.1,9,4.803
China,Omnivore,198,Electric,2,59,Hybrid,68.5,1,1,8.3,62,6.972
UK,Heavy Meat,169,Natural Gas,4,25,Petrol,2.4,6,1,3.7,15,4.524
Canada,Omnivore,454,Heat Pump,1,27,Diesel,29.4,2,0,17.3,18,6.011
South Africa,Vegetarian,176,Natural Gas,6,15,Hybrid,0.3,2,2,18.3,6,4.413
USA,Omnivore,178,Natural Gas,2,44,Petrol,2.6,4,2,0.7,33,6.948
Brazil,Pescatarian,320,Electric,3,29,Petrol,12.5,3,1,13.1,47,3.873
Australia,Vegetarian,354,Natural Gas,2,16,Diesel,13.8,5,1,0.5,0,6.525
Germany,Pescatarian,212,Electric,3,14,Diesel,21.1,0,0,1.1,61,2.974
France,Omnivore,143,Electric,1,66,Petrol,18.0,2,0,6.5,2,5.277
India,Omnivore,480,Natural Gas,4,0,None,3.6,1,0,1.5,20,5.048
Nigeria,Omnivore,521,Electric,5,59,Petrol,3.4,1,1,4.3,18,4.051
UK,Omnivore,157,Natural Gas,5,58,Petrol,45.5,4,0,4.7,23,4.318
Poland,Vegetarian,672,Electric,1,40,Petrol,29.3,2,1,5.3,23,12.974
Brazil,Omnivore,432,Natural Gas,2,24,Diesel,0.3,5,1,0.6,29,4.974
Brazil,Omnivore,186,Natural Gas,4,4,Diesel,31.8,1,0,5.6,0,2.272
China,Omnivore,582,Natural Gas,4,63,None,2.7,1,0,3.5,56,5.367
India,Omnivore,230,Natural Gas,4,13,Diesel,1.7,4,0,0.2,0,3.555
China,Omnivore,161,Wood,4,18,Petrol,6.5,3,1,8.8,34,3.699
USA,Omnivore,228,Heat Pump,2,4,EV,0.2,0,2,0.3,13,5.681
Mexico,Omnivore,454,Electric,3,38,Petrol,6.8,2,0,0.0,30,4.576
USA,Heavy Meat,438,Electric,4,43,Diesel,2.7,3,1,15.7,56,3.939
USA,Pescatarian,710,Electric,5,10,Hybrid,42.2,3,1,0.4,31,4.868
Sweden,Pescatarian,127,Oil,4,23,Diesel,36.0,0,0,8.3,24,5.482
South Africa,Omnivore,345,Natural Gas,2,45,Petrol,5.5,1,0,0.9,23,7.654
China,Omnivore,414,Electric,1,33,Petrol,1.9,0,1,9.7,69,8.805
Indonesia,Omnivore,320,Wood,2,81,None,13.9,1,0,3.1,6,4.889
Germany,Omnivore,164,Electric,4,60,Petrol,28.2,1,1,6.5,25,4.398
China,Heavy Meat,340,Natural Gas,1,46,Diesel,16.1,1,0,9.0,25,10.578
USA,Heavy Meat,240,Oil,3,73,Hybrid,37.3,0,2,9.8,44,6.758
Poland,Pescatarian,521,Natural Gas,1,33,Hybrid,9.4,3,0,9.8,41,11.928
Japan,Omnivore,199,Electric,4,45,Petrol,60.4,0,2,2.0,59,5.614
South Korea,Vegan,229,Natural Gas,4,7,Diesel,5.4,0,1,1.4,25,3.318
Indonesia,Omnivore,138,Oil,1,77,Diesel,9.5,1,0,10.2,30,5.331
Germany,Pescatarian,446,Electric,3,46,Hybrid,7.0,3,2,2.0,6,4.99
India,Pescatarian,485,Oil,2,53,Petrol,18.6,1,0,1.4,0,6.856
USA,Omnivore,379,Wood,3,0,Diesel,0.7,4,2,10.5,0,5.479
India,Vegetarian,198,Natural Gas,4,44,Petrol,6.9,2,1,4.4,18,3.637
Indonesia,Vegan,296,Heat Pump,3,40,EV,2.8,3,3,5.4,57,5.723
Norway,Omnivore,371,Heat Pump,3,22,Petrol,6.1,0,1,9.2,27,2.607
India,Vegan,307,Natural Gas,3,24,Petrol,3.5,3,1,11.0,11,4.696
China,Heavy Meat,491,Natural Gas,3,18,Petrol,0.2,3,2,0.7,3,8.197
India,Omnivore,326,Heat Pump,4,67,Hybrid,21.0,2,2,3.1,0,5.489
Nigeria,Omnivore,332,Natural Gas,2,46,None,21.9,3,1,17.9,10,5.056
Japan,Omnivore,469,Electric,4,57,None,58.8,0,1,4.1,45,4.005
India,Omnivore,389,Electric,4,39,Petrol,15.3,0,0,18.3,0,4.077
Germany,Omnivore,353,Electric,4,34,EV,17.3,2,0,3.2,0,2.363
Brazil,Omnivore,234,Electric,5,26,Diesel,2.5,4,0,4.2,14,2.29
China,Omnivore,524,Heat Pump,3,58,None,14.0,2,2,3.1,21,6.408
Nigeria,Omnivore,385,Natural Gas,3,46,EV,3.4,2,0,2.5,36,4.051
China,Omnivore,121,Electric,2,81,Hybrid,35.9,3,1,8.3,32,6.153
France,Omnivore,341,Oil,1,59,Diesel,29.4,1,1,1.7,28,9.585
USA,Vegetarian,427,Heat Pump,1,28,Hybrid,20.0,1,0,4.2,43,5.558
South Africa,Heavy Meat,268,Oil,4,51,Petrol,85.7,2,0,9.2,24,8.169
Indonesia,Heavy Meat,259,Electric,1,78,Petrol,3.7,2,1,1.1,37,8.151
India,Omnivore,313,Natural Gas,2,37,Diesel,45.9,0,0,2.7,12,6.887
India,Omnivore,325,Wood,2,19,Petrol,75.6,2,2,6.5,1,11.067
India,Heavy Meat,397,Electric,6,51,EV,8.3,2,1,10.1,0,3.663
Russia,Omnivore,245,Oil,1,47,None,18.0,4,2,1.4,0,13.363
UK,Heavy Meat,150,Oil,5,0,Diesel,31.1,1,1,0.1,12,4.448
UK,Omnivore,203,Natural Gas,1,60,Diesel,29.7,1,0,4.2,65,7.571
China,Omnivore,340,Natural Gas,1,38,Diesel,23.5,2,0,6.0,45,10.656
Norway,Omnivore,312,Oil,3,64,EV,2.9,2,0,16.8,11,4.495
France,Heavy Meat,370,Natural Gas,2,29,Petrol,21.6,2,3,0.9,18,8.92
China,Omnivore,393,Natural Gas,4,35,Hybrid,25.3,4,1,2.4,34,6.655
India,Heavy Meat,132,Oil,4,38,Petrol,22.6,1,1,3.5,39,4.168
Mexico,Omnivore,393,Natural Gas,3,51,Hybrid,28.5,2,0,7.6,24,4.036
Sweden,Heavy Meat,125,Natural Gas,5,0,None,32.2,2,0,5.7,60,3.326
Norway,Omnivore,368,Natural Gas,3,37,Hybrid,14.6,1,1,1.2,25,5.005
India,Omnivore,230,Natural Gas,1,30,None,14.3,0,0,2.2,0,6.583
Brazil,Omnivore,223,Natural Gas,1,36,Hybrid,36.3,4,3,14.3,49,11.126
India,Pescatarian,280,Electric,4,59,None,34.1,5,1,10.7,10,4.204
China,Vegetarian,199,Heat Pump,5,28,Petrol,29.6,3,1,1.2,21,3.977
Russia,Vegetarian,343,Electric,2,67,EV,26.1,3,3,3.9,10,6.756
France,Omnivore,228,Natural Gas,3,7,Petrol,24.3,0,1,1.4,49,5.374
India,Omnivore,567,Heat Pump,4,69,Diesel,38.7,3,3,1.7,23,8.716
USA,Heavy Meat,103,Electric,3,88,EV,1.5,1,0,3.1,6,2.784
UK,Omnivore,380,Natural Gas,4,55,None,8.0,4,0,6.8,63,3.749
China,Omnivore,149,Oil,2,41,Hybrid,27.1,0,0,0.9,0,7.057
South Korea,Heavy Meat,188,Natural Gas,1,19,EV,69.5,0,0,11.6,17,7.245
Russia,Omnivore,357,Oil,3,63,EV,11.8,1,1,3.2,15,6.985
USA,Pescatarian,180,Natural Gas,1,34,Diesel,31.8,2,1,2.7,0,9.428
South Africa,Omnivore,354,Natural Gas,1,88,None,39.0,2,0,4.4,49,9.536
France,Pescatarian,192,Oil,1,40,Petrol,8.6,2,2,7.1,31,9.048
USA,Omnivore,120,Electric,2,21,None,12.8,0,1,0.2,33,3.598
Germany,Vegan,209,Natural Gas,4,40,Petrol,15.7,2,2,3.8,0,4.481
Italy,Omnivore,333,Natural Gas,2,54,Petrol,0.5,3,0,6.6,0,4.648
China,Vegetarian,417,Wood,3,11,Diesel,11.2,1,1,3.4,0,4.384
India,Omnivore,116,Wood,2,44,Diesel,49.4,3,1,1.8,19,7.052
Mexico,Omnivore,102,Oil,4,42,Petrol,5.3,1,4,4.5,0,5.414
India,Heavy Meat,331,Natural Gas,4,0,Hybrid,1.1,4,1,8.2,4,5.774
Germany,Omnivore,176,Natural Gas,3,53,Hybrid,5.8,2,1,11.5,54,4.171
China,Omnivore,100,Heat Pump,3,73,Petrol,42.5,3,0,4.5,44,3.922
UK,Omnivore,120,Electric,1,55,None,7.6,2,2,9.1,46,7.775
India,Vegetarian,133,Oil,1,12,Diesel,25.0,2,2,0.1,18,9.144
USA,Omnivore,155,Natural Gas,3,22,None,34.3,3,2,7.5,27,5.678
India,Vegetarian,366,Electric,3,82,Petrol,19.6,1,3,9.8,0,7.436
USA,Omnivore,386,Natural Gas,3,40,None,1.3,1,1,0.5,0,5.293
Japan,Heavy Meat,483,Electric,3,74,None,23.9,2,1,1.9,1,5.557
USA,Omnivore,298,Heat Pump,3,49,Diesel,13.4,2,1,1.5,31,4.384
India,Omnivore,465,Electric,3,1,Diesel,4.9,2,1,4.5,24,7.239
USA,Heavy Meat,330,Heat Pump,3,50,EV,14.6,3,1,0.5,23,4.702
Russia,Omnivore,562,Electric,4,21,Hybrid,7.8,4,2,0.1,34,5.474
China,Omnivore,440,Electric,4,74,None,9.8,2,0,6.6,32,3.241
Brazil,Omnivore,195,Electric,4,66,Diesel,3.5,2,1,1.1,58,2.436
Nigeria,Pescatarian,216,Natural Gas,2,50,None,1.8,1,0,2.9,22,2.976
Australia,Omnivore,334,Oil,4,37,Petrol,55.3,2,2,8.0,57,7.183
China,Omnivore,90,Natural Gas,2,37,None,6.9,1,0,2.2,10,5.782
UK,Vegan,278,Natural Gas,5,63,Diesel,1.3,4,2,9.4,0,3.226
USA,Omnivore,310,Natural Gas,4,22,Diesel,14.9,1,0,10.9,27,3.73
Mexico,Omnivore,133,Natural Gas,2,44,Diesel,6.1,2,0,9.4,2,3.895
South Africa,Omnivore,279,Oil,4,0,Petrol,45.3,1,0,6.9,27,6.16
Germany,Pescatarian,351,Oil,2,4,EV,31.1,1,1,16.0,13,6.554
China,Vegan,254,Electric,1,67,Hybrid,160.2,1,2,1.4,7,13.525
Poland,Heavy Meat,45,Heat Pump,1,83,Hybrid,8.7,1,2,2.0,66,7.555
India,Omnivore,498,Wood,5,55,Diesel,3.3,4,2,8.8,24,5.756
China,Heavy Meat,346,Electric,1,46,EV,40.3,2,1,14.0,14,9.325
South Korea,Omnivore,534,Electric,3,71,Diesel,78.9,0,3,8.8,39,9.435
China,Heavy Meat,357,Electric,3,6,Diesel,45.4,3,2,6.0,31,8.056
USA,Pescatarian,232,Oil,1,12,Hybrid,2.9,2,1,3.5,13,8.705
China,Heavy Meat,170,Oil,4,29,Petrol,1.4,3,1,3.2,0,5.932
France,Vegetarian,106,Natural Gas,4,27,Diesel,21.1,0,2,2.5,37,4.149
India,Pescatarian,240,Electric,3,27,None,4.7,3,2,0.0,9,5.602
Germany,Omnivore,586,Natural Gas,1,35,None,80.6,2,1,11.3,55,9.627
France,Omnivore,568,Heat Pump,6,70,Diesel,0.6,2,1,5.8,5,2.238
India,Pescatarian,413,Electric,3,100,Hybrid,29.2,2,0,0.1,58,5.139
China,Pescatarian,244,Heat Pump,2,7,None,2.1,1,2,0.5,5,5.415
France,Omnivore,180,Electric,3,62,Petrol,16.3,0,1,5.9,28,3.171
USA,Vegan,276,Wood,2,1,Petrol,14.7,0,5,3.8,36,8.898
China,Omnivore,214,Electric,4,64,None,13.2,0,1,2.7,9,3.528
Nigeria,Omnivore,162,Natural Gas,5,62,Hybrid,15.5,2,0,0.1,45,2.52
China,Vegan,341,Wood,1,38,Diesel,11.1,2,2,8.5,43,8.577
Nigeria,Pescatarian,583,Electric,4,43,Petrol,9.3,2,0,0.5,69,3.493
Norway,Omnivore,174,Wood,2,75,None,5.9,1,1,2.1,71,3.444
South Korea,Omnivore,346,Natural Gas,2,0,Petrol,37.6,2,1,0.0,0,8.282
Germany,Vegetarian,103,Natural Gas,5,39,None,26.5,2,1,2.2,34,3.125
USA,Vegan,497,Oil,5,46,Hybrid,19.2,2,3,4.9,6,5.908
South Africa,Omnivore,596,Electric,1,13,Petrol,0.6,2,0,5.5,23,11.567
Canada,Vegetarian,297,Oil,2,25,Diesel,22.8,1,0,0.7,11,5.894
USA,Vegan,350,Oil,5,68,None,65.1,1,0,4.0,14,3.117
India,Omnivore,497,Oil,6,58,Petrol,4.1,2,1,5.4,45,4.788
Nigeria,Omnivore,586,Wood,2,71,Petrol,14.5,1,1,9.7,0,6.396
Italy,Omnivore,102,Wood,5,50,Diesel,0.9,3,0,9.2,19,1.675
Germany,Heavy Meat,321,Natural Gas,5,43,None,1.2,1,3,3.6,46,5.357
India,Vegetarian,372,Natural Gas,2,54,Petrol,5.8,1,1,0.5,32,6.152
China,Heavy Meat,391,Natural Gas,4,48,Petrol,17.5,1,1,2.1,30,6.423
China,Omnivore,140,Oil,1,85,Petrol,27.9,2,1,5.5,14,12.852
Mexico,Vegetarian,407,Wood,4,53,Petrol,10.6,2,1,6.2,17,3.815
India,Heavy Meat,156,Oil,5,40,Petrol,1.4,1,1,1.1,9,4.175
India,Omnivore,499,Oil,4,46,Diesel,4.6,0,2,0.5,41,6.174
Russia,Heavy Meat,304,Natural Gas,6,21,Hybrid,68.0,0,1,0.6,18,4.914
India,Omnivore,31,Oil,1,56,None,0.8,1,0,2.1,64,3.822
India,Vegetarian,177,Heat Pump,2,36,Petrol,10.4,1,1,3.2,0,4.923
Russia,Pescatarian,331,Natural Gas,5,34,None,3.5,1,0,0.1,15,3.551
USA,Heavy Meat,284,Natural Gas,3,41,Diesel,22.2,3,0,5.2,37,4.782
Canada,Omnivore,398,Natural Gas,3,61,None,2.7,1,1,2.2,13,4.961
UK,Heavy Meat,178,Oil,3,63,Petrol,18.0,2,2,24.8,17,6.141
China,Vegetarian,295,Electric,6,54,EV,17.9,0,1,0.6,36,2.754
South Africa,Omnivore,559,Oil,2,33,EV,7.9,1,3,9.2,47,12.454
China,Pescatarian,597,Oil,4,3,Petrol,1.2,1,1,22.1,24,6.683
Canada,Vegan,434,Electric,1,57,None,7.1,5,1,9.1,24,6.125
UK,Heavy Meat,108,Heat Pump,3,72,Hybrid,61.5,4,0,4.9,23,4.216
South Africa,Vegetarian,410,Natural Gas,2,31,None,7.1,1,2,0.2,18,9.051
India,Vegetarian,126,Natural Gas,3,11,Petrol,10.9,2,1,3.5,20,4.302
Sweden,Heavy Meat,146,Natural Gas,3,9,EV,21.0,2,0,1.1,37,4.293
Germany,Omnivore,547,Oil,4,45,Diesel,33.1,1,1,3.0,29,5.897
Mexico,Omnivore,152,Oil,4,52,Diesel,18.5,1,1,7.8,10,3.61
Italy,Heavy Meat,417,Wood,4,50,Diesel,38.5,2,1,7.5,12,4.724
India,Omnivore,871,Natural Gas,6,49,None,5.2,2,0,0.4,62,5.824
UK,Omnivore,306,Oil,5,32,Petrol,11.4,4,2,7.7,12,5.302
Norway,Omnivore,324,Electric,4,47,EV,3.0,2,1,6.4,37,3.045
Sweden,Omnivore,595,Wood,3,51,Hybrid,6.7,3,1,3.2,13,3.543
Brazil,Pescatarian,255,Wood,3,57,None,2.1,1,0,0.4,22,2.407
South Africa,Vegan,251,Electric,3,22,Diesel,9.4,2,1,5.4,50,4.28
India,Omnivore,218,Electric,2,40,None,82.4,0,1,8.3,18,4.986
Brazil,Omnivore,293,Electric,6,53,Hybrid,21.8,1,3,2.8,9,4.05
China,Omnivore,218,Wood,2,60,Petrol,5.9,4,2,0.3,58,6.641
UK,Omnivore,323,Natural Gas,5,52,None,51.2,5,0,2.1,0,2.922
China,Heavy Meat,412,Electric,2,42,EV,2.3,0,0,5.5,19,5.423
USA,Pescatarian,390,Natural Gas,6,0,Hybrid,8.0,3,0,2.7,14,2.882
UK,Heavy Meat,380,Natural Gas,5,57,Petrol,45.9,1,2,4.8,44,5.796
India,Omnivore,393,Oil,1,50,Petrol,13.7,0,3,4.5,1,14.004
India,Omnivore,699,Natural Gas,2,28,Petrol,0.6,3,1,3.2,46,9.576
Brazil,Omnivore,174,Heat Pump,2,32,Petrol,10.9,1,0,1.0,35,3.15
Japan,Omnivore,267,Electric,3,15,Diesel,29.0,1,0,0.4,65,3.483
Canada,Heavy Meat,378,Electric,2,19,None,79.3,4,1,8.1,28,5.285
UK,Heavy Meat,319,Wood,5,0,Hybrid,4.2,3,2,4.2,11,3.793
India,Omnivore,430,Natural Gas,5,53,Petrol,8.4,1,0,9.5,22,3.874
USA,Omnivore,464,Natural Gas,3,35,Petrol,7.4,2,1,8.2,10,5.946
Japan,Omnivore,102,Natural Gas,3,0,Petrol,3.3,1,1,4.6,29,4.699
UK,Omnivore,198,Natural Gas,2,42,None,6.2,2,0,1.6,0,4.011
Australia,Omnivore,302,Natural Gas,3,38,EV,2.2,2,2,20.8,51,5.572
USA,Omnivore,358,Wood,5,22,EV,1.5,3,1,5.4,48,3.403
USA,Pescatarian,480,Natural Gas,3,70,Petrol,28.1,3,1,2.0,28,5.685
China,Omnivore,716,Electric,4,56,None,77.3,3,1,5.4,0,5.682
India,Omnivore,241,Natural Gas,4,44,None,38.1,4,0,7.2,6,4.012
China,Vegan,277,Natural Gas,2,44,Diesel,7.9,5,1,0.7,30,7.373
Sweden,Heavy Meat,270,Natural Gas,2,29,Diesel,9.0,1,0,1.0,20,5.738
Russia,Omnivore,245,Wood,3,43,Petrol,49.7,4,0,9.5,70,5.144
China,Heavy Meat,173,Natural Gas,4,30,Petrol,18.1,1,1,8.8,18,5.838
USA,Omnivore,375,Natural Gas,4,30,None,20.2,2,0,16.7,11,3.933
Russia,Pescatarian,218,Wood,4,47,None,12.4,3,1,1.8,18,2.742
India,Omnivore,317,Oil,3,15,Petrol,1.7,2,0,9.9,0,4.837
Brazil,Omnivore,324,Natural Gas,4,25,None,16.6,4,1,7.8,13,2.694
Brazil,Pescatarian,396,Oil,5,31,Diesel,31.1,0,1,5.0,4,2.939
Nigeria,Omnivore,65,Natural Gas,2,21,Petrol,32.9,3,1,1.7,8,5.431
Germany,Omnivore,323,Natural Gas,1,0,Diesel,9.3,2,1,0.8,18,9.433
USA,Pescatarian,371,Electric,6,51,Hybrid,41.6,2,1,8.1,49,3.558
USA,Omnivore,590,Electric,2,74,Hybrid,14.4,2,0,5.6,32,5.555
Japan,Vegetarian,416,Oil,4,9,Petrol,30.4,1,0,7.0,26,4.709
Mexico,Heavy Meat,91,Natural Gas,2,18,Petrol,5.9,3,1,0.8,15,5.34
Canada,Omnivore,82,Oil,2,100,EV,1.7,0,0,4.0,22,5.436
Japan,Omnivore,298,Natural Gas,4,11,EV,43.7,2,0,4.4,46,4.274
Nigeria,Omnivore,288,Oil,2,26,Petrol,18.8,1,0,0.9,21,4.707
USA,Pescatarian,329,Electric,6,79,None,0.8,3,0,15.3,35,2.241
India,Omnivore,392,Heat Pump,3,64,Petrol,15.3,2,0,2.6,53,5.091
China,Heavy Meat,328,Natural Gas,6,42,None,68.9,3,0,3.1,41,4.291
Norway,Vegan,271,Natural Gas,3,41,Diesel,5.5,1,0,2.5,52,3.63
Italy,Omnivore,339,Oil,3,27,Petrol,17.6,1,0,0.9,45,5.412
India,Omnivore,378,Heat Pump,1,45,Petrol,43.7,3,0,0.3,9,11.48
Italy,Omnivore,496,Natural Gas,2,52,Petrol,29.6,5,1,3.4,0,8.155
China,Vegetarian,172,Natural Gas,2,49,Petrol,0.5,1,0,0.0,16,4.497
Brazil,Omnivore,158,Heat Pump,4,23,EV,61.7,1,0,2.6,0,1.555
Indonesia,Omnivore,202,Electric,5,3,Hybrid,7.7,0,1,12.0,47,3.753
Brazil,Heavy Meat,359,Electric,2,30,None,25.6,2,0,6.5,8,3.119
India,Omnivore,110,Electric,1,38,Petrol,4.2,0,0,0.8,38,5.137
Australia,Heavy Meat,233,Electric,4,9,Petrol,22.4,1,0,6.4,0,4.084
Mexico,Omnivore,194,Electric,4,50,None,9.8,2,4,13.7,21,4.849
China,Omnivore,186,Oil,3,50,Hybrid,5.6,2,0,1.4,23,5.3
Canada,Pescatarian,120,Oil,1,36,None,26.4,6,0,2.3,0,8.386
China,Omnivore,281,Electric,2,54,EV,22.5,5,1,10.1,39,6.469
Germany,Omnivore,257,Natural Gas,1,63,Hybrid,39.7,2,0,1.2,25,7.803
Canada,Omnivore,186,Wood,1,60,Petrol,14.0,3,1,4.9,67,7.244
South Korea,Pescatarian,286,Wood,2,28,Petrol,11.0,0,0,3.3,41,3.611
Italy,Vegetarian,144,Electric,1,42,Hybrid,0.9,2,1,0.3,25,4.83
India,Omnivore,380,Electric,4,64,EV,16.2,1,0,6.0,25,4.255
Italy,Omnivore,247,Wood,2,82,Petrol,7.5,3,0,1.2,0,3.377
China,Omnivore,575,Wood,3,38,Petrol,20.7,1,1,16.0,30,5.951
India,Heavy Meat,326,Electric,1,74,Hybrid,40.1,2,1,10.1,13,10.905
India,Vegetarian,77,Natural Gas,1,0,Petrol,11.8,4,1,13.8,18,6.422
Italy,Heavy Meat,144,Natural Gas,4,41,EV,13.1,1,0,4.4,9,3.025
Russia,Vegetarian,489,Natural Gas,5,45,Diesel,12.2,4,0,2.3,34,3.834
China,Omnivore,417,Heat Pump,4,71,None,14.8,3,1,0.0,11,4.054
Germany,Omnivore,74,Natural Gas,4,64,Hybrid,26.4,1,1,2.1,0,4.217
Mexico,Vegan,424,Oil,3,44,Petrol,67.0,4,0,20.0,0,5.921
India,Heavy Meat,237,Electric,2,44,EV,18.4,2,0,1.7,38,4.738
France,Omnivore,649,Electric,3,23,Hybrid,67.9,1,0,0.3,0,3.657
USA,Heavy Meat,194,Natural Gas,4,5,Hybrid,9.7,1,1,11.0,0,4.309
UK,Heavy Meat,155,Natural Gas,1,9,None,7.1,2,1,2.5,62,7.89
India,Omnivore,357,Natural Gas,5,34,Hybrid,14.3,0,0,7.6,45,4.363
Brazil,Omnivore,255,Oil,3,28,Petrol,20.0,2,0,6.3,13,3.055
Australia,Heavy Meat,198,Natural Gas,2,80,Petrol,12.7,2,2,0.6,2,6.834
Norway,Vegetarian,286,Electric,2,71,Hybrid,36.0,1,0,6.9,47,3.364
China,Pescatarian,369,Natural Gas,2,26,Petrol,21.0,1,0,4.3,45,7.068
India,Omnivore,314,Heat Pump,1,17,Petrol,8.2,2,1,1.2,37,9.74
Italy,Vegan,278,Electric,4,9,Petrol,0.3,3,1,8.3,40,2.568
India,Pescatarian,380,Natural Gas,2,52,Diesel,39.7,2,2,1.1,38,9.516
China,Heavy Meat,77,Heat Pump,1,42,EV,6.9,1,1,2.6,8,6.414
UK,Omnivore,580,Wood,2,52,Petrol,6.3,0,2,4.2,0,5.816
China,Vegan,89,Natural Gas,5,15,Petrol,16.9,2,2,7.3,46,4.512
Germany,Omnivore,218,Heat Pump,2,2,None,2.9,0,3,4.6,59,6.176
Canada,Heavy Meat,298,Natural Gas,4,17,Hybrid,45.4,2,1,4.7,30,6.501
China,Omnivore,550,Electric,3,41,EV,9.2,1,1,3.5,0,5.371
India,Omnivore,214,Electric,4,31,Diesel,39.3,2,2,0.2,10,6.128
USA,Omnivore,180,Heat Pump,2,22,None,7.9,1,2,3.3,23,5.419
France,Vegetarian,304,Electric,4,51,None,7.9,2,1,1.9,20,2.131
South Korea,Vegetarian,335,Heat Pump,2,20,None,7.0,0,1,2.9,64,4.225
India,Vegetarian,250,Natural Gas,5,35,EV,20.5,1,2,2.8,27,3.78
India,Omnivore,386,Heat Pump,2,31,Diesel,55.6,3,1,1.7,0,9.61
Canada,Pescatarian,323,Heat Pump,4,24,None,19.3,2,0,6.8,0,2.561
Nigeria,Omnivore,286,Electric,1,27,Petrol,12.5,4,0,5.1,1,6.685
Sweden,Pescatarian,160,Natural Gas,3,43,Petrol,8.8,1,0,3.1,36,3.578
USA,Omnivore,331,Natural Gas,3,18,Diesel,8.3,1,1,1.9,53,4.786
China,Omnivore,112,Electric,3,49,Diesel,34.3,3,0,29.1,32,4.86
USA,Vegetarian,96,Oil,4,76,EV,8.2,0,1,10.2,23,3.823
China,Omnivore,549,Natural Gas,4,40,Diesel,62.2,4,2,6.2,6,9.365
Brazil,Omnivore,205,Oil,3,32,EV,5.7,2,0,1.4,24,2.492
South Korea,Omnivore,445,Natural Gas,4,57,Hybrid,26.6,0,0,3.1,37,3.935
USA,Omnivore,661,Natural Gas,6,85,Hybrid,8.7,2,1,4.5,29,4.075
China,Omnivore,481,Natural Gas,3,37,Hybrid,9.1,2,1,21.9,67,7.494
France,Omnivore,375,Electric,4,48,Petrol,22.6,2,0,13.3,11,3.073
Australia,Vegan,406,Oil,2,56,EV,15.9,3,1,3.5,28,5.781
India,Omnivore,309,Natural Gas,3,0,None,12.6,1,0,3.9,30,3.957
China,Omnivore,220,Natural Gas,4,31,Petrol,89.7,0,0,3.6,19,7.065
USA,Vegetarian,272,Oil,5,0,Diesel,3.5,3,1,2.5,44,3.833
China,Pescatarian,342,Natural Gas,3,41,Petrol,28.3,1,2,1.7,0,8.647
China,Omnivore,290,Natural Gas,3,48,Petrol,5.5,2,0,5.8,30,5.523
China,Omnivore,253,Electric,3,26,Diesel,20.4,3,1,3.3,31,5.031
USA,Heavy Meat,354,Natural Gas,4,85,Petrol,4.4,1,0,1.3,10,3.857
China,Omnivore,552,Natural Gas,5,57,Hybrid,11.0,4,1,4.9,53,5.666
Japan,Omnivore,271,Natural Gas,2,7,Petrol,29.4,4,2,8.2,21,8.758
Australia,Omnivore,444,Natural Gas,1,32,Petrol,1.9,1,2,6.9,50,10.915
South Africa,Vegan,350,Wood,5,65,Petrol,3.8,4,2,9.9,47,4.603
Germany,Vegetarian,371,Natural Gas,5,95,Petrol,10.0,1,2,3.4,1,4.164
India,Omnivore,501,Electric,2,54,Diesel,10.1,1,0,1.3,23,7.305
South Africa,Omnivore,618,Natural Gas,5,44,Petrol,4.8,0,1,0.8,10,6.256
South Korea,Pescatarian,72,Oil,3,22,Petrol,8.5,2,1,1.1,15,4.586
South Korea,Omnivore,288,Electric,1,36,EV,3.4,0,4,1.9,41,11.968
India,Omnivore,201,Electric,1,0,Diesel,63.3,4,0,17.6,37,10.21
Russia,Pescatarian,221,Oil,4,43,Hybrid,10.3,2,1,19.9,44,5.478
France,Vegan,356,Oil,4,44,Hybrid,21.2,2,0,0.7,0,2.879
China,Vegan,217,Natural Gas,5,38,Hybrid,14.1,2,1,0.6,50,4.675
China,Heavy Meat,237,Electric,1,0,EV,6.2,3,1,13.1,58,9.185
France,Pescatarian,210,Oil,3,25,Petrol,1.4,1,1,1.6,18,4.977
Canada,Omnivore,298,Electric,4,91,Diesel,15.7,2,1,2.8,40,3.656
Japan,Heavy Meat,579,Natural Gas,5,25,Petrol,34.9,3,3,1.8,35,7.74
Russia,Omnivore,867,Oil,1,39,None,0.5,1,1,4.2,38,13.344
India,Heavy Meat,271,Oil,1,43,Petrol,8.5,4,1,4.2,95,9.721
UK,Omnivore,182,Natural Gas,1,27,Petrol,9.8,3,1,6.5,37,8.737
France,Pescatarian,53,Electric,4,40,Petrol,62.5,1,1,5.3,36,4.682
Italy,Heavy Meat,196,Oil,4,25,Diesel,8.4,3,0,0.1,46,4.404
Mexico,Omnivore,351,Electric,5,21,Hybrid,1.1,2,0,0.7,45,2.537
India,Heavy Meat,344,Natural Gas,1,58,None,2.8,2,3,1.4,31,12.815
UK,Omnivore,510,Natural Gas,3,61,None,1.3,1,1,14.5,34,4.201
Indonesia,Omnivore,65,Natural Gas,1,13,Diesel,15.1,1,0,0.6,15,4.96
India,Vegetarian,205,Natural Gas,2,31,Petrol,30.0,1,0,20.9,22,5.726
China,Heavy Meat,318,Oil,3,25,Hybrid,2.0,1,1,6.0,7,6.696
Italy,Heavy Meat,152,Natural Gas,5,17,Petrol,15.6,2,0,1.5,32,3.158
USA,Pescatarian,291,Natural Gas,1,30,Petrol,45.5,2,2,6.6,3,12.843
Indonesia,Heavy Meat,134,Heat Pump,1,43,None,9.1,3,0,4.4,29,5.521
India,Omnivore,137,Electric,2,19,Petrol,6.0,1,0,9.4,1,3.588
UK,Omnivore,184,Electric,4,64,None,15.0,7,0,4.1,24,2.581
Nigeria,Omnivore,134,Heat Pump,3,62,None,33.5,2,2,2.0,50,4.475
South Africa,Omnivore,473,Wood,3,83,Petrol,17.6,1,1,11.7,27,6.783
USA,Pescatarian,293,Electric,3,49,Petrol,12.3,2,2,1.8,0,4.947
USA,Heavy Meat,289,Oil,2,26,Diesel,59.7,3,1,0.6,4,9.601
India,Vegan,168,Heat Pump,3,26,Hybrid,2.3,4,2,4.4,0,4.612
USA,Vegetarian,181,Electric,6,11,None,0.7,0,1,4.2,20,2.194
India,Heavy Meat,166,Heat Pump,1,84,None,13.2,1,0,1.5,34,5.462
Japan,Omnivore,189,Natural Gas,5,20,Petrol,5.8,1,0,2.8,17,3.231
India,Omnivore,177,Wood,1,48,Diesel,3.1,2,1,3.4,53,7.135
Sweden,Vegan,138,Natural Gas,3,24,Diesel,23.3,3,1,10.6,0,5.733
USA,Omnivore,310,Oil,5,28,Hybrid,25.7,0,0,12.8,13,3.738
China,Omnivore,242,Natural Gas,3,48,Hybrid,10.6,3,1,9.2,47,6.256
USA,Vegetarian,314,Electric,3,33,Hybrid,13.9,3,0,0.5,5,3.625
India,Omnivore,223,Electric,5,84,Diesel,26.3,1,1,9.8,1,3.502
USA,Vegan,305,Natural Gas,5,29,Petrol,11.1,4,2,15.0,43,4.462
USA,Heavy Meat,402,Electric,3,12,None,4.2,2,0,0.4,12,3.683
Australia,Omnivore,603,Wood,4,47,Hybrid,3.8,3,1,1.0,14,5.834
Australia,Vegetarian,143,Natural Gas,5,58,Petrol,87.7,2,1,4.5,43,5.034
South Korea,Vegetarian,109,Natural Gas,3,24,Hybrid,13.5,1,2,0.3,54,4.442
India,Omnivore,129,Wood,3,100,None,29.8,2,3,2.8,11,5.252
USA,Pescatarian,239,Natural Gas,3,32,Diesel,9.7,2,0,14.4,38,4.166
Germany,Omnivore,220,Wood,2,59,Diesel,20.5,3,1,5.4,32,5.288
China,Heavy Meat,696,Natural Gas,3,33,Diesel,3.9,3,0,4.5,12,7.47
Mexico,Heavy Meat,421,Natural Gas,5,71,Hybrid,40.6,3,0,2.6,2,3.748
USA,Pescatarian,265,Electric,5,27,None,4.2,1,1,3.6,21,2.127
India,Omnivore,168,Electric,5,37,None,13.6,2,1,1.8,24,3.588
South Africa,Vegetarian,414,Oil,3,37,Hybrid,17.0,2,1,3.6,30,6.903
China,Vegetarian,269,Oil,3,34,None,4.1,0,0,4.3,32,5.29
UK,Vegetarian,380,Heat Pump,1,29,Petrol,10.4,0,1,7.4,17,5.409
India,Omnivore,301,Electric,3,85,Petrol,27.0,1,0,1.4,57,4.809
India,Vegan,792,Electric,4,72,Petrol,3.0,5,1,3.6,31,7.447
India,Vegetarian,317,Natural Gas,4,49,None,22.3,1,2,8.0,36,4.658
USA,Vegetarian,242,Oil,3,85,None,8.9,3,1,5.1,0,4.308
India,Heavy Meat,476,Natural Gas,6,34,Diesel,9.3,1,0,5.7,0,4.457
China,Omnivore,552,Natural Gas,3,41,Petrol,16.6,1,1,2.4,28,7.831
